Dealer Name,Address,City,State,Zip,Phone,Contact Name,Contact Email,Website,Domains,Notes
Kendall Ford Lincoln of Anchorage,1950 Gambell,Anchorage,AK,99501,(907) 276-5300,Jeff Toth,,https://www.kendalllincolnanchorage.com/,kendalllincolnanchorage.com,Title: General Manager | Website: https://www.kendalllincolnanchorage.com/ | Source: https://www.kendalllincolnanchorage.com/dealership/staff.htm (no email published for this contact) | Brand: Lincoln
Seekins Ford Lincoln,1625 Seekins Ford Drive,Fairbanks,AK,99701,(907) 459-4000,Margaret Russell,,https://www.seekinslincoln.com/,seekinslincoln.com,Title: General Manager | Website: https://www.seekinslincoln.com/ | Source: https://www.seekinslincoln.com/staff (no email published for this contact) | Lead inbox: sales@seekins.com | Brand: Lincoln
Bondy's Lincoln,3615 Ross Clark Circle NW,Dothan,AL,36303,(334) 792-5171,,,https://www.bondyslincolndothan.com/,bondyslincolndothan.com,Website: https://www.bondyslincolndothan.com/ | Lead inbox: bondysbdc@bondysford.com | Staff page: no_staff_page | Brand: Lincoln
King Lincoln,615 Fob James Drive,Valley,AL,36854,(334) 756-7111,,,https://www.kinglincoln.net/,kinglincoln.net,Website: https://www.kinglincoln.net/ | Lead inbox: kingsales@knology.net | Staff page: blocked | Brand: Lincoln
Long-Lewis Lincoln of Cullman,5255 Highway 157,Cullman,AL,35058,(256) 734-3361,,,https://www.longlewislincolncullman.net/,longlewislincolncullman.net,Website: https://www.longlewislincolncullman.net/ | Staff page: blocked | Brand: Lincoln
Long-Lewis Lincoln of the Shoals,2800 Woodward Ave.,Muscle Shoals,AL,35661,(256) 386-7800,,,https://www.longlewislincolnsales.com/,longlewislincolnsales.com,Website: https://www.longlewislincolnsales.com/ | Lead inbox: tricia.lane@longlewis.net | Staff page: blocked | Brand: Lincoln
Long-Lewis of Hoover,2551 Highway 150,Hoover,AL,35244,(205) 989-3673,,,https://www.longlewislincolnofhoover.com/,longlewislincolnofhoover.com,Website: https://www.longlewislincolnofhoover.com/ | Staff page: blocked | Brand: Lincoln
Lowe Lincoln,801 West Grand Avenue,Rainbow City,AL,35906,(256) 442-9090,,,https://www.lowelincoln.com/,lowelincoln.com,Website: https://www.lowelincoln.com/ | Lead inbox: dlsales@bellsouth.net | Staff page: blocked | Brand: Lincoln
"Ray Pearman Lincoln, Inc",2501 Bob Wallace,Huntsville,AL,35805,(256) 536-7451,,,https://www.raypearman.com/,raypearman.com,Website: https://www.raypearman.com/ | Lead inbox: paige@raypearman.com | Staff page: blocked | Brand: Lincoln
Sandy Sansing Lincoln,27180 Highway 98,Daphne,AL,36526,(251) 626-7777,,,https://www.sandysansinglincoln.net/,sandysansinglincoln.net,Website: https://www.sandysansinglincoln.net/ | Staff page: blocked | Brand: Lincoln
Stivers Ford Lincoln,4000 Eastern Blvd.,Montgomery,AL,36116,(334) 613-5000,Dan Torgrimson,dtorgrimson@rothbardmotors.com,https://www.stiverslincolnofmontgomery.net/,stiverslincolnofmontgomery.net,Title: Sales Manager | Website: https://www.stiverslincolnofmontgomery.net/ | Source: https://www.stiverslincolnofmontgomery.com/staff/ | Lead inbox: sales@montgomeryfordlm.com | Brand: Lincoln
"Cavenaugh Ford Lincoln, LLC",2000 East Highland Dr.,Jonesboro,AR,72401,(870) 972-8000,,,https://www.cavenaughlincoln.com/,cavenaughlincoln.com,Website: https://www.cavenaughlincoln.com/ | Lead inbox: dcavenaugh@cavautogroup.com | Staff page: blocked | Brand: Lincoln
Cogswell Mtrs Inc,1900 East Main,Russellville,AR,72801,(479) 968-2665,,,https://www.cogswellmotorslincoln.net/,cogswellmotorslincoln.net,Website: https://www.cogswellmotorslincoln.net/ | Lead inbox: mnapier@cogswellmotors.com | Staff page: no_staff_page | Brand: Lincoln
Mark McLarty Lincoln,4400 Landers Road,North Little Rock,AR,72117,(501) 945-1200,Charles Archer,carcher@mclartyauto.com,https://www.markmclartylincoln.net/,markmclartylincoln.net,Title: Sales Manager | Website: https://www.markmclartylincoln.net/ | Source: https://www.markmclartylincoln.net/staff | Brand: Lincoln
McLarty Daniel Lincoln,2609 South Walton Boulevard,Bentonville,AR,72712,(479) 273-9022,,,https://www.mclartydaniellincoln.net/,mclartydaniellincoln.net,Website: https://www.mclartydaniellincoln.net/ | Lead inbox: jhooe@mclarty.com | Staff page: no_staff_page | Brand: Lincoln
Riser Lincoln,4201 Central Avenue,Hot Springs,AR,71913,(501) 525-0800,Stephen Williams,Swilliams@riserlincoln.com,https://www.riserlincoln.com/,riserlincoln.com,Title: Sales Manager | Website: https://www.riserlincoln.com/ | Source: https://www.RiserLincoln.com/dealership/staff.htm | Lead inbox: mattb@riserauto.com | Brand: Lincoln
Alexander Lincoln,801 E 32nd Street,Yuma,AZ,85365,(928) 344-2200,,,https://www.billalexanderlincoln.com/,billalexanderlincoln.com,Website: https://www.billalexanderlincoln.com/ | Lead inbox: billalexanderflm@salespoint.dealerconnection.com | Staff page: blocked | Brand: Lincoln
Camelback Lincoln,1330 E. Camelback Road,Phoenix,AZ,85014,(602) 464-7239,,,https://www.camelback-lincoln.com/,camelback-lincoln.com,Website: https://www.camelback-lincoln.com/ | Staff page: blocked | Brand: Lincoln
Fiesta Lincoln,1720 S Mesa Drive,Mesa,AZ,85210,(480) 813-4900,,,https://www.fiestalincolnofmesa.com/,fiestalincolnofmesa.com,Website: https://www.fiestalincolnofmesa.com/ | Lead inbox: fiestalmsales1@leadcrm.com | Staff page: blocked | Brand: Lincoln
Galpin Lincoln – Prescott,1000 Sandretto Drive,Prescott,AZ,86305,(928) 445-3673,,,https://www.galpinlincolnofprescott.com/,galpinlincolnofprescott.com,Website: https://www.galpinlincolnofprescott.com/ | Lead inbox: jbrock@galpinfordinc.com | Staff page: no_staff_page | Brand: Lincoln
Holmes Tuttle Lincoln,660 West Auto Mall Drive,Tucson,AZ,85705,(520) 292-3600,Dan Gonzalez,dgonzalez@jimclick.com,https://www.holmestuttlelincoln.com/,holmestuttlelincoln.com,Title: General Sales Manager | Website: https://www.holmestuttlelincoln.com/ | Source: https://www.holmestuttlelincoln.com/staff | Brand: Lincoln
Sanderson Lincoln – Phoenix,2121 W Bell Road,Phoenix,AZ,85023,(602) 375-7500,,,https://www.sandersonlincoln.net/,sandersonlincoln.net,Website: https://www.sandersonlincoln.net/ | Staff page: blocked | Brand: Lincoln
Sanderson Lincoln – Scottsdale,15345 N Scottsdale Rd,Scottsdale,AZ,85254,(480) 572-1400,,,https://www.sandersonlincoln.net/,sandersonlincoln.net,Website: https://www.sandersonlincoln.net/ | Staff page: blocked | Brand: Lincoln
Caruso Lincoln,3500 Cherry Avenue,Long Beach,CA,90807,(562) 426-3301,,,https://www.carusolincolnlongbeach.com/,carusolincolnlongbeach.com,Website: https://www.carusolincolnlongbeach.com/ | Lead inbox: sales@longbeachlincoln.com | Staff page: blocked | Brand: Lincoln
Cypress Coast Lincoln,#4 Geary Plaza,Seaside,CA,93955,(831) 899-8300,,,https://www.cypresscoastlincoln.net/,cypresscoastlincoln.net,Website: https://www.cypresscoastlincoln.net/ | Lead inbox: webmaster@vscc.com | Staff page: no_staff_page | Brand: Lincoln
Future Lincoln of Concord,2285 Diamond Blvd.,Concord,CA,94520,(925) 686-5000,,,https://www.futurelincolnofconcord.net/,futurelincolnofconcord.net,Website: https://www.futurelincolnofconcord.net/ | Lead inbox: atiedt@futurefordofconcord.com | Staff page: blocked | Brand: Lincoln
Future Lincoln of Roseville,650 Auto Mall Dr,Roseville,CA,95661,(916) 786-3673,,,https://www.futurelincolnofroseville.com/,futurelincolnofroseville.com,Website: https://www.futurelincolnofroseville.com/ | Lead inbox: ysalas@futureford.com | Staff page: blocked | Brand: Lincoln
Galpin Ford 101,21501 Ventura Blvd,Woodland Hills,CA,91364,(818) 884-7600,,,,,Brand: Lincoln
Galpin Lincoln – North Hills,8350 Langdon Ave.,North Hills,CA,91343,(888) 642-8277,,,https://www.galpinlincoln.net/,galpinlincoln.net,Website: https://www.galpinlincoln.net/ | Lead inbox: sales@galpin.dealerspace.com | Staff page: no_staff_page | Brand: Lincoln
Hansel Lincoln,3075 Corby Ave,Santa Rosa,CA,95407,(707) 543-7300,,,https://www.hansellincoln.net/,hansellincoln.net,Website: https://www.hansellincoln.net/ | Lead inbox: hanselfordlm@leadcrm.com | Staff page: no_staff_page | Brand: Lincoln
Jim Burke Lincoln,5300 Gasoline Alley Dr.,Bakersfield,CA,93313,(661) 837-6400,,,https://www.jimburkelincoln.net/,jimburkelincoln.net,Website: https://www.jimburkelincoln.net/ | Lead inbox: sales@burkeauto.com | Staff page: blocked | Brand: Lincoln
Keller Lincoln,1073 W. Cadillac Lane,Hanford,CA,93230,(559) 584-5531,Alex Goerzen,,https://www.kellerlincolnofhanford.com/,kellerlincolnofhanford.com,Title: General Sales Manager | Website: https://www.kellerlincolnofhanford.com/ | Source: https://www.kellerlincolnofhanford.com/dealership/staff.htm (no email published for this contact) | Brand: Lincoln
Lincoln South Coast,1405 Auto Mall Drive,Santa Ana,CA,92705,(844) 728-8789,,,https://www.lincolnsouthcoast.net/,lincolnsouthcoast.net,Website: https://www.lincolnsouthcoast.net/ | Staff page: blocked | Brand: Lincoln
Lithia Lincoln of Fresno,195 E. Auto Center Dr,Fresno,CA,93710,(559) 435-8400,,,https://www.lithia-lincolnoffresno.com/,lithia-lincolnoffresno.com,Website: https://www.lithia-lincolnoffresno.com/ | Lead inbox: fresnoford@assistcustomers.com | Staff page: blocked | Brand: Lincoln
Livermore Lincoln,2348 Kitty Hawk Road,Livermore,CA,94551,(925) 294-7700,,,https://www.livermorelincoln.net/,livermorelincoln.net,Website: https://www.livermorelincoln.net/ | Staff page: no_staff_page | Brand: Lincoln
Mcauley Motors Inc,744 West Main Street,Merced,CA,95340,(209) 722-2777,,,https://www.mcauleylincoln.com/,mcauleylincoln.com,Website: https://www.mcauleylincoln.com/ | Lead inbox: mcauleymotors@sbcglobal.net | Staff page: blocked | Brand: Lincoln
Norm Reeves Lincoln,18818 Studebaker Road,Cerritos,CA,90703,(562) 405-3500,,,https://www.normreeves-lincoln.net/,normreeves-lincoln.net,Website: https://www.normreeves-lincoln.net/ | Lead inbox: sales@cerritosford.com | Staff page: blocked | Brand: Lincoln
Palm Springs Lincoln,69 200 Highway 111,Cathedral City,CA,92234,(760) 328-2102,,,https://www.palmspringslincoln.net/,palmspringslincoln.net,Website: https://www.palmspringslincoln.net/ | Lead inbox: whays@palmspringsmotors.com | Staff page: blocked | Brand: Lincoln
Perry Lincoln,12200 Los Osos Valley Road,San Luis Obispo,CA,93405,(805) 544-5200,,,https://www.sanluislincoln.com/,sanluislincoln.com,Website: https://www.sanluislincoln.com/ | Lead inbox: perryslo@gmail.com | Staff page: blocked | Brand: Lincoln
Santa Maria Lincoln,1035 East Battles Road,Santa Maria,CA,93454,(805) 925-2445,,,https://www.santamarialincoln.com/,santamarialincoln.com,Website: https://www.santamarialincoln.com/ | Lead inbox: jgarcia@santamariaford.com | Staff page: blocked | Brand: Lincoln
Sedano Lincoln,8930 La Mesa Boulevard,La Mesa,CA,91942,(619) 358-5000,Manny Sedano,,https://www.sedanolincoln.net/,sedanolincoln.net,Title: Dealer Principal | Website: https://www.sedanolincoln.net/ | Source: https://www.sedanolincoln.com/staff.aspx (no email published for this contact) | Brand: Lincoln
South Bay Ford Lincoln,5100 W. Rosecrans Ave,Hawthorne,CA,90250,(310) 644-0211,Adolfo Toledo,,https://www.southbaylincoln.net/,southbaylincoln.net,Title: General Sales Manager | Website: https://www.southbaylincoln.net/ | Source: https://www.southbaylincoln.com/staff (no email published for this contact) | Lead inbox: ford@southbayford.com | Brand: Lincoln
Star Lincoln,1101 S Brand Blvd,Glendale,CA,91204,(818) 956-0977,,,https://www.starlincolnofglendale.net/,starlincolnofglendale.net,Website: https://www.starlincolnofglendale.net/ | Lead inbox: sales@starford.com | Staff page: no_staff_page | Brand: Lincoln
Stevens Creek Lincoln,3155 Stevens Creek Blvd.,San Jose,CA,95117,(833) 590-2781,,,https://www.stevenscreek-lincoln.net/,stevenscreek-lincoln.net,Website: https://www.stevenscreek-lincoln.net/ | Staff page: no_staff_page | Brand: Lincoln
Tuttle-Click Lincoln,43 Auto Center Drive,Irvine,CA,92618,(949) 472-5200,,,,,Brand: Lincoln
Durango Lincoln,1200 Carbon Junction,Durango,CO,81301,(970) 385-4822,,,https://www.lincolnofdurango.com/,lincolnofdurango.com,Website: https://www.lincolnofdurango.com/ | Staff page: blocked | Brand: Lincoln
Landmark Lincoln,5000 S Broadway,Englewood,CO,80113,(303) 761-1560,,,https://www.landmarklincoln.com/,landmarklincoln.com,Website: https://www.landmarklincoln.com/ | Lead inbox: fredw@landmarklincoln.com | Staff page: blocked | Brand: Lincoln
"Loveland Ford Lincoln, Inc.",3905 Mountain Lion Drive,Loveland,CO,80537,(970) 667-2220,Eric Malory,,https://www.lovelandlincoln.net/,lovelandlincoln.net,Title: General Sales Manager | Website: https://www.lovelandlincoln.net/ | Source: https://www.lovelandlincoln.com/staff (no email published for this contact) | Lead inbox: reservations@loveford.com | Brand: Lincoln
Phil Long Lincoln,1114 Motor City Drive,Colorado Springs,CO,80905,(719) 967-8251,,,https://www.phillonglincoln.com/,phillonglincoln.com,Website: https://www.phillonglincoln.com/ | Lead inbox: eschroeder@phillong.com | Staff page: blocked | Brand: Lincoln
Sill-TerHar Lincoln,150 Alter Street,Broomfield,CO,80020,(303) 469-1801,,,https://www.sthlincoln.com/,sthlincoln.com,Website: https://www.sthlincoln.com/ | Lead inbox: sales@sillterharmotors.dealerspace.com | Staff page: blocked | Brand: Lincoln
Crest Lincoln of Woodbridge,185 Amity Road,Woodbridge,CT,06525,(203) 389-7100,,,https://www.crestwoodbridge.com/,crestwoodbridge.com,Website: https://www.crestwoodbridge.com/ | Lead inbox: sales@crestautomall.com | Staff page: blocked | Brand: Lincoln
Hoffman Lincoln,600 Connecticut Bl,East Hartford,CT,06108,(860) 528-4811,,,https://www.hoffmanlincoln.net/,hoffmanlincoln.net,Website: https://www.hoffmanlincoln.net/ | Lead inbox: fordsales@hoffmanauto.com | Staff page: blocked | Brand: Lincoln
Lincoln of Milford,717 Bridgeport Avenue,Milford,CT,06460,(475) 327-2035,,,,,Lead inbox: stevensford@stevensautogroup.com | Brand: Lincoln
Shaker's Family Lincoln,831 Straits Turnpike,Watertown,CT,06795,(860) 484-7712,,,https://www.familylincoln.net/,familylincoln.net,Website: https://www.familylincoln.net/ | Lead inbox: sales@shakerfamilyfordlincoln.edealerhub.com | Staff page: blocked | Brand: Lincoln
Boulevard Ford,18443 Coastal Highway,Lewes,DE,19958,,,,,,Brand: Lincoln
Boulevard Lincoln,250 Delaware Avenue,Millsboro,DE,19966,(302) 856-2561,Jeremy Johnson,,https://www.boulevardlincoln.net/,boulevardlincoln.net,Title: General Sales Manager | Website: https://www.boulevardlincoln.net/ | Source: https://www.boulevardlincoln.com/staff (no email published for this contact) | Lead inbox: jb@prestonmotor.com | Brand: Lincoln
Carman Lincoln,193 S. Dupont Highway,New Castle,DE,19720,(302) 323-2300,Giacchino Lincoln,,https://www.carmanlincoln.com/,carmanlincoln.com,Title: Sales Manager | Website: https://www.carmanlincoln.com/ | Source: https://www.carmanlincoln.com/staff (no email published for this contact) | Brand: Lincoln
Hertrich Lincoln of Milford,1427 Bay Road,Milford,DE,19963,(302) 422-8071,,,https://www.hertrichlincolnofmilford.com/,hertrichlincolnofmilford.com,Website: https://www.hertrichlincolnofmilford.com/ | Lead inbox: kruffing@hertrichs.com | Staff page: blocked | Brand: Lincoln
Al Packer Lincoln,1530 North Military Trail,West Palm Beach,FL,33409,(561) 689-6550,Van Johnson,vjohnson@alpackerford.com,https://www.alpackerlincoln.net/,alpackerlincoln.net,Title: Sales Associate | Website: https://www.alpackerlincoln.net/ | Source: https://www.alpackerlincoln.net/staff | Lead inbox: admin@alpackerford.com | Brand: Lincoln
Al Piemonte Lincoln,6760 14th Street West,Bradenton,FL,34207,(941) 756-4004,,,https://www.karraslincoln.com/,karraslincoln.com,Website: https://www.karraslincoln.com/ | Lead inbox: akarraslm@aol.com | Staff page: blocked | Brand: Lincoln
Astro Lincoln,6350 Pensacola Blvd,Pensacola,FL,32505,(850) 478-8531,,,https://www.astrolincoln.net/,astrolincoln.net,Website: https://www.astrolincoln.net/ | Lead inbox: jtastro@yahoo.com | Staff page: no_staff_page | Brand: Lincoln
AutoNation Lincoln Orange Park,7700 Blanding Blvd.,Jacksonville,FL,32244,(904) 372-8639,,,https://www.autonationlincolnorangepark.com/,autonationlincolnorangepark.com,Website: https://www.autonationlincolnorangepark.com/ | Lead inbox: schepenr@autonation.com | Staff page: blocked | Brand: Lincoln
Bay Lincoln,641 West 15th Street,Panama City,FL,32401,(850) 785-1591,,,https://www.baylincolnpanamacity.com/,baylincolnpanamacity.com,Website: https://www.baylincolnpanamacity.com/ | Staff page: blocked | Brand: Lincoln
Beck Lincoln,420 N. Palm Ave.,Palatka,FL,32177,(386) 328-8881,,,https://www.becklincoln.com/,becklincoln.com,Website: https://www.becklincoln.com/ | Staff page: blocked | Brand: Lincoln
Bozard Lincoln,550 Outlet Mall Blvd.,Saint Augustine,FL,32084,(904) 824-1641,Jeff King,jking@bozardford.com,https://www.bozardlincoln.net/,bozardlincoln.net,Title: General Manager | Website: https://www.bozardlincoln.net/ | Source: https://www.bozardlincoln.net/staff | Lead inbox: sales@bozard.com | Brand: Lincoln
Central Florida Lincoln,2055 W. Colonial Drive,Orlando,FL,32804,(407) 841-4550,,,https://www.centralflorida-lincoln.com/,centralflorida-lincoln.com,Website: https://www.centralflorida-lincoln.com/ | Staff page: blocked | Brand: Lincoln
Doral Lincoln,9000 N.W. 12th Street,Doral,FL,33172,(786) 522-5351,,,https://www.dorallincoln.com/,dorallincoln.com,Website: https://www.dorallincoln.com/ | Staff page: no_staff_page | Brand: Lincoln
Ed Howard Lincoln,7110 S Tamiami Trail,Sarasota,FL,34231,(941) 921-4402,Mike Hillman,mhillman@edhowardautos.com,https://www.edhowardlincoln.net/,edhowardlincoln.net,Title: General Sales Manager | Website: https://www.edhowardlincoln.net/ | Source: https://www.edhowardlincoln.net/dealership/staff.htm | Lead inbox: sales@edhowardlincolnmercury.com | Brand: Lincoln
Gary Yeomans Lincoln,1420 North Tomoka Farms Road,Daytona Beach,FL,32124,(386) 253-6771,,,https://www.garyyeomanslincoln.net/,garyyeomanslincoln.net,Website: https://www.garyyeomanslincoln.net/ | Lead inbox: ccocco@anewford.com | Staff page: no_staff_page | Brand: Lincoln
Gary Yeomans Lincoln Ocala,2816 N W Pine Avenue,Ocala,FL,34475,(352) 732-4800,Candelora Lincoln,,https://www.garyyeomanslincolnocala.net/,garyyeomanslincolnocala.net,Title: Sales Manager | Website: https://www.garyyeomanslincolnocala.net/ | Source: https://www.garyyeomanslincolnocala.com/staff (no email published for this contact) | Brand: Lincoln
Germain Lincoln of Naples,13303 North Tamiami Trail,Naples,FL,34110,(239) 597-6011,,,https://www.germainlincolnofnaples.com/,germainlincolnofnaples.com,Website: https://www.germainlincolnofnaples.com/ | Staff page: blocked | Brand: Lincoln
Jarrett-Gordon Lincoln,3015 Lake Alfred Road,Winter Haven,FL,33881,(863) 320-1699,Michael Damelia,,https://www.jarrettgordonlincoln.net/,jarrettgordonlincoln.net,Title: General Sales Manager | Website: https://www.jarrettgordonlincoln.net/ | Source: https://www.jarrettgordonlincoln.net/dealership/staff.htm (no email published for this contact) | Lead inbox: sales@jarrettgordonwinterhaven.com | Brand: Lincoln
Jenkins Lincoln,941 E Main St,Lakeland,FL,33801,(863) 682-6151,,,https://www.jenkinslincoln.net/,jenkinslincoln.net,Website: https://www.jenkinslincoln.net/ | Lead inbox: jenkinslincoln@aol.com | Staff page: blocked | Brand: Lincoln
Jenkins Lincoln of Crystal River,2440 NW Highway 19,Crystal River,FL,34428,(352) 795-7371,,,https://www.jenkinslincolnofcrystalriver.net/,jenkinslincolnofcrystalriver.net,Website: https://www.jenkinslincolnofcrystalriver.net/ | Staff page: blocked | Brand: Lincoln
Lincoln North Miami,2300 NE 151st Street,North Miami,FL,33181,(305) 749-3754,,,https://www.lincolnnorthmiami.com/,lincolnnorthmiami.com,Website: https://www.lincolnnorthmiami.com/ | Staff page: blocked | Brand: Lincoln
Lincoln of Coconut Creek,5601 W. Sample Road,Coconut Creek,FL,33073,(954) 543-1050,,,https://www.lincolnofcoconutcreekfl.com/,lincolnofcoconutcreekfl.com,Website: https://www.lincolnofcoconutcreekfl.com/ | Staff page: blocked | Brand: Lincoln
Lincoln of Cutler Bay,11020 SW 186 Street,Miami,FL,33157,(786) 230-8105,,,https://www.lincolnofcutlerbay.net/,lincolnofcutlerbay.net,Website: https://www.lincolnofcutlerbay.net/ | Staff page: no_staff_page | Brand: Lincoln
Lincoln of Melbourne,6897 Bromley Drive,Melbourne,FL,32940,(321) 452-9220,,,https://www.lincolnmelbourne.net/,lincolnmelbourne.net,Website: https://www.lincolnmelbourne.net/ | Staff page: blocked | Brand: Lincoln
North Florida Lincoln,4620 Southside Boulevard,Jacksonville,FL,32216,(904) 642-4100,,,https://www.northfloridalincoln.net/,northfloridalincoln.net,Website: https://www.northfloridalincoln.net/ | Lead inbox: dclendening@lynchauto.com | Staff page: blocked | Brand: Lincoln
Parks Lincoln of Gainesville,3333 North Main Street,Gainesville,FL,32609,(352) 372-4251,Joseph Cox,jcox@parksofgainesville.com,https://www.parkslincolngainesville.com/,parkslincolngainesville.com,Title: General Sales Manager | Website: https://www.parkslincolngainesville.com/ | Source: https://www.parkslincolngainesville.com/staff | Lead inbox: webleads@gvilleauto.com | Brand: Lincoln
Parks Lincoln of Longwood,3505 N Hwy 17-92,Longwood,FL,32750,(888) 809-1730,,,https://www.parkslincolnoflongwood.net/,parkslincolnoflongwood.net,Website: https://www.parkslincolnoflongwood.net/ | Lead inbox: webleads@longwoodlm.com | Staff page: blocked | Brand: Lincoln
Parks Lincoln of Tampa,10505 N Florida Ave,Tampa,FL,33612,(800) 213-3457,Craig Randolph,,https://www.lincolnoftampa.com/,lincolnoftampa.com,Title: General Sales Manager | Website: https://www.lincolnoftampa.com/ | Source: https://www.lincolnoftampa.com/staff (no email published for this contact) | Lead inbox: webleads@tampabaylincoln.com | Brand: Lincoln
Parks Lincoln of Wesley Chapel,28647 State Rd 54 West,Wesley Chapel,FL,33543,,Craig Randolph,,https://www.lincolnoftampa.com/,lincolnoftampa.com,Title: General Sales Manager | Website: https://www.lincolnoftampa.com/ | Source: https://www.lincolnoftampa.com/staff (no email published for this contact) | Brand: Lincoln
Pines Lincoln,8655 Pines Boulevard,Pembroke Pines,FL,33024,(954) 443-7000,,,https://www.pineslincoln.com/,pineslincoln.com,Website: https://www.pineslincoln.com/ | Staff page: blocked | Brand: Lincoln
Plaza Lincoln,8925 US Highway 441,Leesburg,FL,34788,(352) 787-1255,,,https://www.plazalincolnofleesburg.net/,plazalincolnofleesburg.net,Website: https://www.plazalincolnofleesburg.net/ | Lead inbox: plazalincolnmercury@yahoo.com | Staff page: blocked | Brand: Lincoln
Rountree-Moore Lincoln,2588 West US Highway 90,Lake City,FL,32055,(386) 755-0630,Stephen Jones,,https://www.rountreemoorelincoln.net/,rountreemoorelincoln.net,Title: General Manager | Website: https://www.rountreemoorelincoln.net/ | Source: https://www.rountreemoorelincoln.com/dealership/staff.htm (no email published for this contact) | Brand: Lincoln
Sam Galloway Lincoln,1800 Boy Scout Dr.,Fort Myers,FL,33907,(239) 274-2355,,,https://www.samgallowaylincoln.net/,samgallowaylincoln.net,Website: https://www.samgallowaylincoln.net/ | Lead inbox: sales@sgallowayford.com | Staff page: blocked | Brand: Lincoln
Schumacher Lincoln of Delray,2102 South Federal Highway,Delray Beach,FL,33483,(561) 454-1800,,,https://www.schumacherlincolnofdelray.com/,schumacherlincolnofdelray.com,Website: https://www.schumacherlincolnofdelray.com/ | Staff page: blocked | Brand: Lincoln
Tasca Lincoln – Palm Harbor,30801 US Highway 19N,Palm Harbor,FL,34684,(727) 466-2000,,,https://www.tascalincolnfl.net/,tascalincolnfl.net,Website: https://www.tascalincolnfl.net/ | Staff page: blocked | Brand: Lincoln
Wallace Lincoln,5555 South US Highway 1,Fort Pierce,FL,34982,(772) 461-6060,,,https://www.wallacelincoln.com/,wallacelincoln.com,Website: https://www.wallacelincoln.com/ | Lead inbox: donkulcsar@wallaceautogroup.com | Staff page: no_staff_page | Brand: Lincoln
Allan Vigil Lincoln,6790 Mt. Zion Boulevard,Morrow,GA,30260,(678) 364-3673,Dennis Kerce,dennis@allanvigilford.com,https://www.allanvigillincoln.net/,allanvigillincoln.net,Title: General Manager | Website: https://www.allanvigillincoln.net/ | Source: https://www.allanvigillincoln.net/staff (name) + Lincoln dealer locator (email match) | Brand: Lincoln
Angela Krause Lincoln,1575 Mansell Road,Alpharetta,GA,30009,(770) 649-5100,,,https://www.angelakrauselincoln.com/,angelakrauselincoln.com,Website: https://www.angelakrauselincoln.com/ | Staff page: no_staff_page | Brand: Lincoln
"Billy Cain Ford-Lincoln of Cornelia, Inc.",1039 North Main Street,Cornelia,GA,30531,(706) 778-2121,,,,,Lead inbox: cainflm@alltel.net | Brand: Lincoln
Gerald Jones Lincoln,4333 Washington Road,Evans,GA,30809,(762) 246-2516,,,https://www.geraldjoneslincolnaugusta.net/,geraldjoneslincolnaugusta.net,Website: https://www.geraldjoneslincolnaugusta.net/ | Staff page: blocked | Brand: Lincoln
Griffin Lincoln,511 W. Seventh Street,Tifton,GA,31794,(229) 382-1300,Logan Harrison,,https://www.griffinlincolnoftifton.com/,griffinlincolnoftifton.com,Title: General Sales Manager | Website: https://www.griffinlincolnoftifton.com/ | Source: https://www.griffinlincolnoftifton.com/staff (no email published for this contact) | Lead inbox: sales@griffinfordlm.com | Brand: Lincoln
Hennessy Lincoln Atlanta,5785 Peachtree Industrial Boulevard,Atlanta,GA,30341,(770) 621-0200,,,https://www.hennessylincolnatlanta.com/,hennessylincolnatlanta.com,Website: https://www.hennessylincolnatlanta.com/ | Lead inbox: amber@hennessyford.com | Staff page: blocked | Brand: Lincoln
"J.C. Lewis Lincoln, LLC",9505 Abercorn Street,Savannah,GA,31406,(912) 298-0520,Patrick Kennedy,,https://www.jclewislincolnsavannahga.com/,jclewislincolnsavannahga.com,Title: General Sales Manager | Website: https://www.jclewislincolnsavannahga.com/ | Source: https://www.jclewislincolnsavannah.com/staff (no email published for this contact) | Brand: Lincoln
Paul Thigpen Ford Lincoln,2607 East First Street,Vidalia,GA,30474,(912) 537-3673,,,https://www.paulthigpenlincoln.com/,paulthigpenlincoln.com,Website: https://www.paulthigpenlincoln.com/ | Lead inbox: bryan_vidaliaford@yahoo.com | Staff page: blocked | Brand: Lincoln
Pugmire Lincoln of Marietta,"1865 Cobb Parkway, S.E.",Marietta,GA,30060,(770) 952-2261,Greg Arrington,,https://www.pugmire-lincoln.net/,pugmire-lincoln.net,Title: General Sales Manager | Website: https://www.pugmire-lincoln.net/ | Source: https://www.pugmirelincolnofmarietta.com/staff (no email published for this contact) | Lead inbox: eric@pugmire.com | Brand: Lincoln
Riverside Lincoln,2089 Riverside Dr.,Macon,GA,31204,(478) 464-2900,Kevin Franchi,,https://www.riversidelincolnmacon.com/,riversidelincolnmacon.com,Title: General Sales Manager | Website: https://www.riversidelincolnmacon.com/ | Source: https://www.riversidelincolnmacon.com/dealership/staff.htm (no email published for this contact) | Lead inbox: sales@riversideford.net | Brand: Lincoln
Robert Hutson Lincoln,2316 First Avenue S.E.,Moultrie,GA,31788,(229) 985-6603,,,https://www.roberthutsonlincoln.net/,roberthutsonlincoln.net,Website: https://www.roberthutsonlincoln.net/ | Lead inbox: roberthutson@alltel.net | Staff page: blocked | Brand: Lincoln
Valley Isle Lincoln,221 Puunene Avenue,Kahului,HI,96732,(808) 877-3673,,,https://www.valleyislelincoln.com/,valleyislelincoln.com,Website: https://www.valleyislelincoln.com/ | Lead inbox: mbanner@valleyislemotors.com | Staff page: blocked | Brand: Lincoln
Ames Lincoln,123 Airport Road,Ames,IA,50010,(515) 233-1913,Merrill Lincoln,,https://www.ameslincoln.com/,ameslincoln.com,Title: Sales Manager | Website: https://www.ameslincoln.com/ | Source: https://www.ameslincoln.com/dealership/staff.htm (no email published for this contact) | Brand: Lincoln
Colwell Lincoln,215 15th Street S.W.,Mason City,IA,50401,(641) 424-8550,,,,,Brand: Lincoln
"Don Pierson Ford-Lincoln, Inc.",118 11th St- SW Plaza,Spencer,IA,51301,(712) 262-5750,,,,,Lead inbox: dpford@donpiersonford.com | Brand: Lincoln
Fort Dodge Ford Lincoln,2723 5th Ave. South,Fort Dodge,IA,50501,(515) 576-7505,,,,,Lead inbox: sales@fdford.com | Brand: Lincoln
John Deery Motors Inc,6823 University Avenue,Cedar Falls,IA,50613,(319) 277-6200,,,,,Lead inbox: deery@deery.com | Brand: Lincoln
"Junge Lincoln, Inc.",1200 Boyson Road,Hiawatha,IA,52233,(319) 393-6500,,,,,Lead inbox: lmi@junge.com | Brand: Lincoln
Rydell Lincoln,2000 Enterprise Drive East,Independence,IA,50644,(319) 334-6033,Jacob Halbur,,https://www.rydelllincoln.com/,rydelllincoln.com,Title: General Manager | Website: https://www.rydelllincoln.com/ | Source: https://www.rydelllincoln.com/staff.aspx (no email published for this contact) | Brand: Lincoln
Shottenkirk Ford Lincoln,309 South Gear Avenue,West Burlington,IA,52655,(319) 753-2866,,,,,Lead inbox: sales@shottenkirksuperstore.com | Brand: Lincoln
Sioux City Lincoln,3601 Singing Hills Blvd.,Sioux City,IA,51106,(712) 277-8420,,,,,Lead inbox: sales@siouxcityford.com | Brand: Lincoln
"Steve Link Ford Lincoln, Inc.",916 West Street,Grinnell,IA,50112,(641) 236-3172,,,,,Lead inbox: link@iowatelecom.net | Brand: Lincoln
Stivers Lincoln,1450 East Highway 6,Waukee,IA,50263,(515) 987-3697,CHRISTOPHER HECK,,https://www.stiverslincolnwaukee.com/,stiverslincolnwaukee.com,Title: General Sales Manager | Website: https://www.stiverslincolnwaukee.com/ | Source: https://www.stiverslincolnwaukee.com/staff (no email published for this contact) | Lead inbox: inquire@stiversfordia.com | Brand: Lincoln
Ulrich Lincoln,1130 West 16th Street,Pella,IA,50219,(641) 628-2184,,,,,Lead inbox: todd@ulrichford.com | Brand: Lincoln
Kendall Lincoln Treasure Valley,178 East Overland Road,Meridian,ID,83642,(208) 498-1901,,,https://www.kendalllincolntreasurevalley.net/,kendalllincolntreasurevalley.net,Website: https://www.kendalllincolntreasurevalley.net/ | Staff page: blocked | Brand: Lincoln
Middlekauff Ford Lincoln,1243 Blue Lakes Blvd. North,Twin Falls,ID,83301,(208) 736-2480,,,,,Lead inbox: tmartinez@bigmdirect.com | Brand: Lincoln
Mountain Home Auto Ranch,2800 American Legion Blvd.,Mountain Home,ID,83647,(888) 229-8919,,,,,Lead inbox: kimsmith@mhautoranch.com | Brand: Lincoln
"Bob Ridings Westown Ford, Lincoln",1312 W Morton Rd,Jacksonville,IL,62650,(217) 245-7101,,,,,Lead inbox: buyford@dtnspeed.net | Brand: Lincoln
Buss Lincoln,111 State Rte 31,McHenry,IL,60050,(815) 385-2000,,,https://www.busslincoln.com/,busslincoln.com,Website: https://www.busslincoln.com/ | Lead inbox: sales@bussford.com | Staff page: no_staff_page | Brand: Lincoln
Champaign Lincoln,701 West Marketview Drive,Champaign,IL,61822,(217) 352-0462,,,https://www.champaignfordcitylincoln.com/,champaignfordcitylincoln.com,Website: https://www.champaignfordcitylincoln.com/ | Staff page: blocked | Brand: Lincoln
Fair Oaks Lincoln,1564 West Ogden Avenue,Naperville,IL,60540,(630) 357-7100,John Krajnovich,jkrajnovich@fairoakslincoln.com,https://www.fairoakslincoln.com/,fairoakslincoln.com,Title: General Sales Manager | Website: https://www.fairoakslincoln.com/ | Source: https://www.fairoakslincoln.com/staff | Brand: Lincoln
"Green Lincoln, Inc.",3760 South 6th Street,Springfield,IL,62703,(217) 391-2400,,,https://www.greenlincolnofspringfield.net/,greenlincolnofspringfield.net,Website: https://www.greenlincolnofspringfield.net/ | Lead inbox: mifairfield@greenstores.net | Staff page: blocked | Brand: Lincoln
Heller Lincoln of Pontiac,720 S. Deerfield,Pontiac,IL,61764,(815) 842-1128,,,https://www.hellerlincoln.net/,hellerlincoln.net,Website: https://www.hellerlincoln.net/ | Lead inbox: martyheller@hellerstores.com | Staff page: no_staff_page | Brand: Lincoln
Highland Park Lincoln,1333 Park Avenue West,Highland Park,IL,60035,(847) 433-7200,Chuck Benkiel,,https://www.lincolnofhighlandpark.com/,lincolnofhighlandpark.com,Title: General Manager | Website: https://www.lincolnofhighlandpark.com/ | Source: https://www.lincolnofhighlandpark.com/dealership/staff.htm (no email published for this contact) | Lead inbox: lincolnmercury@comcast.net | Brand: Lincoln
"Jim Xamis Ford, Lincoln, Inc.",2301 Woodlawn Rd,Lincoln,IL,62656,(217) 732-2111,,,,,Lead inbox: matt@jimxamis.com | Brand: Lincoln
Joe Rizza Lincoln,8100 W. 159th Street,Orland Park,IL,60462,(708) 403-0300,Gary Precin,,https://www.joerizzalincolnoforlandpark.com/,joerizzalincolnoforlandpark.com,Title: General Manager | Website: https://www.joerizzalincolnoforlandpark.com/ | Source: https://www.joerizzalincolnoforlandpark.com/staff (no email published for this contact) | Lead inbox: estore@rizzacars.com | Brand: Lincoln
"Libertyville Lincoln Sales, Inc.",941 S Milwaukee Avenue,Libertyville,IL,60048,(847) 367-1700,James Won,james@libertyville-lincoln.com,https://www.libertyville-lincoln.com/,libertyville-lincoln.com,Title: Sales Consultant | Website: https://www.libertyville-lincoln.com/ | Source: https://www.libertyville-lincoln.com/staff | Lead inbox: sales@libertyvillelincoln.com | Brand: Lincoln
Lincoln of Mt. Vernon,1501 Broadway,Mount Vernon,IL,62864,(618) 242-8600,,,https://www.lincolnsquareofmountvernon.com/,lincolnsquareofmountvernon.com,Website: https://www.lincolnsquareofmountvernon.com/ | Lead inbox: fordsquare@mvn.net | Staff page: no_staff_page | Brand: Lincoln
Lincoln of Normal,1430 Fort Jesse Road,Normal,IL,61761,(309) 888-1000,,,https://www.lincolnofnormal.com/,lincolnofnormal.com,Website: https://www.lincolnofnormal.com/ | Staff page: no_staff_page | Brand: Lincoln
Murgado Lincoln of Chicago,2501 North Elston Avenue,Chicago,IL,60647,(773) 687-7800,,,https://www.murgadolincolnchicago.net/,murgadolincolnchicago.net,Website: https://www.murgadolincolnchicago.net/ | Staff page: no_staff_page | Brand: Lincoln
Napleton Lincoln,1610 Waukegan Road,Glenview,IL,60025,(847) 416-2103,,,https://www.napletonlincolninglenview.com/,napletonlincolninglenview.com,Website: https://www.napletonlincolninglenview.com/ | Lead inbox: napleton@aol.com | Staff page: blocked | Brand: Lincoln
Napleton Lincoln of Schaumburg,1200 East Golf Road,Schaumburg,IL,60173,(847) 280-9795,,,https://www. napletonlincolnschaumburg.net/, napletonlincolnschaumburg.net,Website: https://www. napletonlincolnschaumburg.net/ | Staff page: no_staff_page | Brand: Lincoln
"Napleton's River Oaks Lincoln, LLC",1777 River Oaks Drive,Calumet City,IL,60409,(708) 550-4050,Bill Havican,,https://www.napletonsriveroakslincoln.com/,napletonsriveroakslincoln.com,Title: General Sales Manager | Website: https://www.napletonsriveroakslincoln.com/ | Source: https://www.napletonlincolnriveroaks.com/staff (no email published for this contact) | Brand: Lincoln
Northside Lincoln,1312 N. Keller Drive,Effingham,IL,62401,(217) 342-3929,,,https://www.northsidelincoln.com/,northsidelincoln.com,Website: https://www.northsidelincoln.com/ | Lead inbox: jay.myers@effinghamford.com | Staff page: blocked | Brand: Lincoln
Ogden Lincoln of Westmont,100 West Ogden Avenue,Westmont,IL,60559,(630) 968-5600,,,https://www.ogdenlincolnofwestmont.com/,ogdenlincolnofwestmont.com,Website: https://www.ogdenlincolnofwestmont.com/ | Staff page: blocked | Brand: Lincoln
Pilson Lincoln,2000 Lakeland Blvd,Mattoon,IL,61938,(217) 234-6461,,,https://www.danpilsonlincoln.com/,danpilsonlincoln.com,Website: https://www.danpilsonlincoln.com/ | Lead inbox: pilsonauto@consolidated.net | Staff page: blocked | Brand: Lincoln
Wickstrom Lincoln,600 W Northwest Highway,Barrington,IL,60010,(847) 381-8850,,,https://www.wickstromlincoln.net/,wickstromlincoln.net,Website: https://www.wickstromlincoln.net/ | Lead inbox: ecommerce@wickmail.com | Staff page: blocked | Brand: Lincoln
Art Hill Lincoln,901 W Lincoln Highway,Merrillville,IN,46410,(219) 738-5300,,,https://www.arthilllincoln.net/,arthilllincoln.net,Website: https://www.arthilllincoln.net/ | Lead inbox: info@arthillford.com | Staff page: no_staff_page | Brand: Lincoln
Bob Thomas Lincoln,310 W. Coliseum Blvd.,Fort Wayne,IN,46805,(260) 482-4456,,,https://www.bobthomaslincoln.net/,bobthomaslincoln.net,Website: https://www.bobthomaslincoln.net/ | Lead inbox: fordsales@dnford.com | Staff page: no_staff_page | Brand: Lincoln
Community Lincoln of Bloomington,2200 S Walnut St,Bloomington,IN,47401,(812) 331-2200,,,,,Lead inbox: jrouten@autovest.com | Brand: Lincoln
D-Patrick Lincoln,1100 E Walnut Street,Evansville,IN,47714,(812) 428-7800,,,https://www.dpatricklincoln.net/,dpatricklincoln.net,Website: https://www.dpatricklincoln.net/ | Lead inbox: leads@dpatrickford.motosnap.com | Staff page: blocked | Brand: Lincoln
Ford Lincoln of Lafayette,2051 Sagamore Parkway S.,Lafayette,IN,47905,(765) 447-9444,,,https://www.lafayettelincolnin.net/,lafayettelincolnin.net,Website: https://www.lafayettelincolnin.net/ | Staff page: blocked | Brand: Lincoln
Gurley Leep Lincoln,320 E Ireland Road,South Bend,IN,46614,(574) 291-6910,,,https://www.gurleyleeplincoln.net/,gurleyleeplincoln.net,Website: https://www.gurleyleeplincoln.net/ | Lead inbox: info@gurleyleepford.com | Staff page: no_staff_page | Brand: Lincoln
"Max Platt Ford-Lincoln, Inc.",1002 West North St.,Kendallville,IN,46755,(260) 347-3153,,,,,Lead inbox: jeff.platt@maxplattford.com | Brand: Lincoln
Oliver Lincoln,1001 East Jefferson Street,Plymouth,IN,46563,(574) 935-1001,Oliver III,john.oliver@oliverford.com,https://www.oliverlincolnsales.com/,oliverlincolnsales.com,Title: General Manager | Website: https://www.oliverlincolnsales.com/ | Source: https://www.oliverlincoln.com/staff | Lead inbox: oliverfordlincoln@gmail.com | Brand: Lincoln
"Tom Roush, Inc. dba Tom Roush Lincoln",13927 Trade Center Drive,Fishers,IN,46038,(317) 896-5561,,,https://www.tomroushlincolnwestfield.com/,tomroushlincolnwestfield.com,Website: https://www.tomroushlincolnwestfield.com/ | Lead inbox: jhawes@tomroush.com | Staff page: no_staff_page | Brand: Lincoln
Zeigler Lincoln of Elkhart,2525 By-Pass Rd,Elkhart,IN,46514,(574) 294-1563,,,https://www.haroldzeiglerlincoln.com/,haroldzeiglerlincoln.com,Website: https://www.haroldzeiglerlincoln.com/ | Lead inbox: carlyeldridge@haroldzeigler.com | Staff page: no_staff_page | Brand: Lincoln
"Eddy's Lincoln, LLC",8701 E. Kellogg,Wichita,KS,67207,(316) 272-5400,,,https://www.eddyslincoln.com/,eddyslincoln.com,Website: https://www.eddyslincoln.com/ | Staff page: blocked | Brand: Lincoln
Mike Carpino Lincoln,1097 S. 69 Hwy,Pittsburg,KS,66762,(620) 231-2450,,,https://www.mikecarpinolincoln.com/,mikecarpinolincoln.com,Website: https://www.mikecarpinolincoln.com/ | Staff page: no_staff_page | Brand: Lincoln
Olathe Lincoln,1845 E Santa Fe,Olathe,KS,66062,(913) 782-0881,,,https://www.olathelincoln.net/,olathelincoln.net,Website: https://www.olathelincoln.net/ | Lead inbox: olathe@olatheford.com | Staff page: no_staff_page | Brand: Lincoln
"Tubbs & Sons Ford Sales, Inc.",810 South Range,Colby,KS,67701,(785) 460-6746,,,,,Lead inbox: fordcars@st-tel.net | Brand: Lincoln
Bill Collins Lincoln,4220 Bardstown Road,Louisville,KY,40218,(502) 459-9550,Collins Executive,,https://www.billcollinslincolnoflouisville.com/,billcollinslincolnoflouisville.com,Title: General Manager | Website: https://www.billcollinslincolnoflouisville.com/ | Source: https://www.billcollinslincolnoflouisville.com/staff (no email published for this contact) | Lead inbox: sales@billcollinsford.com | Brand: Lincoln
Bruce Walters Ford Sales Inc,302 South Mayo Trail,Pikeville,KY,41501,(606) 444-2200,,,https://www.brucewalterslincoln.com/,brucewalterslincoln.com,Website: https://www.brucewalterslincoln.com/ | Lead inbox: kirbywalters1@yahoo.com | Staff page: no_staff_page | Brand: Lincoln
Dan Cummins Lincoln,4080 Lexington Road,Nicholasville,KY,40356,(859) 271-1800,Mark Hunt,,https://www.dancumminslincoln.net/,dancumminslincoln.net,Title: General Sales Manager | Website: https://www.dancumminslincoln.net/ | Source: https://www.dancumminslincoln.com/staff (no email published for this contact) | Brand: Lincoln
Don Franklin Lincoln,388 W. Hwy. 192,London,KY,40741,(606) 864-3555,Gary Marvich,,https://www.donfranklinlincoln.net/,donfranklinlincoln.net,Title: General Manager | Website: https://www.donfranklinlincoln.net/ | Source: https://www.donfranklinlincoln.net/staff (no email published for this contact) | Brand: Lincoln
Don Franklin Lincoln Elizabethtown,1505 N Dixie Highway,Elizabethtown,KY,42701,(270) 737-2460,Scott Keyland,,https://www.donfranklin-lincoln.com/,donfranklin-lincoln.com,Title: General Manager | Website: https://www.donfranklin-lincoln.com/ | Source: https://www.donfranklin-lincoln.com/staff (no email published for this contact) | Lead inbox: billpinkham11@aol.com | Brand: Lincoln
Dutch Miller Lincoln of Ashland,2119 Greenup Avenue,Ashland,KY,41101,(606) 329-2120,,,https://www.dutchmillerlincolnashland.net/,dutchmillerlincolnashland.net,Website: https://www.dutchmillerlincolnashland.net/ | Staff page: no_staff_page | Brand: Lincoln
Gates Lincoln,6012 Atwood Drive,Richmond,KY,40475,(859) 623-3252,,,https://www.gateslincolnmotorcars.com/,gateslincolnmotorcars.com,Website: https://www.gateslincolnmotorcars.com/ | Staff page: no_staff_page | Brand: Lincoln
Gillie Hyde Lincoln,610 Happy Valley Road,Glasgow,KY,42141,(270) 651-2125,,,https://www.gilliehydelincoln.com/,gilliehydelincoln.com,Website: https://www.gilliehydelincoln.com/ | Lead inbox: support@gilliehyde.com | Staff page: blocked | Brand: Lincoln
Greenwood Lincoln,3075 Scottsville Road,Bowling Green,KY,42104,(270) 843-9041,Jeff Keyes,,https://www.greenwoodlincoln.com/,greenwoodlincoln.com,Title: General Manager | Website: https://www.greenwoodlincoln.com/ | Source: https://www.greenwoodlincoln.com/staff (no email published for this contact) | Lead inbox: joshgilpin@greenwoodfordlincoln.com | Brand: Lincoln
Mike Castrucci Lincoln of Alexandria,7400 Alexandria Pike,Alexandria,KY,41001,(859) 448-9400,,,https://www.mikecastruccilincoln.com/,mikecastruccilincoln.com,Website: https://www.mikecastruccilincoln.com/ | Staff page: blocked | Brand: Lincoln
Purchase Lincoln,1352 Highway 45 North,Mayfield,KY,42066,(270) 247-9300,,,,,Brand: Lincoln
Tim Short Lincoln,109 Rockwood Lane,Hazard,KY,41701,(606) 436-5239,,,https://www.timshortlincoln.com/,timshortlincoln.com,Website: https://www.timshortlincoln.com/ | Lead inbox: mtford1@alltel.net | Staff page: blocked | Brand: Lincoln
Courtesy Lincoln – Lafayette,4010 Ambassador Caffery Parkway,Lafayette,LA,70503,(337) 984-5100,Rick Boyer,,https://www.courtesylincolnoflafayette.com/,courtesylincolnoflafayette.com,Title: General Manager | Website: https://www.courtesylincolnoflafayette.com/ | Source: https://www.courtesylincolnportland.com/dealership/staff.htm (no email published for this contact) | Brand: Lincoln
Group 1 Lincoln of Shreveport,8770 Business Park Drive,Shreveport,LA,71105,(318) 798-3673,,,https://www.group1lincolnshreveport.net/,group1lincolnshreveport.net,Website: https://www.group1lincolnshreveport.net/ | Staff page: blocked | Brand: Lincoln
Lamarque Lincoln,3101 Williams Blvd.,Kenner,LA,70065,(504) 463-1200,,,https://www.lamarquelincoln.com/,lamarquelincoln.com,Website: https://www.lamarquelincoln.com/ | Staff page: blocked | Brand: Lincoln
Robinson Brothers Lincoln,11455 Airline Highway,Baton Rouge,LA,70816,(225) 293-8900,Jack Vaughn,,https://www.robinsonlincoln.com/,robinsonlincoln.com,Title: General Sales Manager | Website: https://www.robinsonlincoln.com/ | Source: https://www.robinsonlincoln.com/dealership/staff.htm (no email published for this contact) | Brand: Lincoln
Sterling Lincoln,5524 I-49 North Service Road,Opelousas,LA,70570,(337) 942-2686,,,https://www.sterlinglincolnofopelousas.com/,sterlinglincolnofopelousas.com,Website: https://www.sterlinglincolnofopelousas.com/ | Staff page: no_staff_page | Brand: Lincoln
Terrebonne Lincoln,1100 West Tunnel Boulevard,Houma,LA,70360,(985) 876-5100,,,https://www.terrebonnelincoln.com/,terrebonnelincoln.com,Website: https://www.terrebonnelincoln.com/ | Lead inbox: rkuschov@terrebonneford.com | Staff page: blocked | Brand: Lincoln
Vaughn Ford Lincoln,835 Highway 165 South,Oakdale,LA,71463,(318) 335-0710,,,,,Brand: Lincoln
"Gervais Lincoln, Inc.",24 Reiss Avenue,Lowell,MA,01851,(978) 454-5696,,,https://www.gervaislincoln.net/,gervaislincoln.net,Website: https://www.gervaislincoln.net/ | Lead inbox: sales@gervaislm.com | Staff page: blocked | Brand: Lincoln
Herb Chambers Lincoln Norwood,1130 Providence Highway,Norwood,MA,02062,(781) 326-7000,,,https://www.hclincolnnorwood.com/,hclincolnnorwood.com,Website: https://www.hclincolnnorwood.com/ | Staff page: blocked | Brand: Lincoln
Herb Chambers Lincoln Westborough,75 Otis Street,Westborough,MA,01581,,,,,,Brand: Lincoln
Sarat Lincoln,245 Springfield St,Agawam,MA,01001,(413) 786-0430,,,https://www.saratlincoln.net/,saratlincoln.net,Website: https://www.saratlincoln.net/ | Lead inbox: saratford@aol.com | Staff page: blocked | Brand: Lincoln
Sentry Lincoln,4100 Mystic Valley Parkway,Medford,MA,02155,(781) 391-5700,,,https://www.sentrylincolnofmedford.com/,sentrylincolnofmedford.com,Website: https://www.sentrylincolnofmedford.com/ | Lead inbox: noreply@sentryautogroup.com | Staff page: no_staff_page | Brand: Lincoln
Apple Lincoln,8800 Stanford Blvd,Columbia,MD,21045,(410) 290-1100,Ned Doetsch,ned@appleford.com,https://www.applelincoln.net/,applelincoln.net,Title: New Car Sales Manager | Website: https://www.applelincoln.net/ | Source: https://www.applelincoln.net/dealership/staff.htm | Lead inbox: sales@appleford.com | Brand: Lincoln
Bob Davidson Lincoln,1845 East Joppa Road,Baltimore,MD,21234,(410) 661-6400,,,https://www.bobdavidsonlincoln.net/,bobdavidsonlincoln.net,Website: https://www.bobdavidsonlincoln.net/ | Lead inbox: bdf6400@aol.com | Staff page: blocked | Brand: Lincoln
Koons Lincoln of Annapolis,2540 Riva Road,Annapolis,MD,21401,(410) 224-2100,,,https://www.lincolnofannapolis.com/,lincolnofannapolis.com,Website: https://www.lincolnofannapolis.com/ | Lead inbox: jwooden@koonsford.com | Staff page: blocked | Brand: Lincoln
Koons Lincoln of Bethesda – Bethesda,7315 Wisconsin Avenue,Bethesda,MD,20814,,,,,,Staff page: no_staff_page | Brand: Lincoln
Koons Lincoln of Bethesda – Silver Spring,3111 Automobile Blvd.,Silver Spring,MD,20904,(301) 890-6100,,,https://www.koonssilverspringlincoln.com/,koonssilverspringlincoln.com,Website: https://www.koonssilverspringlincoln.com/ | Staff page: no_staff_page | Brand: Lincoln
Lexington Park Lincoln,22659 Three Notch Road,California,MD,20619,(301) 863-8111,Steve Raley,sraley@lexingtonparklincoln.com,https://www.lexingtonparklincoln.com/,lexingtonparklincoln.com,Title: General Manager | Website: https://www.lexingtonparklincoln.com/ | Source: https://www.lexingtonparklincoln.com/staff | Brand: Lincoln
Sheehy Lincoln of Gaithersburg,901 North Frederick Avenue,Gaithersburg,MD,20879,(301) 258-1015,Shawn Lynes,,https://www.sheehylincolngaithersburg.com/,sheehylincolngaithersburg.com,Title: General Manager | Website: https://www.sheehylincolngaithersburg.com/ | Source: https://www.sheehylincolngaithersburg.com/staff (no email published for this contact) | Lead inbox: sheehyfordgsales1@leadcrm.com | Brand: Lincoln
Rowe Lincoln,91 Main Street,Westbrook,ME,04092,(800) 872-7693,,,https://www.rowelincolnofwestbrook.com/,rowelincolnofwestbrook.com,Website: https://www.rowelincolnofwestbrook.com/ | Lead inbox: jstubinski@roweford.com | Staff page: blocked | Brand: Lincoln
"Bell Lincoln, Inc.",4510 W US 223,Adrian,MI,49221,(517) 265-8187,Gary Lundy,,https://www.belllincolnofadrian.com/,belllincolnofadrian.com,Title: Sales Manager | Website: https://www.belllincolnofadrian.com/ | Source: https://www.belllincolnofadrian.com/dealership/staff.htm (no email published for this contact) | Lead inbox: daveknappford@knappmotors.com | Brand: Lincoln
"Bob Maxey Lincoln, Inc.",16901 Mack Avenue,Detroit,MI,48224,(313) 885-4000,Marty Rutkowski,,https://www.bobmaxeylincolnsales.com/,bobmaxeylincolnsales.com,Title: New Car Sales Manager | Website: https://www.bobmaxeylincolnsales.com/ | Source: https://www.bobmaxeylincoln.com/staff (no email published for this contact) | Lead inbox: michael.maxey@bobmaxeylm.com | Brand: Lincoln
"Crest Lincoln, Inc.",36200 Van Dyke,Sterling Heights,MI,48312,(866) 353-2270,Johnson Asst.,,https://www.crestlincolnsterlingheights.com/,crestlincolnsterlingheights.com,Title: Sales Manager | Website: https://www.crestlincolnsterlingheights.com/ | Source: https://www.crestlincoln.com/staff.aspx (no email published for this contact) | Lead inbox: crest@crestlm.com | Brand: Lincoln
Fox Lincoln Grand Traverse,3464 N. U.S. 31 South,Traverse City,MI,49684,(231) 922-2000,Adam Rahilly,,https://www.foxlincolngrandtraverse.com/,foxlincolngrandtraverse.com,Title: General Sales Manager | Website: https://www.foxlincolngrandtraverse.com/ | Source: https://www.foxlincolngrandtraverse.com/dealership/staff.htm (no email published for this contact) | Brand: Lincoln
Friendly Lincoln,2800 N. Telegraph,Monroe,MI,48162,(734) 243-6000,Nicole Ernst,,https://www.friendlylincoln.com/,friendlylincoln.com,Title: General Manager | Website: https://www.friendlylincoln.com/ | Source: https://www.Friendlylincoln.com/staff (no email published for this contact) | Lead inbox: customerassistance@friendly4d.com | Brand: Lincoln
"Hines Park Lincoln, Inc.",40601 Ann Arbor Road,Plymouth,MI,48170,(866) 979-3919,Naszradi Dealership,,https://www.hinesparklincoln.com/,hinesparklincoln.com,Title: General Manager | Website: https://www.hinesparklincoln.com/ | Source: https://www.hinesparklincoln.com/staff (no email published for this contact) | Lead inbox: info@hinespark.com | Brand: Lincoln
"Jack Demmer Lincoln, Inc.",21531 Michigan Avenue,Dearborn,MI,48124,(313) 274-8800,,,https://www.jackdemmerlincoln.net/,jackdemmerlincoln.net,Website: https://www.jackdemmerlincoln.net/ | Lead inbox: info@aplanheadquarters.com | Staff page: blocked | Brand: Lincoln
LaFontaine Lincoln,2219 W. Hill Road,Flint,MI,48507,(810) 659-5687,Jon Bauer,,https://www.lafontainelincoln.net/,lafontainelincoln.net,Title: General Manager | Website: https://www.lafontainelincoln.net/ | Source: https://www.lafontainelincoln.com/staff (no email published for this contact) | Brand: Lincoln
LaFontaine Lincoln Grand Rapids,2424 28th Street SE,Grand Rapids,MI,49512,(616) 616-1218,Jeffery Crouch,,https://www.lafontainelincolngrandrapids.net/,lafontainelincolngrandrapids.net,Title: General Sales Manager | Website: https://www.lafontainelincolngrandrapids.net/ | Source: https://www.lafontainelincolngrandrapids.com/staff (no email published for this contact) | Brand: Lincoln
Lakeview Lincoln,295 Dickman Road,Battle Creek,MI,49037,(269) 965-7771,,,,,Brand: Lincoln
Lincoln of Midland,500 Joe Mann Blvd.,Midland,MI,48642,(989) 631-0040,,,https://www.midlandlincoln.com/,midlandlincoln.com,Website: https://www.midlandlincoln.com/ | Lead inbox: midlandflm@hotmail.com | Staff page: no_staff_page | Brand: Lincoln
Lincoln of Troy,1950 West Maple Rd.,Troy,MI,48084,(248) 643-6600,Timothy Carey,,https://www.lincolnoftroy.com/,lincolnoftroy.com,Title: New Car Sales Manager | Website: https://www.lincolnoftroy.com/ | Source: https://www.lincolnoftroy.com/staff (no email published for this contact) | Brand: Lincoln
Morrie's Grand Ledge Ford/Morrie's Grand Ledge Lincoln,6080 East Saginaw Hwy.,Grand Ledge,MI,48837,(517) 627-8100,,,https://www.grandledgelincoln.net/,grandledgelincoln.net,Website: https://www.grandledgelincoln.net/ | Staff page: no_staff_page | Brand: Lincoln
Northgate Lincoln,3600 Pine Grove Ave.,Port Huron,MI,48060,(810) 984-5011,Internet and,,https://www.northgatelincolnofporthuron.com/,northgatelincolnofporthuron.com,Title: Sales Specialist | Website: https://www.northgatelincolnofporthuron.com/ | Source: https://www.NorthGateLincolnofPortHuron.com/aboutus.aspx (no email published for this contact) | Lead inbox: sales@northgateford.com | Brand: Lincoln
Sesi Lincoln,3990 Jackson Road,Ann Arbor,MI,48103,(734) 668-6100,,,https://www.annarborlincoln.com/,annarborlincoln.com,Website: https://www.annarborlincoln.com/ | Lead inbox: a2sales@sesimotors.com | Staff page: no_staff_page | Brand: Lincoln
"Southgate Lincoln, LLC",16800 Fort Street,Southgate,MI,48195,(734) 285-8800,,,https://www.southgatelincoln.com/,southgatelincoln.com,Website: https://www.southgatelincoln.com/ | Lead inbox: info@southgatelm.com | Staff page: no_staff_page | Brand: Lincoln
"Star Lincoln,  Inc.",24350 W 12 Mile,Southfield,MI,48034,(248) 354-4900,,,https://www.starlincoln.com/,starlincoln.com,Website: https://www.starlincoln.com/ | Lead inbox: starlincolnsouthfield@yahoo.com | Brand: Lincoln
"Varsity Lincoln, Inc.",49251 Grand River,Novi,MI,48374,(248) 305-5300,Dan Rank,,https://www.varsitylincoln.com/,varsitylincoln.com,Title: General Sales Manager | Website: https://www.varsitylincoln.com/ | Source: https://www.varsitylincoln.com/staff (no email published for this contact) | Lead inbox: varsity@varsityag.com | Brand: Lincoln
Wilson Ford Lincoln,4201 Bay Road,Saginaw,MI,48603,(989) 792-1700,,,https://www.wilsonlincoln.com/,wilsonlincoln.com,Website: https://www.wilsonlincoln.com/ | Staff page: no_staff_page | Brand: Lincoln
Zeigler Lincoln of Kalamazoo,4201 Stadium Drive,Kalamazoo,MI,49008,(269) 375-4500,Jones Lincoln,jeffjones@zagteam.com,https://www.zeiglerlincoln.com/,zeiglerlincoln.com,Title: Sales Manager | Website: https://www.zeiglerlincoln.com/ | Source: https://www.zeiglerlincoln.com/staff | Lead inbox: hznew@haroldzeigler.com | Brand: Lincoln
Apple Lincoln Apple Valley,7125 151st St. West,Apple Valley,MN,55124,(952) 431-5900,Aaron Hanson,,https://www.applevalleylincoln.com/,applevalleylincoln.com,Title: General Sales Manager | Website: https://www.applevalleylincoln.com/ | Source: https://www.applevalleylincoln.com/staff.aspx (no email published for this contact) | Brand: Lincoln
Deml Lincoln Inc.,2100 Highway 14 West,Waseca,MN,56093,(507) 835-3425,,,,,Lead inbox: demlford@demlford.com | Brand: Lincoln
"Krenzen Lincoln, Inc.",2500 Mall Drive,Duluth,MN,55811,(218) 727-2905,,,,,Lead inbox: krenzen@aol.com | Brand: Lincoln
Kruse Lincoln,1651 East College Drive,Marshall,MN,56258,(507) 537-0313,,,,,Brand: Lincoln
Lincoln of Bloomington,7801 Dupont Ave S,Bloomington,MN,55420,(952) 888-2271,,,https://www.lincolnofbloomington.com/,lincolnofbloomington.com,Website: https://www.lincolnofbloomington.com/ | Lead inbox: twalter@bloomingtonlm.com | Staff page: no_staff_page | Brand: Lincoln
Miller Lincoln,2930 2nd Street South,Saint Cloud,MN,56301,(320) 251-8900,Michele WJ BDC,,https://www.millerlincolnstcloudmn.com/,millerlincolnstcloudmn.com,Title: Sales Representative | Website: https://www.millerlincolnstcloudmn.com/ | Source: https://www.stcloudlincoln.com/staff (no email published for this contact) | Brand: Lincoln
"Mills Motor, Inc.",14858 Dellwood Drive,Baxter,MN,56425,(218) 829-2893,Reece Thompson,,https://www.millslincoln.com/,millslincoln.com,Title: Sales Consultant | Website: https://www.millslincoln.com/ | Source: https://www.millslincoln.com/dealership/staff.htm (no email published for this contact) | Lead inbox: mfbsales@millsauto.com | Brand: Lincoln
Nelson Lincoln,2228 College Way,Fergus Falls,MN,56537,(218) 998-8878,,,,,Lead inbox: customercare@nelsonfergusfalls.com | Brand: Lincoln
West End Lincoln,6475 Wayzata Blvd.,Saint Louis Park,MN,55426,(952) 449-2200,,,https://www.westendlincoln.com/,westendlincoln.com,Website: https://www.westendlincoln.com/ | Staff page: no_staff_page | Brand: Lincoln
"White Bear Lincoln, Inc.",3425 Highway 61 North,St Paul,MN,55110,(800) 328-3456,,,https://www.whitebearlincoln.com/,whitebearlincoln.com,Website: https://www.whitebearlincoln.com/ | Lead inbox: jim.adler@wblincmerc.com | Staff page: blocked | Brand: Lincoln
Dave Sinclair Lincoln,13980 Manchester Road,Ballwin,MO,63011,(314) 729-2700,Sinclair Rosso,,https://www.davesinclairlincolnsouth.com/,davesinclairlincolnsouth.com,Title: General Manager | Website: https://www.davesinclairlincolnsouth.com/ | Source: https://www.davesinclairlincolnstlouis.com/staff (no email published for this contact) | Lead inbox: mhagerty@davesinclairauto.com | Brand: Lincoln
Dave Sinclair Lincoln St. Peters,4760 North Service Road,Saint Peters,MO,63376,(636) 441-4400,TERRY OVERKAMP,,https://www.davesinclairlincolnstpeters.com/,davesinclairlincolnstpeters.com,Title: General Manager | Website: https://www.davesinclairlincolnstpeters.com/ | Source: https://www.DaveSinclairLincolnStPeters.com/staff (no email published for this contact) | Lead inbox: sync_dslstp@davesinclair.com | Brand: Lincoln
Joe Machens Lincoln,1911 West Worley,Columbia,MO,65203,(573) 445-4411,,,https://www.machenslincoln.net/,machenslincoln.net,Website: https://www.machenslincoln.net/ | Staff page: blocked | Brand: Lincoln
Morlan Ford-Lincoln,1030 S. Main,Sikeston,MO,63801,(573) 471-1255,,,,,Lead inbox: clarkdugan@rocketmail.com | Brand: Lincoln
Northtowne Lincoln,21 NE Vivion Road,Kansas City,MO,64118,(816) 453-2710,,,https://www.northtownelincoln.com/,northtownelincoln.com,Website: https://www.northtownelincoln.com/ | Lead inbox: sllefever@aol.com | Staff page: blocked | Brand: Lincoln
"Pettijohn Auto Center, Inc.",Hwy 69 South,Bethany,MO,64424,(660) 425-2244,,,,,Lead inbox: sales@pettijohnauto.com | Brand: Lincoln
Rick Ball Lincoln,2505 West Broadway Boulevard,Sedalia,MO,65301,(660) 826-5200,,,,,Lead inbox: ryanball@rickballautomall.com | Brand: Lincoln
"Sakelaris Ford Lincoln of Rolla, Inc.",1621 Martin Springs Drive,Rolla,MO,65401,(573) 364-1211,,,,,Brand: Lincoln
Sakelaris Lincoln of Camdenton,268 N. Business Route 5,Camdenton,MO,65020,(573) 346-5551,,,,,Brand: Lincoln
Cannon Lincoln of Cleveland,904 North Davis Ave.,Cleveland,MS,38732,(662) 843-2786,,,https://www.cannonlincoln.com/,cannonlincoln.com,Website: https://www.cannonlincoln.com/ | Lead inbox: tjlindsey2207@hotmail.com | Staff page: blocked | Brand: Lincoln
Cannon Lincoln of Pascagoula,3689 14th Street,Pascagoula,MS,39567,(228) 762-2641,,,https://www.cannonlincolnpascagoula.net/,cannonlincolnpascagoula.net,Website: https://www.cannonlincolnpascagoula.net/ | Staff page: blocked | Brand: Lincoln
Cannon Lincoln of Starkville,12249 MS Hwy 182,Starkville,MS,39759,(662) 323-1900,,,https://www.cannonlincolnofstarkville.com/,cannonlincolnofstarkville.com,Website: https://www.cannonlincolnofstarkville.com/ | Staff page: blocked | Brand: Lincoln
Gray-Daniels Ford Lincoln,201 Octavia Drive,Brandon,MS,39042,(601) 825-2801,Robby Herbert,RHERBERT@GRAYDANIELS.COM,https://www.graydanielslincoln.net/,graydanielslincoln.net,Title: General Sales Manager | Website: https://www.graydanielslincoln.net/ | Source: https://www.graydanielslincoln.com/staff | Brand: Lincoln
Kirk Lincoln of Grenada,235 SW Frontage Rd.,Grenada,MS,38901,(662) 226-3632,,,https://www.kirklincolnofgrenada.com/,kirklincolnofgrenada.com,Website: https://www.kirklincolnofgrenada.com/ | Lead inbox: kirkauto@network-one.com | Staff page: blocked | Brand: Lincoln
"Bob Smith Lincoln, Inc.",2244 Central,Billings,MT,59102,(888) 785-0433,,,https://www.bobsmithlincoln.com/,bobsmithlincoln.com,Website: https://www.bobsmithlincoln.com/ | Lead inbox: rgsmith@bobsmithmotors.com | Staff page: blocked | Brand: Lincoln
Asheville Lincoln,611 Brevard Rd.,Asheville,NC,28806,(828) 253-2731,Brian Newman,,https://www.ashevillelincoln.com/,ashevillelincoln.com,Title: General Sales Manager | Website: https://www.ashevillelincoln.com/ | Source: https://www.ashevillelincoln.com/staff (no email published for this contact) | Brand: Lincoln
Capital Lincoln Cary,525 Crossroads Blvd.,Cary,NC,27518,(919) 859-2000,,,https://www.capitallincolncary.com/,capitallincolncary.com,Website: https://www.capitallincolncary.com/ | Lead inbox: mpearce@capitalofcary.com | Staff page: blocked | Brand: Lincoln
Capital Lincoln of Wilmington,5406 Market Street,Wilmington,NC,28405,(910) 799-4060,Josh Barbour,,https://www.capitallincolnofwilmington.com/,capitallincolnofwilmington.com,Title: General Manager | Website: https://www.capitallincolnofwilmington.com/ | Source: https://www.capitallincolnofwilmington.com/staff (no email published for this contact) | Lead inbox: dtroegner@capitalofwilmington.com | Brand: Lincoln
Classic Ford Lincoln of Shelby,1775 East Dixon Boulevard,Shelby,NC,28152,(704) 482-6791,,,https://www.classiclincolnofshelby.com/,classiclincolnofshelby.com,Website: https://www.classiclincolnofshelby.com/ | Staff page: blocked | Brand: Lincoln
Deacon Jones Lincoln,3301 McLain Street,Goldsboro,NC,27534,(919) 736-3387,,,https://www.deaconjoneslincoln.net/,deaconjoneslincoln.net,Website: https://www.deaconjoneslincoln.net/ | Lead inbox: sbjorling@deaconjonesfordlm.com | Staff page: no_staff_page | Brand: Lincoln
East Carolina Lincoln,605 Greenville Boulevard,Greenville,NC,27834,(252) 355-3333,,,https://www.greenvillelincoln.com/,greenvillelincoln.com,Website: https://www.greenvillelincoln.com/ | Lead inbox: jhillard@ecauto.com | Staff page: blocked | Brand: Lincoln
Green Lincoln,3800 West Wendover Avenue,Greensboro,NC,27407,(336) 478-2900,Bob Blakely,,https://www.greenlincolnofgreensboro.com/,greenlincolnofgreensboro.com,Title: General Manager | Website: https://www.greenlincolnofgreensboro.com/ | Source: https://www.GreenLincolnofGreensboro.com/staff/ (no email published for this contact) | Lead inbox: sales@greenford.com | Brand: Lincoln
LaFayette Lincoln,5202 Raeford Road,Fayetteville,NC,28304,(910) 424-0281,,,https://www.lafayettelincoln.com/,lafayettelincoln.com,Website: https://www.lafayettelincoln.com/ | Lead inbox: newford4me@aol.com | Staff page: no_staff_page | Brand: Lincoln
Leith Lincoln,2350 Capital Summit Ct.,Raleigh,NC,27616,(919) 872-9500,,,https://www.leithlincoln.net/,leithlincoln.net,Website: https://www.leithlincoln.net/ | Lead inbox: sales@leith-lm.com | Staff page: blocked | Brand: Lincoln
Lincoln of New Bern,3405 Dr. Martin Luther King Jr Blvd,New Bern,NC,28562,(252) 638-6161,,,https://www.lincolnofnewbern.com/,lincolnofnewbern.com,Website: https://www.lincolnofnewbern.com/ | Staff page: no_staff_page | Brand: Lincoln
Mark Ficken Lincoln,7601 South Blvd.,Charlotte,NC,28273,(704) 552-2760,,,https://www.felixsabateslincoln.net/,felixsabateslincoln.net,Website: https://www.felixsabateslincoln.net/ | Staff page: no_staff_page | Brand: Lincoln
Parkway Lincoln – Winston Salem,2104 Peters Creek,Winston Salem,NC,27127,(336) 724-5921,,,https://www.parkwaylincoln.net/,parkwaylincoln.net,Website: https://www.parkwaylincoln.net/ | Lead inbox: parkway@parkwayford.com | Staff page: no_staff_page | Brand: Lincoln
"Randy Marion Ford Lincoln, LLC",1030 Gateway Crossing Drive,Statesville,NC,28677,(704) 873-3673,Chad Sigmon,,https://www.randymarionlincolnstatesville.com/,randymarionlincolnstatesville.com,Title: General Sales Manager | Website: https://www.randymarionlincolnstatesville.com/ | Source: https://www.randymarionlincolnstatesville.com/staff (no email published for this contact) | Brand: Lincoln
Scenic Motors Inc,1992 Rockford St,Mount Airy,NC,27030,(336) 789-9591,,,https://www.sceniclincoln.com/,sceniclincoln.com,Website: https://www.sceniclincoln.com/ | Lead inbox: sales@scenicmotors.com | Staff page: blocked | Brand: Lincoln
Eide Lincoln,800 E Bismarck Exwy,Bismarck,ND,58504,(701) 222-3500,,,https://www.eidelincoln.net/,eidelincoln.net,Website: https://www.eidelincoln.net/ | Lead inbox: eideford@eideford.com | Staff page: blocked | Brand: Lincoln
Vision Lincoln,1688 Two-Ten Drive,Wahpeton,ND,58075,(701) 642-5546,,,,,Brand: Lincoln
Anderson Lincoln of Lincoln,2500 Wildcat Drive,Lincoln,NE,68521,(402) 458-9800,,,https://www.andersonlincolnoflincoln.com/,andersonlincolnoflincoln.com,Website: https://www.andersonlincolnoflincoln.com/ | Lead inbox: bpecha@andersonautogroup.com | Staff page: blocked | Brand: Lincoln
Diers Lincoln,2445 N.Broad St,Fremont,NE,68025,(402) 721-1471,,,,,Lead inbox: diersparts@diersford.com | Brand: Lincoln
"Hullman's Lincoln, Inc.",1416 Harlan St,Falls City,NE,68355,(402) 245-4413,,,,,Lead inbox: hullmansford@sentco.net | Brand: Lincoln
"Platte Valley Auto Mart-Kearney, Inc.",4210 North 2nd Avenue,Kearney,NE,68847,(308) 237-2171,,,,,Brand: Lincoln
Woodhouse Lincoln,8652 S. 145th St.,Omaha,NE,68138,(402) 592-1044,Matt Whitmore,matt.whitmore@woodhouse.com,https://www.woodhouselincoln.com/,woodhouselincoln.com,Title: General Sales Manager | Website: https://www.woodhouselincoln.com/ | Source: https://www.woodhouselincoln.com/dealership/staff.htm (name) + Lincoln dealer locator (email match) | Brand: Lincoln
Irwin Lincoln – Laconia,59 Bisson Avenue,Laconia,NH,03246,(603) 524-4922,,,https://www.irwinlincolnlaconia.net/,irwinlincolnlaconia.net,Website: https://www.irwinlincolnlaconia.net/ | Lead inbox: customercare@irwinzone.dsmessage.com | Staff page: no_staff_page | Brand: Lincoln
State Motors Lincoln,275 Daniel Webster N,Manchester,NH,03104,(603) 623-7291,Grant VP,,https://www.statemotorslincoln.net/,statemotorslincoln.net,Title: Sales Manager | Website: https://www.statemotorslincoln.net/ | Source: https://www.statemotorslincoln.net/dealership/staff.htm (no email published for this contact) | Lead inbox: statemotors@salespoint.dealerconnection.com | Brand: Lincoln
Causeway Lincoln of Manahawkin,375 Route 72,Manahawkin,NJ,08050,(609) 597-8083,,,https://www.causewaylincolnofmanahawkin.com/,causewaylincolnofmanahawkin.com,Website: https://www.causewaylincolnofmanahawkin.com/ | Lead inbox: causewayfordlincoln2216@adfleads.com | Staff page: blocked | Brand: Lincoln
Chapman Lincoln,6744 Black Horse Pike,Egg Harbor Township,NJ,08234,(609) 646-2000,Donald Hood,,https://www.chapmanlincoln.net/,chapmanlincoln.net,Title: General Manager | Website: https://www.chapmanlincoln.net/ | Source: https://www.ChapmanLincoln.net/dealership/staff.htm (no email published for this contact) | Lead inbox: ehtbdc@chapmanautogroup.com | Brand: Lincoln
Ciocca Ford Lincoln of Lawrenceville,2920 Brunswick Pike,Lawrenceville,NJ,08648,(609) 882-2900,Andy Stratz,,https://www.cioccalincolnoflawrenceville.com/,cioccalincolnoflawrenceville.com,Title: General Manager | Website: https://www.cioccalincolnoflawrenceville.com/ | Source: https://www.cioccalincolnoflawrenceville.com/dealership/staff.htm (no email published for this contact) | Brand: Lincoln
Ciocca Lincoln of Flemington,215 Route 202,Flemington,NJ,08822,(908) 782-3673,,,https://www.cioccalincolnofflemington.net/,cioccalincolnofflemington.net,Website: https://www.cioccalincolnofflemington.net/ | Staff page: blocked | Brand: Lincoln
Holman Lincoln Mt. Laurel,1311 Route 73,Mount Laurel,NJ,08054,(856) 581-7800,,,https://www.holmanlincolnmtlaurel.net/,holmanlincolnmtlaurel.net,Website: https://www.holmanlincolnmtlaurel.net/ | Staff page: blocked | Brand: Lincoln
Irwin Lincoln – Freehold,4000 Route 9,Freehold,NJ,07728,(732) 462-1818,,,https://www.irwinlincoln.net/,irwinlincoln.net,Website: https://www.irwinlincoln.net/ | Lead inbox: customercare@irwincars.com | Staff page: no_staff_page | Brand: Lincoln
Kindle Lincoln,525 Stone Harbor Blvd,Cape May Court House,NJ,08210,(609) 465-5000,,,https://www.kindlelincoln.net/,kindlelincoln.net,Website: https://www.kindlelincoln.net/ | Lead inbox: customerservice@kindleautoplaza.com | Staff page: blocked | Brand: Lincoln
Liccardi Lincoln,1615 Route 22,Watchung,NJ,07069,(908) 561-7500,,,https://www.liccardilincoln.net/,liccardilincoln.net,Website: https://www.liccardilincoln.net/ | Lead inbox: liccardiford@salespoint.dealerconnection.com | Staff page: blocked | Brand: Lincoln
Lincoln of Englewood,186 Engle Street,Englewood,NJ,07631,(201) 677-3000,,,https://www.lincolnofenglewood.net/,lincolnofenglewood.net,Website: https://www.lincolnofenglewood.net/ | Staff page: blocked | Brand: Lincoln
Lincoln of Ramsey,66 Route 17,Ramsey,NJ,07446,(201) 849-7940,Joseph Pitney,,https://www.lincolnoframsey.com/,lincolnoframsey.com,Title: Sales Manager | Website: https://www.lincolnoframsey.com/ | Source: https://www.lincolnoframsey.com/staff (no email published for this contact) | Brand: Lincoln
Lincoln of Wayne,1910 Route 23,Wayne,NJ,07470,(973) 696-9700,John Chirico,,https://www.lincolnofwayne.com/,lincolnofwayne.com,Title: Sales Manager | Website: https://www.lincolnofwayne.com/ | Source: https://www.lincolnofwayne.com/staff (no email published for this contact) | Lead inbox: clientrelations@drivewayne.com | Brand: Lincoln
Malouf Lincoln,U.S. Highway 1 Commerce Blvd,North Brunswick,NJ,08902,(732) 951-0300,,,https://www.malouflincolnofbrunswick.com/,malouflincolnofbrunswick.com,Website: https://www.malouflincolnofbrunswick.com/ | Lead inbox: ford@malouf.com | Staff page: blocked | Brand: Lincoln
Maplecrest Lincoln,2800 Springfield Avenue,Vauxhall,NJ,07088,(908) 964-7700,,,https://www.maplecrestlincoln.com/,maplecrestlincoln.com,Website: https://www.maplecrestlincoln.com/ | Lead inbox: rshuta@maplecrest2000.com | Staff page: blocked | Brand: Lincoln
Miller Lincoln Sales,1596 Route 38,Lumberton,NJ,08048,(609) 267-0476,,,https://www.millerlincoln.net/,millerlincoln.net,Website: https://www.millerlincoln.net/ | Lead inbox: fordsales@millertransgroup.com | Staff page: blocked | Brand: Lincoln
Performance Lincoln,906 Route 10 West,Randolph,NJ,07869,(973) 927-6700,,,https://www.performancelincolnofrandolph.com/,performancelincolnofrandolph.com,Website: https://www.performancelincolnofrandolph.com/ | Staff page: blocked | Brand: Lincoln
Corley's Albuquerque Lincoln,9000 Pan American Freeway NE,Albuquerque,NM,87113,(505) 260-2200,Rick Patel,,https://www.corleynewmexico.com/,corleynewmexico.com,Title: General Sales Manager | Website: https://www.corleynewmexico.com/ | Source: https://www.corleynewmexico.com/dealership/staff.htm (no email published for this contact) | Lead inbox: bdc@corleyauto.com | Brand: Lincoln
Permian Lincoln,1000 N Dal Paso St,Hobbs,NM,88240,(575) 393-6176,,,,,Lead inbox: sales@permianford.com | Brand: Lincoln
"Ziems Ford Corners, Inc.",5700 E. Main Street,Farmington,NM,87402,(505) 325-1961,,,https://www.ziemscornerslincoln.com/,ziemscornerslincoln.com,Website: https://www.ziemscornerslincoln.com/ | Lead inbox: ziems@ziemsford.com | Staff page: no_staff_page | Brand: Lincoln
Findlay Lincoln,310 N. Gibson Rd.,Henderson,NV,89014,(702) 982-4779,,,https://www.findlaylincolnofhenderson.com/,findlaylincolnofhenderson.com,Website: https://www.findlaylincolnofhenderson.com/ | Lead inbox: sales@signaturelm.dealerspace.com | Staff page: blocked | Brand: Lincoln
Team Lincoln,5445 Drexel Road,Las Vegas,NV,89130,(702) 395-5100,,,https://www.teamlincolnlasvegas.com/,teamlincolnlasvegas.com,Website: https://www.teamlincolnlasvegas.com/ | Lead inbox: sales@teamfordlv.com | Staff page: no_staff_page | Brand: Lincoln
"Bright Bay Lincoln, Inc.",1174 Sunrise Hwy,Bay Shore,NY,11706,(631) 666-6720,,,https://www.brightbaylincoln.com/,brightbaylincoln.com,Website: https://www.brightbaylincoln.com/ | Lead inbox: chiggison@brightbayauto.com | Staff page: blocked | Brand: Lincoln
"Cortese Ford Lincoln, Inc.",2452 West Henrietta Road,Rochester,NY,14623,(800) 501-6470,,,https://www.corteselincolnofrochester.com/,corteselincolnofrochester.com,Website: https://www.corteselincolnofrochester.com/ | Lead inbox: b-lyth@corteseauto.com | Staff page: blocked | Brand: Lincoln
Dana Lincoln,266 West Service Road,Staten Island,NY,10314,(718) 983-8700,John Daly,,https://www.danalincoln.com/,danalincoln.com,Title: General Sales Manager | Website: https://www.danalincoln.com/ | Source: https://www.danalincoln.com/dealership/staff.htm (no email published for this contact) | Lead inbox: danamotors@si.rr.com | Brand: Lincoln
"Driver's Village, Inc.",5885 East Circle Drive,Cicero,NY,13039,(315) 699-6300,Nathan Spagnola,,https://www.rogerburdicklincoln.com/,rogerburdicklincoln.com,Title: General Manager | Website: https://www.rogerburdicklincoln.com/ | Source: https://www.RogerBurdickLincoln.com/dealership/staff.htm (no email published for this contact) | Lead inbox: lmsales@burdickcars.com | Brand: Lincoln
Empire Lincoln of Huntington,333 West Jericho Turnpike,Huntington,NY,11743,(833) 656-1375,,,https://www.empirelincolnofhuntington.com/,empirelincolnofhuntington.com,Website: https://www.empirelincolnofhuntington.com/ | Staff page: no_staff_page | Brand: Lincoln
Hassett Lincoln,3530 Sunrise Hwy,Wantagh,NY,11793,(516) 785-7800,,,https://www.hassettlincoln.com/,hassettlincoln.com,Website: https://www.hassettlincoln.com/ | Lead inbox: srosenfeld@hassettautomotive.com | Staff page: blocked | Brand: Lincoln
Healey Lincoln,2528 Rt 17M,Goshen,NY,10924,(845) 291-1998,,,https://www.healeylincoln.net/,healeylincoln.net,Website: https://www.healeylincoln.net/ | Lead inbox: cwright@healeybrothers.com | Staff page: blocked | Brand: Lincoln
Hempstead Lincoln,301 North Franklin Street,Hempstead,NY,11550,(516) 483-7200,,,https://www.hempsteadlincoln.net/,hempsteadlincoln.net,Website: https://www.hempsteadlincoln.net/ | Lead inbox: contactus@hlmgsc.com | Staff page: blocked | Brand: Lincoln
Lincoln White Plains,250 E. Main Street,Elmsford,NY,10523,(914) 689-8111,,,https://www.lincolnmountkisco.com/,lincolnmountkisco.com,Website: https://www.lincolnmountkisco.com/ | Staff page: blocked | Brand: Lincoln
Lincoln of Queens,139-48 Queens Boulevard,Jamaica,NY,11435,(718) 808-9969,Vultaggio III,,https://www.lincolnofqueensboulevard.com/,lincolnofqueensboulevard.com,Title: Dealer Principal | Website: https://www.lincolnofqueensboulevard.com/ | Source: https://www.lincolnofqueensboulevard.com/dealership/staff.htm (no email published for this contact) | Brand: Lincoln
Lincoln of Smithtown,440 Middle Country Road St.,Saint James,NY,11780,(631) 265-2340,Anthony Greco,agreco@fordofsmithtown.com,https://www.lincolnofsmithtown.net/,lincolnofsmithtown.net,Title: New Car Sales Manager | Website: https://www.lincolnofsmithtown.net/ | Source: https://www.LincolnofSmithtown.net/dealership/staff.htm | Lead inbox: intmgr@fosemail.com | Brand: Lincoln
Maguire Lincoln,504 South Meadow Street,Ithaca,NY,14850,(607) 272-8000,,,https://www.maguirelincoln.com/,maguirelincoln.com,Website: https://www.maguirelincoln.com/ | Lead inbox: maguireny@aol.com | Staff page: blocked | Brand: Lincoln
Premier Lincoln,5001 Glenwood Road,Brooklyn,NY,11234,(718) 859-5200,Joe Chalom,,https://www.premierlincolnbrooklyn.com/,premierlincolnbrooklyn.com,Title: General Manager | Website: https://www.premierlincolnbrooklyn.com/ | Source: https://www.premierlincolnbrooklyn.com/dealership/staff.htm (no email published for this contact) | Lead inbox: sales@premierfordsales.com | Brand: Lincoln
Schultz Lincoln,80 Route 304,Nanuet,NY,10954,(845) 624-3600,,,https://www.schultzlincolnofnanuet.com/,schultzlincolnofnanuet.com,Website: https://www.schultzlincolnofnanuet.com/ | Lead inbox: schultzflm@aol.com | Staff page: blocked | Brand: Lincoln
Steet Ponte Lincoln,5074 Commercial Drive,Yorkville,NY,13495,(315) 736-3381,Garrett Crane,Gcrane@steet-ponteford.com,https://www.steetpontelincoln.com/,steetpontelincoln.com,Title: Sales & Leasing Consultant | Website: https://www.steetpontelincoln.com/ | Source: https://www.steetpontelincoln.com/staff | Lead inbox: assistance@steetford.dsmessage.com | Brand: Lincoln
West Herr Lincoln,2601 Millersport Highway,Getzville,NY,14068,(716) 333-8567,,,https://www.westherrlincolnofamherstllc.com/,westherrlincolnofamherstllc.com,Website: https://www.westherrlincolnofamherstllc.com/ | Lead inbox: mtepfenhart@westherr.com | Staff page: blocked | Brand: Lincoln
Beau Townsend Lincoln of Dayton,1020 W. National Rd.,Vandalia,OH,45377,(937) 898-5841,,,https://www.beautownsendlincolnofvandalia.com/,beautownsendlincolnofvandalia.com,Website: https://www.beautownsendlincolnofvandalia.com/ | Lead inbox: bcrowell@btford.com | Staff page: no_staff_page | Brand: Lincoln
"Bob-Boyd Lincoln, Inc.",2445 Billingsley Rd.,Columbus,OH,43235,(614) 863-2800,,,https://www.lincolnofcolumbus.com/,lincolnofcolumbus.com,Website: https://www.lincolnofcolumbus.com/ | Lead inbox: sales@bobboydlincoln.edealerhub.com | Staff page: blocked | Brand: Lincoln
"Dave Knapp Lincoln, Inc.",500 Wagner Avenue,Greenville,OH,45331,(937) 547-3000,,,https://www.daveknapplincoln.com/,daveknapplincoln.com,Website: https://www.daveknapplincoln.com/ | Lead inbox: daveknapp@bizwoh.rr.com | Staff page: blocked | Brand: Lincoln
Don Wood Lincoln,2065 East State Street,Athens,OH,45701,(740) 593-6641,,,https://www.donwoodlincoln.com/,donwoodlincoln.com,Website: https://www.donwoodlincoln.com/ | Lead inbox: donwood@donwood.com | Staff page: blocked | Brand: Lincoln
Dutro Lincoln,132 South Fifth Street,Zanesville,OH,43701,(740) 452-6334,,,https://www.dutrolincoln.net/,dutrolincoln.net,Website: https://www.dutrolincoln.net/ | Lead inbox: dutroford@hotmail.com | Staff page: blocked | Brand: Lincoln
"Franklin Park Lincoln, Inc.",5272 Monroe St,Toledo,OH,43623,(419) 882-7171,,,https://www.franklinparklincoln.com/,franklinparklincoln.com,Website: https://www.franklinparklincoln.com/ | Lead inbox: www.franklinparklm@gmail.com | Staff page: no_staff_page | Brand: Lincoln
John Sang Lincoln,195 Upper River Road,Gallipolis,OH,45631,(740) 446-9800,,,https://www.johnsanglincoln.com/,johnsanglincoln.com,Website: https://www.johnsanglincoln.com/ | Lead inbox: herd1995@yahoo.com | Staff page: blocked | Brand: Lincoln
Ken Ganley Lincoln Middleburg Heights,6930 Pearl Rd,Middleburg Heights,OH,44130,(440) 845-6000,,,https://www.kenganleylincoln.net/,kenganleylincoln.net,Website: https://www.kenganleylincoln.net/ | Staff page: blocked | Brand: Lincoln
Klaben Lincoln,1089 W Main Street,Kent,OH,44240,(330) 673-3139,,,https://www.klabenlincoln.com/,klabenlincoln.com,Website: https://www.klabenlincoln.com/ | Lead inbox: sales@klaben.com | Staff page: no_staff_page | Brand: Lincoln
Klaben Lincoln of Warren,3853 Youngstown Road,Warren,OH,44484,(330) 369-8525,,,https://www.klabenlincolnofwarren.com/,klabenlincolnofwarren.com,Website: https://www.klabenlincolnofwarren.com/ | Lead inbox: crown@klaben.com | Staff page: no_staff_page | Brand: Lincoln
Lincoln of Cincinnati,9620 Montgomery Road,Cincinnati,OH,45242,(513) 683-3800,,,https://www.montgomerylincolnofcincinnati.com/,montgomerylincolnofcincinnati.com,Website: https://www.montgomerylincolnofcincinnati.com/ | Lead inbox: andybuck@lincolntimes.com | Staff page: blocked | Brand: Lincoln
Nick Mayer Lincoln,24400 Center Ridge Road,Westlake,OH,44145,(440) 835-3700,,,https://www.nickmayerautogroup.com/,nickmayerautogroup.com,Website: https://www.nickmayerautogroup.com/ | Lead inbox: nickmayerlnm@aol.com | Staff page: blocked | Brand: Lincoln
Nick Mayer Lincoln Mayfield,6180 Mayfield Road,Mayfield Heights,OH,44124,(440) 449-1000,Ken Stafford,,https://www.nickmayerlincolnmayfield.com/,nickmayerlincolnmayfield.com,Title: General Sales Manager | Website: https://www.nickmayerlincolnmayfield.com/ | Source: https://www.nickmayerlincolnmayfield.com/staff (no email published for this contact) | Brand: Lincoln
Parkway Lincoln – Dover,311 Commercial Parkway,Dover,OH,44622,(330) 343-6681,,,https://www.parkwaylincolnofdover.com/,parkwaylincolnofdover.com,Website: https://www.parkwaylincolnofdover.com/ | Lead inbox: sales@hhac.com | Staff page: no_staff_page | Brand: Lincoln
Reineke Lincoln of Findlay,12000 County Road 99,Findlay,OH,45840,(419) 422-1661,,,https://www.reinekelincolnfindlay.com/,reinekelincolnfindlay.com,Website: https://www.reinekelincolnfindlay.com/ | Staff page: blocked | Brand: Lincoln
Bill Knight Lincoln Volvo,4111 S. Memorial,Tulsa,OK,74145,(918) 526-2509,Dustin McElyea,,https://www.billknightlincoln.com/,billknightlincoln.com,Title: General Manager | Website: https://www.billknightlincoln.com/ | Source: https://www.billknightlincoln.com/staff (no email published for this contact) | Lead inbox: sales@billknightlincolnvolov.edealerhub.com | Brand: Lincoln
Cummins Lincoln,4000 Carriage Way,Weatherford,OK,73096,(580) 772-3319,,,https://www.cumminslincoln.com/,cumminslincoln.com,Website: https://www.cumminslincoln.com/ | Staff page: no_staff_page | Brand: Lincoln
Diffee Lincoln,1681 East I-40,El Reno,OK,73036,(405) 262-4546,,,https://www.diffeelincoln.com/,diffeelincoln.com,Website: https://www.diffeelincoln.com/ | Lead inbox: cris@diffee.com | Staff page: no_staff_page | Brand: Lincoln
James Hodge Lincoln Idabel,1711 E Washington,Idabel,OK,74745,(580) 286-7676,,,https://www.jameshodgelincoln.net/,jameshodgelincoln.net,Website: https://www.jameshodgelincoln.net/ | Lead inbox: jhfsales@swbell.net | Staff page: blocked | Brand: Lincoln
James Hodge Lincoln Muskogee,1200 N Main Street,Muskogee,OK,74401,(855) 920-9973,,,https://www.jameshodgelincolnmuskogee.com/,jameshodgelincolnmuskogee.com,Website: https://www.jameshodgelincolnmuskogee.com/ | Lead inbox: hodgeford@gmail.com | Staff page: blocked | Brand: Lincoln
Joe Cooper Lincoln of Edmond,501 W. Memorial Road,Oklahoma City,OK,73114,(405) 475-9600,,,https://www.joecooperlincoln.net/,joecooperlincoln.net,Website: https://www.joecooperlincoln.net/ | Staff page: blocked | Brand: Lincoln
Seth Wadley Lincoln,333 North Butler,Pauls Valley,OK,73075,(405) 207-5206,,,https://www.sethwadleylincoln.net/,sethwadleylincoln.net,Website: https://www.sethwadleylincoln.net/ | Staff page: blocked | Brand: Lincoln
Vance Lincoln,510 N. Main,Miami,OK,74354,(918) 542-3341,,,https://www.vancelincoln.com/,vancelincoln.com,Website: https://www.vancelincoln.com/ | Lead inbox: sfritchey@vancedeals.com | Staff page: no_staff_page | Brand: Lincoln
Courtesy Lincoln – Portland,1313 NE 122nd Ave,Portland,OR,97230,(503) 255-1771,Rick Boyer,,https://www.courtesylincolnportland.com/,courtesylincolnportland.com,Title: General Manager | Website: https://www.courtesylincolnportland.com/ | Source: https://www.courtesylincolnportland.com/dealership/staff.htm (no email published for this contact) | Lead inbox: sales@courtesyportland.com | Brand: Lincoln
Kendall Lincoln,344 Goodpasture Island Rd.,Eugene,OR,97401,(541) 342-2151,,,https://www.kendalllincolnofeugene.com/,kendalllincolnofeugene.com,Website: https://www.kendalllincolnofeugene.com/ | Lead inbox: fordinternet@kendallauto.com | Staff page: blocked | Brand: Lincoln
Bedford Lincoln,6985 Lincoln Highway,Bedford,PA,15522,(814) 623-8154,Tim Grubb,tgrubb@bedfordchrysler.com,https://www.bedfordlincoln.com/,bedfordlincoln.com,Title: Sales Consultant | Website: https://www.bedfordlincoln.com/ | Source: https://www.bedfordlincoln.com/staff | Brand: Lincoln
Bergey's Lincoln,1201 North Broad Street,Lansdale,PA,19446,(215) 368-4300,Robert Vendetti,,https://www.bergeyslincoln.com/,bergeyslincoln.com,Title: General Sales Manager | Website: https://www.bergeyslincoln.com/ | Source: https://www.bergeyslincoln.com/dealership/staff.htm (no email published for this contact) | Brand: Lincoln
Biondi Motor Company Inc,3690 William Penn Highway,Monroeville,PA,15146,(412) 856-1200,Joshua Hamilton,joshuah@biondimotor.com,https://www.biondilincoln.net/,biondilincoln.net,Title: General Sales Manager | Website: https://www.biondilincoln.net/ | Source: https://www.biondilincoln.net/staff | Lead inbox: info@biondimotor.com | Brand: Lincoln
Bud Smail Lincoln,5038 Route 30,Greensburg,PA,15601,(724) 837-4210,Jeff Smail,,https://www.smaillincoln.com/,smaillincoln.com,Title: General Manager | Website: https://www.smaillincoln.com/ | Source: https://www.smaillincoln.com/dealership/staff.htm (no email published for this contact) | Lead inbox: lmsales@smailauto.com | Brand: Lincoln
Coccia Lincoln,577 E Main Street,Wilkes-Barre,PA,18702,(570) 823-8888,STAFF Leadership,,https://www.coccialincoln.com/,coccialincoln.com,Title: General Sales Manager | Website: https://www.coccialincoln.com/ | Source: https://www.coccialincoln.com/dealership/staff.htm (no email published for this contact) | Lead inbox: coccia@epix.net | Brand: Lincoln
Cooper Motors Lincoln,985 York St,Hanover,PA,17331,(717) 632-4225,,,https://www.coopermotorslincoln.com/,coopermotorslincoln.com,Website: https://www.coopermotorslincoln.com/ | Lead inbox: coopermotors@comcast.net | Staff page: no_staff_page | Brand: Lincoln
Courtesy Lincoln – Altoona,401 Pleasant Valley Blvd.,Altoona,PA,16602,(814) 942-3000,Rick Boyer,,https://www.courtesylincolnaltoona.net/,courtesylincolnaltoona.net,Title: General Manager | Website: https://www.courtesylincolnaltoona.net/ | Source: https://www.courtesylincolnportland.com/dealership/staff.htm (no email published for this contact) | Lead inbox: courtesydirect@hotmail.com | Brand: Lincoln
Forrester Lincoln,832 Lincoln Way East,Chambersburg,PA,17201,(717) 263-9525,Bill Mull,,https://www.forresterlincoln.com/,forresterlincoln.com,Title: General Sales Manager | Website: https://www.forresterlincoln.com/ | Source: https://www.forresterlincoln.com/dealership/staff.htm (no email published for this contact) | Lead inbox: email@forrestersonline.com | Brand: Lincoln
Fred Beans Lincoln of Doylestown,827 North Easton Road,Doylestown,PA,18902,(215) 348-0900,,,https://www.fredbeanslincoln.com/,fredbeanslincoln.com,Website: https://www.fredbeanslincoln.com/ | Staff page: blocked | Brand: Lincoln
Haldeman Lincoln,2443 Lehigh Street,Allentown,PA,18103,(610) 791-4900,Salman Sarwar,ssarwar@haldemanford.com,https://www.haldemanlincolnallentown.com/,haldemanlincolnallentown.com,Title: Sales Manager | Website: https://www.haldemanlincolnallentown.com/ | Source: https://www.haldemanlincolnallentown.com/staff | Lead inbox: hlm@fast.net | Brand: Lincoln
L. B. Smith Lincoln,1100 Market Street,Lemoyne,PA,17043,(717) 761-6700,,,https://www.lbsmithlincoln.com/,lbsmithlincoln.com,Website: https://www.lbsmithlincoln.com/ | Lead inbox: lbsmithford@salespoint.dealerconnection.com | Staff page: blocked | Brand: Lincoln
Luther Lincoln,3629 Route 119 Hwy South,Homer City,PA,15748,(724) 349-6000,,,,,Lead inbox: lflmsales@lutherford.com | Brand: Lincoln
Pacifico Marple Lincoln,3015 West Chester Pike,Broomall,PA,19008,(610) 353-5500,,,https://www.pacificomarplelincoln.com/,pacificomarplelincoln.com,Website: https://www.pacificomarplelincoln.com/ | Lead inbox: pacificomarple@aol.com | Staff page: blocked | Brand: Lincoln
Ray Price Lincoln,6320 Business Route 209,Stroudsburg,PA,18360,(570) 402-2222,Nick Rizzo,,https://www.raypricelincoln.com/,raypricelincoln.com,Title: New Car Sales Manager | Website: https://www.raypricelincoln.com/ | Source: https://www.raypricelincoln.com/dealership/staff.htm (no email published for this contact) | Lead inbox: rpstroudford@noln.com | Brand: Lincoln
Shults Lincoln,10207 Perry Highway,Wexford,PA,15090,(724) 719-6444,,,https://www.shultslincoln.com/,shultslincoln.com,Website: https://www.shultslincoln.com/ | Lead inbox: johnh@shultscars.com | Staff page: blocked | Brand: Lincoln
"South Hills Lincoln, Inc.",2760 Washington Road,Pittsburgh,PA,15241,(724) 941-1600,Jeff Innes,,https://www.southhillslincolnofpittsburgh.com/,southhillslincolnofpittsburgh.com,Title: General Sales Manager | Website: https://www.southhillslincolnofpittsburgh.com/ | Source: https://www.southhillslincolnofpittsburgh.com/dealership/staff.htm (no email published for this contact) | Lead inbox: southhillslm@comcast.net | Brand: Lincoln
"Spitzer Ford Dubois, LLC",3007 Blinker Parkway,Du Bois,PA,15801,(814) 371-6600,Don Williams,,https://www.spitzerduboislincoln.net/,spitzerduboislincoln.net,Title: Sales Manager | Website: https://www.spitzerduboislincoln.net/ | Source: https://www.spitzerduboislincoln.com/staff (no email published for this contact) | Brand: Lincoln
State College Lincoln,3140 West College Avenue,State College,PA,16801,(814) 238-5041,,,https://www.statecollegelincoln.net/,statecollegelincoln.net,Website: https://www.statecollegelincoln.net/ | Lead inbox: scflm@adelphia.net | Staff page: blocked | Brand: Lincoln
Flood Lincoln of Narragansett,21 Woodruff Avenue,Narragansett,RI,02882,(401) 515-2700,Tim Whitford,,https://www.floodlincolnofnarragansett.com/,floodlincolnofnarragansett.com,Title: General Sales Manager | Website: https://www.floodlincolnofnarragansett.com/ | Source: https://www.floodlincolnofnarragansett.com/dealership/staff.htm (no email published for this contact) | Lead inbox: mfontaine@floodauto.com | Brand: Lincoln
Tasca Lincoln – Cranston,1300 Pontiac Avenue,Cranston,RI,02920,(401) 681-1300,,,https://www.tascalincoln.net/,tascalincoln.net,Website: https://www.tascalincoln.net/ | Lead inbox: feedback@tasca.com | Staff page: blocked | Brand: Lincoln
Beach Lincoln,851 Jason Boulevard,Myrtle Beach,SC,29577,(843) 626-3666,Chris Wernett,cwernett@beachautomotive.com,https://www.beachlincoln.com/,beachlincoln.com,Title: Sales Manager | Website: https://www.beachlincoln.com/ | Source: https://www.beachlincoln.com/staff | Lead inbox: frobinson@beachautomotive.com | Brand: Lincoln
"Bilton Lincoln, Inc.",70 W. Wesmark Blvd.,Sumter,SC,29150,(803) 773-7339,,,https://www.biltonlincoln.com/,biltonlincoln.com,Website: https://www.biltonlincoln.com/ | Lead inbox: sales@biltonlm.com | Staff page: blocked | Brand: Lincoln
Classic Lincoln of Columbia,177 Greystone Boulevard,Columbia,SC,29210,(803) 779-5977,,,https://www.classiclincolnofcolumbia.com/,classiclincolnofcolumbia.com,Website: https://www.classiclincolnofcolumbia.com/ | Staff page: blocked | Brand: Lincoln
Fairway Lincoln,2323 Laurens Rd,Greenville,SC,29607,(864) 242-5060,Josh Crocker,,https://www.fairwaylincolngreenville.net/,fairwaylincolngreenville.net,Title: General Sales Manager | Website: https://www.fairwaylincolngreenville.net/ | Source: https://www.fairwaylincoln.com/dealership/staff.htm (no email published for this contact) | Lead inbox: jim.scott@fairwayford.com | Brand: Lincoln
O. C. Welch Lincoln,4920 Independence Boulevard,Hardeeville,SC,29927,(843) 288-0100,,,https://www.ocwelchlincoln.net/,ocwelchlincoln.net,Website: https://www.ocwelchlincoln.net/ | Lead inbox: oc@ocwelchfordlincoln.com | Brand: Lincoln
Palmetto Lincoln,1625 Savannah Highway,Charleston,SC,29407,(843) 571-3673,,,https://www.palmettolincoln.net/,palmettolincoln.net,Website: https://www.palmettolincoln.net/ | Lead inbox: pleasantsales@palmettoford.com | Staff page: no_staff_page | Brand: Lincoln
Capital City Lincoln,518 East Sioux Avenue,Pierre,SD,57501,(605) 224-7378,,,,,Brand: Lincoln
Einspahr Lincoln,2020 8th Street S,Brookings,SD,57006,(605) 692-6106,,,,,Lead inbox: einspahr@brookings.net | Brand: Lincoln
"Pierson Ford Lincoln, Inc.",701 Auto Plaza Drive,Aberdeen,SD,57401,(605) 225-3720,,,,,Lead inbox: piersonflm@piersonford.com | Brand: Lincoln
Prostrollo Auto Plaza Co,921 S. Washington Avenue,Madison,SD,57042,(800) 777-4146,,,,,Lead inbox: automall@prostrollo.com | Brand: Lincoln
Sioux Falls Lincoln,4901 West 26th Street,Sioux Falls,SD,57106,(605) 361-0361,,,https://www.siouxfallslincoln.net/,siouxfallslincoln.net,Website: https://www.siouxfallslincoln.net/ | Lead inbox: sales@siouxfallsford.com | Staff page: blocked | Brand: Lincoln
White's Canyon Lincoln,2751 Colorado Blvd.,Spearfish,SD,57783,(605) 642-4400,Brandon Harms,,https://www.whitescanyonlincoln.com/,whitescanyonlincoln.com,Title: General Manager | Website: https://www.whitescanyonlincoln.com/ | Source: https://www.whitescanyonlincoln.com/staff (no email published for this contact) | Brand: Lincoln
"Al White Motors, Inc.",2002 Hillsboro Blvd.,Manchester,TN,37355,(931) 728-2402,,,https://www.alwhitelincoln.com/,alwhitelincoln.com,Website: https://www.alwhitelincoln.com/ | Lead inbox: alwhitemotors@bellsouth.net | Staff page: blocked | Brand: Lincoln
"Golden Circle Lincoln, Inc.",1432 US Highway 45 Bypass,Jackson,TN,38305,(731) 664-0873,,,https://www.goldencirclelincoln.net/,goldencirclelincoln.net,Website: https://www.goldencirclelincoln.net/ | Lead inbox: leasepro@goldencircle.com | Staff page: blocked | Brand: Lincoln
Jenkins & Wynne Lincoln,2655 Trenton Rd.,Clarksville,TN,37040,(931) 647-3353,,,https://www.jenkinsandwynnelincoln.com/,jenkinsandwynnelincoln.com,Website: https://www.jenkinsandwynnelincoln.com/ | Lead inbox: service@jenkinsandwynne.com | Staff page: no_staff_page | Brand: Lincoln
Lincoln of Franklin,1129 Murfreesboro Rd.,Franklin,TN,37064,(615) 794-4585,,,https://www.lincolnoffranklin.net/,lincolnoffranklin.net,Website: https://www.lincolnoffranklin.net/ | Staff page: blocked | Brand: Lincoln
Lincoln of Memphis,6095 Umansky Cove,Memphis,TN,38119,(901) 432-8800,,,https://www.lincolnofmemphis.net/,lincolnofmemphis.net,Website: https://www.lincolnofmemphis.net/ | Staff page: blocked | Brand: Lincoln
Mtn. View Lincoln,301 E. 20th St.,Chattanooga,TN,37408,(423) 756-1331,,,https://www.mtnviewlincoln.net/,mtnviewlincoln.net,Website: https://www.mtnviewlincoln.net/ | Lead inbox: loganwatson@mvauto.com | Staff page: blocked | Brand: Lincoln
Ted Russell Lincoln,8551 Kingston Pike,Knoxville,TN,37919,(865) 693-7611,,,https://www.tedrusselllincoln.net/,tedrusselllincoln.net,Website: https://www.tedrusselllincoln.net/ | Lead inbox: pball@tedrussell.com | Staff page: blocked | Brand: Lincoln
Bayway Lincoln,12333 Gulf Freeway,Houston,TX,77034,(281) 929-6500,Lance Willis,lwillis@baywayautogroup.com,https://www.baywaylincolnhouston.com/,baywaylincolnhouston.com,Title: General Manager | Website: https://www.baywaylincolnhouston.com/ | Source: https://www.baywaylincoln.com/staff | Lead inbox: jsausser@baywaylincolnmercury.com | Brand: Lincoln
Big Country Ford Lincoln,500 W. Commerce,Brownwood,TX,76801,(325) 643-1651,,,https://www.bigcountrymotorslincoln.com/,bigcountrymotorslincoln.com,Website: https://www.bigcountrymotorslincoln.com/ | Lead inbox: bigcountryfl@hotmail.com | Staff page: blocked | Brand: Lincoln
Bluebonnet Lincoln,351 Interstate Highway 35 South,New Braunfels,TX,78130,(830) 606-8011,Jake Johnson,jjohnson@bbmotors.com,https://www.bluebonnetmotorslincoln.com/,bluebonnetmotorslincoln.com,Title: New Car Sales Manager | Website: https://www.bluebonnetmotorslincoln.com/ | Source: https://www.BluebonnetMotorslincoln.com/staff | Lead inbox: wstuddard@bbmotors.com | Brand: Lincoln
Brian Toliver Lincoln,1040 Gilmer Street,Sulphur Springs,TX,75482,(903) 885-0502,,,https://www.briantoliverlincoln.com/,briantoliverlincoln.com,Website: https://www.briantoliverlincoln.com/ | Lead inbox: netsale@sulphurspringsford.com | Staff page: blocked | Brand: Lincoln
Casa Lincoln,5815 Montana Ave,El Paso,TX,79925,(915) 779-2272,,,https://www.casalincolnelpaso.com/,casalincolnelpaso.com,Website: https://www.casalincolnelpaso.com/ | Lead inbox: casa@casaford.com | Staff page: no_staff_page | Brand: Lincoln
Center Motor Company,825 Hurst Street,Center,TX,75935,(936) 598-3361,Dorian Cerrato,,https://www.centermotorcompanylincoln.com/,centermotorcompanylincoln.com,Title: Sales Manager | Website: https://www.centermotorcompanylincoln.com/ | Source: https://www.centermotorcompanylincoln.com/dealership/staff.htm (no email published for this contact) | Lead inbox: k-jones2@classicnet.net | Brand: Lincoln
Covert Lincoln,11514 Research Blvd,Austin,TX,78759,(512) 345-4343,Coy Alexander,,https://www.covertlincoln.com/,covertlincoln.com,Title: General Manager | Website: https://www.covertlincoln.com/ | Source: https://www.covertlincoln.com/staff (no email published for this contact) | Lead inbox: vickibuchanan@covertauto.com | Brand: Lincoln
David McDavid Lincoln Frisco,6400 TX Hwy 121,Frisco,TX,75034,(972) 964-5000,,,https://www.mcdavidlincolnfrisco.net/,mcdavidlincolnfrisco.net,Website: https://www.mcdavidlincolnfrisco.net/ | Lead inbox: csprayberry@mcdavid.com | Staff page: blocked | Brand: Lincoln
Grapevine Lincoln,801 E. State Hwy 114,Grapevine,TX,76051,(817) 380-4107,,,https://www.lincolnofgrapevine.net/,lincolnofgrapevine.net,Website: https://www.lincolnofgrapevine.net/ | Staff page: blocked | Brand: Lincoln
Group 1 Lincoln of Hub City,6000 West 19th,Lubbock,TX,79407,(806) 793-2727,,,https://www.genemesserlincoln.net/,genemesserlincoln.net,Website: https://www.genemesserlincoln.net/ | Lead inbox: caevans@genemesser.com | Staff page: blocked | Brand: Lincoln
Hooks Lincoln,8900 West Freeway,Fort Worth,TX,76108,(817) 596-0044,Bob Garbo,garbo@hookslincoln.com,https://www.hookslincoln.net/,hookslincoln.net,Title: General Manager | Website: https://www.hookslincoln.net/ | Source: https://www.hookslincoln.com/staff | Lead inbox: koryh@hooksautos.com | Brand: Lincoln
Jack O Diamonds,2500 W Southwest Loop 323,Tyler,TX,75701,(903) 561-5225,,,https://www.jackodiamondslincoln.com/,jackodiamondslincoln.com,Website: https://www.jackodiamondslincoln.com/ | Lead inbox: cbutcher@cox.internet.com | Staff page: blocked | Brand: Lincoln
Johnson BrothersLincoln,7455  South General Bruce Dr.,Temple,TX,76502,(254) 773-5257,Eddy Young,,https://www.johnsonbroslincoln.net/,johnsonbroslincoln.net,Title: General Sales Manager | Website: https://www.johnsonbroslincoln.net/ | Source: https://www.johnsonbroslincoln.com/staff (no email published for this contact) | Lead inbox: sales@johnsonbrosford.com | Brand: Lincoln
Mac Haik Ford Lincoln of Georgetown,7201 South Interstate 35,Georgetown,TX,78626,(512) 930-3673,,,https://www.machaiklincoln.net/,machaiklincoln.net,Website: https://www.machaiklincoln.net/ | Lead inbox: sales@machaikflm.com | Staff page: blocked | Brand: Lincoln
North Park Lincoln,9207 San Pedro,San Antonio,TX,78216,(210) 341-8841,Diego Iturbe,,https://www.northparklincoln.net/,northparklincoln.net,Title: General Manager | Website: https://www.northparklincoln.net/ | Source: https://www.nplincoln.com/staff (no email published for this contact) | Brand: Lincoln
North Park Lincoln at Dominion,20985 I-10,San Antonio,TX,78257,,Trey Horner,thorner@nplincoln.com,https://www.nplincolndominion.com/,nplincolndominion.com,Title: General Sales Manager | Website: https://www.nplincolndominion.com/ | Source: https://www.nplincolndominion.com/staff | Brand: Lincoln
Planet Lincoln,20403 I-45 North,Spring,TX,77388,(281) 719-3700,,,https://www.planetlincolnspring.com/,planetlincolnspring.com,Website: https://www.planetlincolnspring.com/ | Lead inbox: internet@planetford.com | Staff page: blocked | Brand: Lincoln
Planet Lincoln Love Field,7767 Lemmon Avenue,Dallas,TX,75209,(972) 354-5200,Ward Jones,,https://www.loveplanetlincoln.net/,loveplanetlincoln.net,Title: Sales Manager | Website: https://www.loveplanetlincoln.net/ | Source: https://www.planetlincolndallaslovefield.com/staff (no email published for this contact) | Brand: Lincoln
Rogers Lincoln,4200 West Wall Street,Midland,TX,79703,(432) 694-8801,Corey Pollock,,https://www.rogerslincoln.com/,rogerslincoln.com,Title: General Sales Manager | Website: https://www.rogerslincoln.com/ | Source: https://www.rogerslincoln.com/staff (no email published for this contact) | Lead inbox: amber@rogersford.com | Brand: Lincoln
Sames McAllen Lincoln,1301 E Expressway 83,McAllen,TX,78501,(956) 686-7411,,,https://www.samesmcallenlincoln.net/,samesmcallenlincoln.net,Website: https://www.samesmcallenlincoln.net/ | Staff page: blocked | Brand: Lincoln
Sewell Lincoln – Odessa #1,"7270 TX-191, Suite 101",Odessa,TX,79765,,,,,,Staff page: no_staff_page | Brand: Lincoln
Sewell Lincoln – Odessa #2,4400 Parks Legado Road,Odessa,TX,79765,(432) 498-0421,,,https://www.sewelllincoln.net/,sewelllincoln.net,Website: https://www.sewelllincoln.net/ | Lead inbox: stevenu@sewellford.com | Staff page: no_staff_page | Brand: Lincoln
West Point Lincoln,11666 Katy Freeway,Houston,TX,77043,(281) 493-2000,Ryan O'Cain,,https://www.westpointlincolnofhouston.com/,westpointlincolnofhouston.com,Title: General Manager | Website: https://www.westpointlincolnofhouston.com/ | Source: https://www.westpointlincolnofhouston.com/staff (no email published for this contact) | Brand: Lincoln
West Point Lincoln of Sugar Land,11833 Southwest Freeway,Houston,TX,77031,(855) 335-3500,Ruben Mendoza,,https://www.westpointlincolnsugarland.net/,westpointlincolnsugarland.net,Title: General Manager | Website: https://www.westpointlincolnsugarland.net/ | Source: https://www.westpointlincolnofsugarland.com/staff (no email published for this contact) | Brand: Lincoln
Larry H. Miller Ford Lincoln Draper,11442 S. Lone Peak,Draper,UT,84020,(801) 563-4000,,,https://www.larryhmillerlincolndraper.com/,larryhmillerlincolndraper.com,Website: https://www.larryhmillerlincolndraper.com/ | Lead inbox: robert.bowen@lhmauto.com | Staff page: blocked | Brand: Lincoln
"Bob Wade Lincoln, Inc.",3005 South Main Street,Harrisonburg,VA,22801,(540) 434-3900,,,https://www.bobwadelincoln.net/,bobwadelincoln.net,Website: https://www.bobwadelincoln.net/ | Lead inbox: bobwade@intelos.net | Staff page: blocked | Brand: Lincoln
CMA's Colonial Lincoln,100 Myers Drive,Charlottesville,VA,22901,(434) 951-1000,,,https://www.colonialautolincoln.com/,colonialautolincoln.com,Website: https://www.colonialautolincoln.com/ | Lead inbox: sales@colonialnet.com | Staff page: blocked | Brand: Lincoln
Cavalier Lincoln,1515 South Military Highway,Chesapeake,VA,23320,(757) 424-1111,Danny Rodriguez,,https://www.cavalierlincoln.com/,cavalierlincoln.com,Title: Sales Director | Website: https://www.cavalierlincoln.com/ | Source: https://www.cavalierlincoln.com/staff (no email published for this contact) | Lead inbox: info@cavalierford.com | Brand: Lincoln
Empire Lincoln,106 Old Jonesboro Road,Abingdon,VA,24210,(276) 628-2127,,,https://www.empirelincoln.com/,empirelincoln.com,Website: https://www.empirelincoln.com/ | Lead inbox: empireford@naxs.net | Staff page: no_staff_page | Brand: Lincoln
Magic City Lincoln,809 Williamson Rd,Roanoke,VA,24016,(540) 345-0911,Jim Sanders,,https://www.magiccitylincoln.net/,magiccitylincoln.net,Title: General Sales Manager | Website: https://www.magiccitylincoln.net/ | Source: https://www.MagicCityLincoln.net/staff (no email published for this contact) | Lead inbox: info@magiccityford.com | Brand: Lincoln
Ourisman Lincoln of Alexandria,6129 Richmond Highway,Alexandria,VA,22303,(703) 660-9000,,,https://www.ourismanlincoln.net/,ourismanlincoln.net,Website: https://www.ourismanlincoln.net/ | Lead inbox: sales@ourismanva.dealerspace.com | Staff page: blocked | Brand: Lincoln
Richmond Lincoln,4600 West Broad Street,Richmond,VA,23230,(804) 358-5521,Mike Serpico,mserpico@richmondford.com,https://www.richmondlincoln.net/,richmondlincoln.net,Title: General Manager | Website: https://www.richmondlincoln.net/ | Source: https://www.richmondLincoln.net/dealership/staff.htm (name) + Lincoln dealer locator (email match) | Brand: Lincoln
Ted Britt Chantilly Lincoln,4175 Auto Park Circle,Chantilly,VA,20151,(703) 673-2300,Michael Britt,mbritt@tedbritt.com,https://www.tedbrittlincolnofchantilly.com/,tedbrittlincolnofchantilly.com,Title: General Manager | Website: https://www.tedbrittlincolnofchantilly.com/ | Source: https://www.tedbrittlincolnofchantilly.com/staff | Lead inbox: tedbrittfordsales@leads.gs.reyrey.com | Brand: Lincoln
Hayes Lincoln,439 East Main Street,Newport,VT,05855,(802) 334-6587,,,https://www.hayeslincoln.com/,hayeslincoln.com,Website: https://www.hayeslincoln.com/ | Lead inbox: salesdept@hayesford.com | Staff page: blocked | Brand: Lincoln
Evergreen Lincoln,1500 - 18th Ave NW,Issaquah,WA,98027,(425) 392-6900,,,https://www.evergreenlincoln.com/,evergreenlincoln.com,Website: https://www.evergreenlincoln.com/ | Staff page: blocked | Brand: Lincoln
Knudtsen Foothills Lincoln,202 E. North Foothills Dr.,Spokane,WA,99207,(509) 324-8200,,,https://www.foothillslincoln.net/,foothillslincoln.net,Website: https://www.foothillslincoln.net/ | Staff page: blocked | Brand: Lincoln
Korum Lincoln,150 River Rd.,Puyallup,WA,98371,(253) 845-6600,Justin Price,,https://www.korumlincoln.com/,korumlincoln.com,Title: General Manager | Website: https://www.korumlincoln.com/ | Source: https://www.korumlincoln.com/staff (no email published for this contact) | Brand: Lincoln
Pierre Lincoln of Lynnwood,20030 Highway 99,Lynnwood,WA,98036,(425) 774-4141,,,https://www.harrislincoln.net/,harrislincoln.net,Website: https://www.harrislincoln.net/ | Lead inbox: lukb@harrisford.com | Staff page: blocked | Brand: Lincoln
Bergstrom Neenah Ford-Lincoln,525 S. Green Bay Road,Neenah,WI,54956,(920) 727-9000,,,https://www.bergstromneenahlincoln.com/,bergstromneenahlincoln.com,Website: https://www.bergstromneenahlincoln.com/ | Lead inbox: nmford@bergstromauto.com | Staff page: no_staff_page | Brand: Lincoln
Dorsch Lincoln,2641 Eaton Rd.,Green Bay,WI,54311,(920) 469-3000,Terrien Internet,,https://www.dorschlincoln.com/,dorschlincoln.com,Title: Sales Manager | Website: https://www.dorschlincoln.com/ | Source: https://www.dorschlincoln.com/staff (no email published for this contact) | Lead inbox: ileads@dorschfordkia.com | Brand: Lincoln
Eau Claire Lincoln,2909 Lorch Avenue,Eau Claire,WI,54701,(715) 834-2056,,,https://www.lincolnofeauclaire.com/,lincolnofeauclaire.com,Website: https://www.lincolnofeauclaire.com/ | Lead inbox: customercare@eauclaireford.com | Staff page: no_staff_page | Brand: Lincoln
Gordie Boucher Lincoln,3161 South 108th St,West Allis,WI,53227,(800) 670-4160,,,https://www.gordieboucherlincoln.net/,gordieboucherlincoln.net,Website: https://www.gordieboucherlincoln.net/ | Lead inbox: wa@gordie.com | Staff page: no_staff_page | Brand: Lincoln
Gordie Boucher Lincoln of Janesville,2727 Highway 14,Janesville,WI,53545,(608) 754-5511,,,https://www.gordieboucherlincolnofjanesville.com/,gordieboucherlincolnofjanesville.com,Website: https://www.gordieboucherlincolnofjanesville.com/ | Lead inbox: contact@gordie.com | Staff page: no_staff_page | Brand: Lincoln
Gordie Boucher Lincoln of West Bend,3021 West Washington Avenue,West Bend,WI,53095,(262) 338-3379,,,https://www.gordieboucherlincolnofwestbend.com/,gordieboucherlincolnofwestbend.com,Website: https://www.gordieboucherlincolnofwestbend.com/ | Lead inbox: wb@gordie.com | Staff page: no_staff_page | Brand: Lincoln
Heiser Lincoln,1700 W. Silver Spring Dr.,Glendale,WI,53209,(414) 228-5700,Chad Formico,,https://www.heiserlincoln.com/,heiserlincoln.com,Title: General Manager | Website: https://www.heiserlincoln.com/ | Source: https://www.heiserlincoln.com/sales-staff.htm (no email published for this contact) | Lead inbox: heiseral@users.ccleads.com | Brand: Lincoln
Kayser Lincoln,2303 W Beltline Highway,Madison,WI,53713,(608) 276-0200,,,https://www.kayserlincolnmadison.com/,kayserlincolnmadison.com,Website: https://www.kayserlincolnmadison.com/ | Lead inbox: inet@kayseronline.com | Staff page: no_staff_page | Brand: Lincoln
Uptown Lincoln,2001 N Mayfair Rd,Wauwatosa,WI,53226,(414) 771-9000,,,https://www.uptownmotorslincoln.com/,uptownmotorslincoln.com,Website: https://www.uptownmotorslincoln.com/ | Lead inbox: ruth@uptownmotors.com | Staff page: blocked | Brand: Lincoln
Kent Parsons Lincoln,1400 Shepherdstown Road,Martinsburg,WV,25404,(304) 263-3344,,,https://www.parsonslincoln.com/,parsonslincoln.com,Website: https://www.parsonslincoln.com/ | Lead inbox: m-poffen@dealeremail.com | Staff page: blocked | Brand: Lincoln
Lincoln of Morgantown,501 Mary Jane Wood Circle,Morgantown,WV,26501,(304) 446-7000,,,,,Brand: Lincoln
Moses Lincoln,2001 MacCorkle Avenue,St Albans,WV,25177,(304) 722-4900,,,https://www.moseslincoln.net/,moseslincoln.net,Website: https://www.moseslincoln.net/ | Lead inbox: mikeramsey@mosesford.com | Staff page: blocked | Brand: Lincoln
Thornhill Lincoln,U.S. Route 119 North,Chapmanville,WV,25508,(304) 855-8300,Mike Bissell,,https://www.thornhilllincoln.com/,thornhilllincoln.com,Title: General Sales Manager | Website: https://www.thornhilllincoln.com/ | Source: https://www.thornhilllincoln.com/staff (no email published for this contact) | Lead inbox: b-brow14@dealeremail.com | Brand: Lincoln
