Dealer Name,Address,City,State,Zip,Phone,Contact Name,Contact Email,Website,Domains,Notes
CONTINENTAL MAZDA,4800 Old Seward Hwy,Anchorage,AK,99503,(907) 562-2722,Julius Cumlat,,http://www.continental-mazda.com/,continental-mazda.com,Title: General Sales Manager | Website: http://www.continental-mazda.com/ | Source: https://www.continental-mazda.com/about-us/staff/ (no email published for this contact) | Brand: Mazda
DEAN MCCRARY MAZDA,1739 E. I-65 Service Rd S,Mobile,AL,36606,(251) 471-3326,,,http://www.deanmccrarymazda.com/,deanmccrarymazda.com,Website: http://www.deanmccrarymazda.com/ | Lead inbox: internetmanager@deanmccrary.com | Staff page: blocked | Brand: Mazda
HILEY MAZDA OF HUNTSVILLE,6934 Highway 72,Huntsville,AL,35806,(256) 881-1881,,,http://www.hileymazdahuntsville.com/,hileymazdahuntsville.com,Website: http://www.hileymazdahuntsville.com/ | Lead inbox: sturner@hileyhuntsville.com | Staff page: no_staff_page | Brand: Mazda
MED CENTER MAZDA,80 Drivers Way,Pelham,AL,35124,(205) 226-0929,Matt Clarkson,matt@medcentermazda.com,http://www.medcentermazda.com/,medcentermazda.com,Title: General Sales Manager | Website: http://www.medcentermazda.com/ | Source: https://www.medcentermazda.com/about-us/staff/ (name) + Mazda dealer locator (email match) | Brand: Mazda
TUSCALOOSA MAZDA,3100 Skyland Blvd E,Tuscaloosa,AL,35405,(205) 507-1000,Mario Garner,,http://www.tuscaloosamazda.com/,tuscaloosamazda.com,Title: General Sales Manager | Website: http://www.tuscaloosamazda.com/ | Source: https://www.tuscaloosamazda.com/dealership/staff.htm (no email published for this contact) | Brand: Mazda
COGSWELL MAZDA,1900 East Main,Russellville,AR,72801,(479) 968-2665,Richard Roberts,rroberts@cogswellmotors.com,http://www.cogswellmazda.com/,cogswellmazda.com,Title: General Sales Manager | Website: http://www.cogswellmazda.com/ | Source: https://www.cogswellmazda.com/staff | Brand: Mazda
MCLARTY MAZDA,6030 Landers Road,North Little Rock,AR,72117,(501) 945-5353,Consultant Mo Elhouri,,http://www.mclartymazda.com/,mclartymazda.com,Title: General Sales Manager | Website: http://www.mclartymazda.com/ | Source: https://www.mclartymazda.com/about-us/staff/ (no email published for this contact) | Brand: Mazda
SUPERIOR MAZDA,2600 Se Moberly Lane,Bentonville,AR,72712,(479) 845-0083,,,http://www.superiormazda.com/,superiormazda.com,Website: http://www.superiormazda.com/ | Lead inbox: superiormazda@eleadtrack.ocm | Staff page: blocked | Brand: Mazda
BERGE MAZDA,385 West Baseline Road,Gilbert,AZ,85233,(480) 833-0001,the scenery.,,http://www.bergemazda.com/,bergemazda.com,Title: Product Specialist | Website: http://www.bergemazda.com/ | Source: https://www.bergemazda.com:443/meet-our-staff/ (no email published for this contact) | Brand: Mazda
BILLALEXANDER FLIGHTLINE MAZDA,1350 East 32Nd Street,Yuma,AZ,85365,(928) 314-3400,,,http://www.flightlinemazda.com/,flightlinemazda.com,Website: http://www.flightlinemazda.com/ | Lead inbox: renriquez1973@gmail.com | Brand: Mazda
CARDINALEWAY MAZDA,6343 E Test Drive,Mesa,AZ,85206,(480) 355-4444,,,http://www.cardinalewaymazdamesa.com/,cardinalewaymazdamesa.com,Website: http://www.cardinalewaymazdamesa.com/ | Lead inbox: cwmazdawebleads@cardinaleway.com | Staff page: no_staff_page | Brand: Mazda
CARDINALEWAY MAZDA AT PEORIA,8424 W. Bell Road,Peoria,AZ,85382,(623) 933-3900,,,http://cardinalewaymazdapeoria.com/,cardinalewaymazdapeoria.com,Website: http://cardinalewaymazdapeoria.com/ | Lead inbox: rschilling@cardinaleway.com | Staff page: no_staff_page | Brand: Mazda
CHAPMAN MAZDA,999 W Bell Rd,Phoenix,AZ,85023,(602) 344-6940,George Salman,,http://www.chapmanmazda.com/,chapmanmazda.com,Title: General Manager | Website: http://www.chapmanmazda.com/ | Source: https://www.chapmanmazda.com/about-us/staff/ (no email published for this contact) | Lead inbox: halbliss@chapmanchoice.com | Brand: Mazda
GALPIN MAZDA – Prescott,1000 Sandretto Drive,Prescott,AZ,86305,(928) 445-3673,,,http://www.galpinmazdaofprescott.com/,galpinmazdaofprescott.com,Website: http://www.galpinmazdaofprescott.com/ | Staff page: no_staff_page | Brand: Mazda
HORNE MAZDA,7777 South Test Drive,Tempe,AZ,85284,(480) 896-9929,Ryan Deluca,,http://www.hornemazda.com/,hornemazda.com,Title: General Sales Manager | Website: http://www.hornemazda.com/ | Source: https://www.hornemazda.com:443/meet-our-team/ (no email published for this contact) | Brand: Mazda
HORNE MAZDA AVONDALE,10675 W Papago Freeway,Avondale,AZ,85323,(623) 323-2995,Dem Bussche,,http://www.hornemazdaavondale.com/,hornemazdaavondale.com,Title: General Sales Manager | Website: http://www.hornemazdaavondale.com/ | Source: https://www.hornemazdaavondale.com:443/meet-our-team/ (no email published for this contact) | Brand: Mazda
JIM CLICK MAZDA EASTSIDE,1301 S Wilmot Rd,Tucson,AZ,85711,(520) 690-5002,Jeff Ellingboe,,http://www.jimclickmazdaeast.com/,jimclickmazdaeast.com,Title: General Manager | Website: http://www.jimclickmazdaeast.com/ | Source: https://www.jimclickmazdaeast.com/staff (no email published for this contact) | Brand: Mazda
MARK MAZDA,3875 N. 89Th Street,Scottsdale,AZ,85251,(480) 748-4400,,,http://www.markmazdascottsdale.com/,markmazdascottsdale.com,Website: http://www.markmazdascottsdale.com/ | Staff page: no_staff_page | Brand: Mazda
AUTONATION MAZDA CARLSBAD,5365 Car Country Drive,Carlsbad,CA,92008,(760) 620-0950,,,http://www.autonationmazdacarlsbad.com/,autonationmazdacarlsbad.com,Website: http://www.autonationmazdacarlsbad.com/ | Staff page: blocked | Brand: Mazda
BAKERSFIELD MAZDA,3201 Bashirtash Dr,Bakersfield,CA,93313,(661) 328-8000,,,http://bakersfieldmazda.com/,bakersfieldmazda.com,Website: http://bakersfieldmazda.com/ | Staff page: no_staff_page | Brand: Mazda
BROWNING MAZDA CERRITOS,18827 Studebaker Road,Cerritos,CA,90703,(562) 924-1414,Ali Joumaa,,http://www.browningmazda.com/,browningmazda.com,Title: General Sales Manager | Website: http://www.browningmazda.com/ | Source: https://www.browningmazda.com/about-us/staff/ (no email published for this contact) | Lead inbox: mazda@browningmazda.dealer.com | Brand: Mazda
CAPISTRANO MAZDA,32852 Valle Road,San Juan Capistrano,CA,92675,(949) 218-2445,Tom Deering,,http://www.capomazda.com/,capomazda.com,Title: General Sales Manager | Website: http://www.capomazda.com/ | Source: https://www.capomazda.com/about-us/staff/ (no email published for this contact) | Brand: Mazda
CAPITOL MAZDA,980 Capitol Expressway,San Jose,CA,95136,(408) 723-8800,,,http://www.capitolmazdasj.com/,capitolmazdasj.com,Website: http://www.capitolmazdasj.com/ | Lead inbox: sales@sanjose.mazdaleads.com | Staff page: no_staff_page | Brand: Mazda
CARDINALE MAZDA,555 Auto Center Circle,Salinas,CA,93907,(831) 772-5510,,,http://www.cardinalemazda.com/,cardinalemazda.com,Website: http://www.cardinalemazda.com/ | Lead inbox: hrojas@cardinaleway.com | Staff page: no_staff_page | Brand: Mazda
CARDINALEWAY MAZDA CORONA,2595 Wardlow Road,Corona,CA,92882,(951) 393-0710,,,http://www.cardinalewaymazdacorona.com/,cardinalewaymazdacorona.com,Website: http://www.cardinalewaymazdacorona.com/ | Lead inbox: varmijo@cardinaleway.com | Staff page: no_staff_page | Brand: Mazda
CARUSO MAZDA OF LONG BEACH,3600 Cherry Ave,Long Beach,CA,90807,(562) 426-5110,Steven Suh,,http://www.carusomazda.com/,carusomazda.com,Title: General Sales Manager | Website: http://www.carusomazda.com/ | Source: https://www.carusomazda.com/about-us/staff/ (no email published for this contact) | Brand: Mazda
CHICO MAZDA,928 Main Street,Chico,CA,95928,(530) 571-9109,Joshua Meyer,,http://www.chicomazda.com/,chicomazda.com,Title: Sales Manager | Website: http://www.chicomazda.com/ | Source: https://www.chicomazda.com/staff (no email published for this contact) | Brand: Mazda
CONCORD MAZDA,1001 Burnett Avenue,Concord,CA,94520,(925) 326-3000,Shaun Capaul,,http://www.concordmazda.com/,concordmazda.com,Title: General Sales Manager | Website: http://www.concordmazda.com/ | Source: https://www.concordmazda.com/about-us/staff/ (no email published for this contact) | Brand: Mazda
CULVER CITY MAZDA,11215 Washington Blvd,Culver City,CA,90230,(310) 391-0445,Nesh Sekulic,,http://www.culvercitymazda.com/,culvercitymazda.com,Title: General Manager | Website: http://www.culvercitymazda.com/ | Source: https://www.culvercitymazda.com/about-us/staff/ (no email published for this contact) | Brand: Mazda
DIAMOND MAZDA,1015 Auto Mall Dr,Lancaster,CA,93534,(661) 945-7590,,,http://www.diamondmazdaav.com/,diamondmazdaav.com,Website: http://www.diamondmazdaav.com/ | Staff page: no_staff_page | Brand: Mazda
DUBLIN MAZDA,6363 Scarlett Court,Dublin,CA,94568,(925) 364-9000,,,,,Lead inbox: sales@dublinmazda.com | Brand: Mazda
FONTANA MAZDA,16800 S Highland Ave,Fontana,CA,92336,(909) 550-5100,,,http://www.fontanamazda.com/,fontanamazda.com,Website: http://www.fontanamazda.com/ | Brand: Mazda
FREMONT MAZDA,39800 Balentine Drive,Newark,CA,94560,(888) 206-1544,Popal Karimi,,http://www.fremontmazda.com/,fremontmazda.com,Title: General Sales Manager | Website: http://www.fremontmazda.com/ | Source: https://www.fremontmazda.com/dealership/staff.htm (no email published for this contact) | Lead inbox: jpargeon@fremontmazda.com | Brand: Mazda
FRESNO MAZDA,5499 N Blackstone,Fresno,CA,93710,(559) 256-0700,,,http://www.myfresnomazda.com/,myfresnomazda.com,Website: http://www.myfresnomazda.com/ | Staff page: no_staff_page | Brand: Mazda
GALPIN MAZDA – North Hills,8425 Sepulveda Blvd.,North Hills,CA,91343,(818) 742-3800,,,http://www.galpinmazda.com/,galpinmazda.com,Website: http://www.galpinmazda.com/ | Lead inbox: galpinmazda@dealersocket.com | Staff page: no_staff_page | Brand: Mazda
HANSEL MAZDA,2979 Corby Avenue,Santa Rosa,CA,95407,(707) 578-1300,,,http://www.hanselmazda.com/,hanselmazda.com,Website: http://www.hanselmazda.com/ | Staff page: no_staff_page | Brand: Mazda
HELLO MAZDA OF SAN DIEGO,6999 Clairemont Mesa Blvd,San Diego,CA,92111,(619) 786-1456,Gavin Sankey,,http://www.hellomazdasandiego.com/,hellomazdasandiego.com,Title: General Manager | Website: http://www.hellomazdasandiego.com/ | Source: https://www.hellomazdasandiego.com/about-us/staff/ (no email published for this contact) | Brand: Mazda
HELLO MAZDA OF TEMECULA,42050 Dlr Drive,Temecula,CA,92591,(951) 590-4712,Oscar Balley,,http://www.hellomazdatemecula.com/,hellomazdatemecula.com,Title: General Sales Manager | Website: http://www.hellomazdatemecula.com/ | Source: https://www.hellomazdatemecula.com/about-us/staff/ (no email published for this contact) | Brand: Mazda
HUNTINGTON BEACH MAZDA,16800 Beach Blvd.,Huntington Beach,CA,92647,(714) 848-7739,,,http://www.huntingtonbeachmazda.com/,huntingtonbeachmazda.com,Website: http://www.huntingtonbeachmazda.com/ | Lead inbox: sheriff@ocautoteam.com | Staff page: no_staff_page | Brand: Mazda
KEN FOWLER MAZDA,1265 Airport Park Blvd.,Ukiah,CA,95482,(707) 468-0101,,,http://www.fowlermazda.com/,fowlermazda.com,Website: http://www.fowlermazda.com/ | Lead inbox: daniel@fowlerautocenter.com | Staff page: blocked | Brand: Mazda
MAITA MAZDA,2410 Auburn Blvd,Sacramento,CA,95821,(916) 486-8000,Alex Bayder,,http://www.maitamazda.com/,maitamazda.com,Title: General Manager | Website: http://www.maitamazda.com/ | Source: https://www.maitamazda.com/about-us/staff/ (no email published for this contact) | Brand: Mazda
MARIN MAZDA,807 Francisco Blvd E,San Rafael,CA,94901,(415) 454-7000,Rami Al-Batniji,,http://www.marinmazda.net/,marinmazda.net,Title: General Sales Manager | Website: http://www.marinmazda.net/ | Source: https://www.marinmazda.net/staff (no email published for this contact) | Brand: Mazda
MAZDA OF CLAREMONT,667 Auto Center Drive,Claremont,CA,91711,(909) 451-5100,Amir Eizadkhah,,http://mazdaofclaremont.com/,mazdaofclaremont.com,Title: General Sales Manager | Website: http://mazdaofclaremont.com/ | Source: https://www.mazdaofclaremont.com/about-us/staff/ (no email published for this contact) | Lead inbox: leads@drivemazdaofclaremont.com | Brand: Mazda
MAZDA OF ELK GROVE,8588 Laguna Grove Drive,Elk Grove,CA,95757,(888) 355-4768,,,,,Brand: Mazda
"MAZDA OF ESCONDIDO,A PENSKE AUTOMOTIVE DEALER",1560 Auto Park Way,Escondido,CA,92029,(760) 755-5900,,,http://www.mazdaofescondido.com/,mazdaofescondido.com,Website: http://www.mazdaofescondido.com/ | Lead inbox: Amulcahy@penskeautomotive.com | Staff page: blocked | Brand: Mazda
MAZDA OF ORANGE,1360 W. Katella,Orange,CA,92867,(714) 633-6731,,,http://www.mazdaoforange.com/,mazdaoforange.com,Website: http://www.mazdaoforange.com/ | Lead inbox: internetsales@orange.mazdaleads.com | Staff page: blocked | Brand: Mazda
MAZDA OF VACAVILLE,580 Orange Dr.,Vacaville,CA,95687,(707) 222-4308,,,http://www.mazdavacaville.com/,mazdavacaville.com,Website: http://www.mazdavacaville.com/ | Staff page: no_staff_page | Brand: Mazda
MAZDA OF VALENCIA,24111 Creekside Road,Valencia,CA,91355,(661) 403-5197,,,http://www.mazdaofvalencia.com/,mazdaofvalencia.com,Website: http://www.mazdaofvalencia.com/ | Staff page: blocked | Brand: Mazda
MAZDA ROSEVILLE,800 Automall Drive,Roseville,CA,95661,(916) 426-8800,Steven Khuu,,http://www.mazdaroseville.com/,mazdaroseville.com,Title: General Sales Manager | Website: http://www.mazdaroseville.com/ | Source: https://www.mazdaroseville.com/about-us-dep/staff/ (no email published for this contact) | Brand: Mazda
MAZDA SAN FRANCISCO,280 South Van Ness Avenue,San Francisco,CA,94103,(415) 241-8100,,,http://www.mazdasanfrancisco.com/,mazdasanfrancisco.com,Website: http://www.mazdasanfrancisco.com/ | Staff page: blocked | Brand: Mazda
MAZDA THOUSAND OAKS,3500 Auto Mall Drive,Thousand Oaks,CA,91362,(805) 497-9404,,,http://www.mazdathousandoaks.com/,mazdathousandoaks.com,Website: http://www.mazdathousandoaks.com/ | Staff page: blocked | Brand: Mazda
MODESTO MAZDA,4100 Mchenry Ave,Modesto,CA,95356,(209) 526-3303,Santos Executive,,http://www.modestomazda.com/,modestomazda.com,Title: Sales Manager | Website: http://www.modestomazda.com/ | Source: https://www.modestomazda.com/about-us/staff/ (no email published for this contact) | Brand: Mazda
NEW CENTURY MAZDA,1325 W Main St,Alhambra,CA,91801,(626) 884-6077,,,http://www.newcenturymazda.com/,newcenturymazda.com,Website: http://www.newcenturymazda.com/ | Staff page: no_staff_page | Brand: Mazda
OXNARD MAZDA,1601 Ventura Blvd,Oxnard,CA,93036,(805) 307-0090,Cesar Caceres,,http://www.oxnardmazda.com/,oxnardmazda.com,Title: General Manager | Website: http://www.oxnardmazda.com/ | Source: https://www.oxnardmazda.com/about-us/staff/ (no email published for this contact) | Brand: Mazda
PALM SPRINGS MAZDA,69-200 East Palm Canyon Drive,Cathedral City,CA,92234,(760) 328-2102,Scott Simmers,,http://www.palmspringsmazda.com/,palmspringsmazda.com,Title: General Manager | Website: http://www.palmspringsmazda.com/ | Source: https://www.palmspringsmazda.com/about-us/staff/ (no email published for this contact) | Brand: Mazda
PERRY MAZDA,440 Hitchcock Way,Santa Barbara,CA,93105,(805) 682-2411,,,http://www.perrymazda.com/,perrymazda.com,Website: http://www.perrymazda.com/ | Lead inbox: atriant@perrymazda.mazdaleads.com | Staff page: blocked | Brand: Mazda
PUENTE HILLS MAZDA,17723 Gale Avenue,City Of Industry,CA,91748,(626) 923-6477,Steven Sandoval,,http://www.phmazda.com/,phmazda.com,Title: General Sales Manager | Website: http://www.phmazda.com/ | Source: https://www.phmazda.com/about-us/staff/ (no email published for this contact) | Brand: Mazda
PUTNAM MAZDA,65 California Drive,Burlingame,CA,94010,(650) 558-5685,,,http://www.putnammazda.com/,putnammazda.com,Website: http://www.putnammazda.com/ | Staff page: blocked | Brand: Mazda
RIVERSIDE MAZDA,8330 Indiana Avenue,Riverside,CA,92504,(951) 688-9420,,,http://mazdariverside.com/,mazdariverside.com,Website: http://mazdariverside.com/ | Lead inbox: bthomos@riversidemetro.com | Staff page: no_staff_page | Brand: Mazda
SANTA MARIA MAZDA,1001 East Battles Road,Santa Maria,CA,93454,(805) 925-0077,,,http://www.santamariamazda.com/,santamariamazda.com,Website: http://www.santamariamazda.com/ | Lead inbox: rstevens@smautomall.net | Staff page: no_staff_page | Brand: Mazda
SELMA MAZDA,2725 A Auto Mall Drive,Selma,CA,93662,(559) 896-1000,,,http://www.selmamazda.com/,selmamazda.com,Website: http://www.selmamazda.com/ | Lead inbox: missy.brooks@selmaautomall.com | Staff page: no_staff_page | Brand: Mazda
SOUTH BAY MAZDA,20626 Hawthorne Blvd.,Torrance,CA,90503,(310) 974-8177,Matthew Hibben,,http://www.southbaymazda.com/,southbaymazda.com,Title: General Manager | Website: http://www.southbaymazda.com/ | Source: https://www.southbaymazda.com/about-us/staff/ (no email published for this contact) | Lead inbox: mazda@southbaymazda.com | Brand: Mazda
SPREEN MAZDA,25140 Redlands Blvd.,Loma Linda,CA,92354,(909) 363-1000,Matt Humphrey,,http://www.spreenmazda.com/,spreenmazda.com,Title: General Manager | Website: http://www.spreenmazda.com/ | Source: https://www.spreenmazda.com/about-us/staff/ (no email published for this contact) | Lead inbox: mazdamgr@spreen.net | Brand: Mazda
STAR MAZDA,1401 South Brand Blvd,Glendale,CA,91204,(818) 247-1903,,,http://www.star-mazda.com/,star-mazda.com,Website: http://www.star-mazda.com/ | Lead inbox: gmoss@starmazdasupercenter.com | Staff page: no_staff_page | Brand: Mazda
STEVENS CREEK MAZDA,4250 Stevens Creek Blvd,San Jose,CA,95129,(408) 553-6300,Bomdad Pourabdollah,,http://www.stevenscreekmazda.com/,stevenscreekmazda.com,Title: General Sales Manager | Website: http://www.stevenscreekmazda.com/ | Source: https://www.stevenscreekmazda.com/about-us/staff/ (no email published for this contact) | Lead inbox: sales@oaktreemazda.mazdaleads.com | Brand: Mazda
TEAM MAZDA – Vallejo,301-C Auto Mall Parkway,Vallejo,CA,94591,(707) 643-9000,Ricky Tullier,,http://www.vallejomazda.com/,vallejomazda.com,Title: General Sales Manager | Website: http://www.vallejomazda.com/ | Source: https://www.teammazda.com/staff (no email published for this contact) | Lead inbox: nicole.lerner@dgdg.com | Brand: Mazda
TEAM MAZDA OF EL CAJON,572 North Johnson Avenue,El Cajon,CA,92020,(619) 363-6700,Alex Reynoso,,http://www.teammazdaofelcajon.com/,teammazdaofelcajon.com,Title: General Manager | Website: http://www.teammazdaofelcajon.com/ | Source: https://www.teammazdaofelcajon.com/about-us/staff/ (no email published for this contact) | Brand: Mazda
TRACY MAZDA,2680 Auto Plaza Dr,Tracy,CA,95304,(209) 820-7800,,,http://www.tracymazda.com/,tracymazda.com,Website: http://www.tracymazda.com/ | Lead inbox: leads@tracymazda.net | Staff page: no_staff_page | Brand: Mazda
TUSTIN MAZDA,28A Auto Center Drive,Tustin,CA,92782,(714) 832-6222,,,http://www.tustinmazda.com/,tustinmazda.com,Website: http://www.tustinmazda.com/ | Staff page: no_staff_page | Brand: Mazda
TUTTLE-CLICK MAZDA,41 Auto Center Drive,Irvine,CA,92618,(949) 421-3200,Emiliano Alejandro,,http://www.tuttleclickmazda.com/,tuttleclickmazda.com,Title: General Manager | Website: http://www.tuttleclickmazda.com/ | Source: https://www.tuttleclickmazda.com/dealership/staff.htm (no email published for this contact) | Brand: Mazda
VICTORVILLE MAZDA,14821 Palmdale Road,Victorville,CA,92392,(760) 507-2414,,,,,Lead inbox: vs75606-leads@autobasedealer.net | Brand: Mazda
VICTORY MAZDA SAN LEANDRO,680 Marina Blvd.,San Leandro,CA,94577,(510) 880-8000,Juan Camacho,,http://www.victorymazdasanleandro.com/,victorymazdasanleandro.com,Title: General Sales Manager | Website: http://www.victorymazdasanleandro.com/ | Source: https://www.victorymazdasanleandro.com/about-us/meet-our-team/ (no email published for this contact) | Brand: Mazda
WESTCOTT MAZDA,2800 National City Blvd.,National City,CA,91950,(619) 474-1591,Elaster Internet,,http://www.westcottmazda.com/,westcottmazda.com,Title: Sales Manager | Website: http://www.westcottmazda.com/ | Source: https://www.westcottmazda.com/dealership/staff.htm (no email published for this contact) | Brand: Mazda
WHEELER MAZDA,350 Colusa Ave.,Yuba City,CA,95991,(530) 673-9160,Sergio Robles,srobles@wheelerautocenter.com,http://www.wheelermazda.com/,wheelermazda.com,Title: Sales Manager | Website: http://www.wheelermazda.com/ | Source: https://www.wheelermazda.com/staff | Lead inbox: ileads@wheelerautocenter.com | Brand: Mazda
2 MAZDA,3850 Byrd Drive,Loveland,CO,80538,(970) 223-6666,Jeremy Moore,,http://www.2mazda.com/,2mazda.com,Title: General Sales Manager | Website: http://www.2mazda.com/ | Source: https://www.2mazda.com/about-us/staff/ (no email published for this contact) | Brand: Mazda
AUTONATION MAZDA ARAPAHOE,10301 East Arapahoe Road,Centennial,CO,80112,(720) 739-6960,,,http://www.autonationmazdaarapahoe.com/,autonationmazdaarapahoe.com,Website: http://www.autonationmazdaarapahoe.com/ | Staff page: blocked | Brand: Mazda
BOB PENKHUS MAZDA AT POWERS,7455 Test Drive,Colorado Springs,CO,80923,(719) 785-9666,,,http://www.bobpenkhusmazdaatpowers.com/,bobpenkhusmazdaatpowers.com,Website: http://www.bobpenkhusmazdaatpowers.com/ | Staff page: no_staff_page | Brand: Mazda
"BOB PENKHUS VOLVO MAZDA,INC.",1101 Motor City Drive,Colorado Springs,CO,80905,(719) 473-4595,,,http://www.bobpenkhusmazda.com/,bobpenkhusmazda.com,Website: http://www.bobpenkhusmazda.com/ | Staff page: no_staff_page | Brand: Mazda
MCDONALD MAZDA NORTH,1461 Vista View Drive,Longmont,CO,80504,(303) 678-8950,,,http://mcdonaldmazdanorth.com/,mcdonaldmazdanorth.com,Website: http://mcdonaldmazdanorth.com/ | Staff page: blocked | Brand: Mazda
MCDONALD MAZDA SOUTH,6100 So. Broadway,Littleton,CO,80121,(303) 928-7373,,,http://www.mcdonaldmazda.com/,mcdonaldmazda.com,Website: http://www.mcdonaldmazda.com/ | Lead inbox: imccrea@mcdonaldag.com | Staff page: blocked | Brand: Mazda
MCDONALD MAZDA WEST,10345 West Colfax Ave,Lakewood,CO,80215,(303) 928-7281,,,http://www.mcdonaldmazdawest.com/,mcdonaldmazdawest.com,Website: http://www.mcdonaldmazdawest.com/ | Lead inbox: jpark@mcdonaldag.com | Staff page: blocked | Brand: Mazda
SCHOMP MAZDA,90 Havana St,Aurora,CO,80010,(720) 262-4320,Ebenezer Djaleta,,http://www.schompmazda.com/,schompmazda.com,Title: General Sales Manager | Website: http://www.schompmazda.com/ | Source: https://www.schompmazda.com/about-us/staff/ (no email published for this contact) | Brand: Mazda
"SILL-TERHAR MOTORS,INC.",1480 W 1St Ave,Broomfield,CO,80020,(303) 469-1801,,,http://www.sthmazda.com/index.htm/,sthmazda.com,Website: http://www.sthmazda.com/index.htm/ | Staff page: blocked | Brand: Mazda
CENTRAL MAZDA,96 Lathrop Road,Plainfield,CT,06374,(866) 992-2324,,,http://www.centralmazdact.com/,centralmazdact.com,Website: http://www.centralmazdact.com/ | Staff page: blocked | Brand: Mazda
COLONIAL MAZDA – Danbury,100 C Federal Road,Danbury,CT,06810,(203) 748-8700,Mike Black,,http://www.colonialmazda.com/,colonialmazda.com,Title: General Manager | Website: http://www.colonialmazda.com/ | Source: https://www.shopcolonialmazda.com/about-us/staff/ (no email published for this contact) | Lead inbox: rmorel@colonialmazda.mazdaleads.com | Brand: Mazda
HAMDEN MAZDA,200 Skiff Street,Hamden,CT,06517,(203) 288-7761,,,http://www.hamdenmazda.com/,hamdenmazda.com,Website: http://www.hamdenmazda.com/ | Staff page: no_staff_page | Brand: Mazda
LIBERTY MAZDA – Hartford,91 West Service Road,Hartford,CT,06120,(860) 240-7406,,,http://www.libertymazda.net/,libertymazda.net,Website: http://www.libertymazda.net/ | Lead inbox: wilkiec@executiveag.com | Staff page: blocked | Brand: Mazda
MANCHESTER MAZDA,80 Oakland Street,Manchester,CT,06042,(860) 645-4100,Brandon Hansen,,http://www.manchestermazda.com/,manchestermazda.com,Title: General Manager | Website: http://www.manchestermazda.com/ | Source: https://www.manchestermazda.com/about-us/staff/ (no email published for this contact) | Brand: Mazda
MAZDA OF MILFORD,915 Boston Post Road,Milford,CT,06460,(203) 877-0311,Julian Gangemi,,http://mazdaofmilford.com/,mazdaofmilford.com,Title: General Sales Manager | Website: http://mazdaofmilford.com/ | Source: https://www.mazdaofmilford.com/staff (no email published for this contact) | Lead inbox: lherringshaw@ctsownvolvo.com | Brand: Mazda
MODERN MAZDA,68 Waterbury Rd,Thomaston,CT,06787,(860) 283-4304,Edward Shaker,,http://www.modernmazda.com/,modernmazda.com,Title: General Manager | Website: http://www.modernmazda.com/ | Source: https://www.modernmazda.com/about-us/staff/ (no email published for this contact) | Lead inbox: sales@modernmazda.com | Brand: Mazda
RILEY MAZDA,75 Myrtle Avenue,Stamford,CT,06902,(203) 978-5780,Curtis Riley,,http://www.rileymazda.com/,rileymazda.com,Title: General Manager | Website: http://www.rileymazda.com/ | Source: https://www.rileymazda.com/dealership/staff.htm (no email published for this contact) | Lead inbox: kathy@rileymazda.com | Brand: Mazda
WHALING CITY MAZDA,567 Colman Street,New London,CT,06320,(860) 443-2489,,,http://www.whalingcitymazda.com/,whalingcitymazda.com,Website: http://www.whalingcitymazda.com/ | Lead inbox: sales@whalingmazda.edealerhub.com | Staff page: no_staff_page | Brand: Mazda
HERTRICH CAPITOL MAZDA,1127 S. Dupont Highway,Dover,DE,19901,(302) 674-8900,JoBeth Nicholson,,http://www.hertrichscapitol.com/,hertrichscapitol.com,Title: General Manager | Website: http://www.hertrichscapitol.com/ | Source: https://www.hertrichscapitol.com/dealership/staff.htm (no email published for this contact) | Lead inbox: nlofland@hertrichs.com | Brand: Mazda
MARTIN MAZDA,289 East Cleveland Avenue,Newark,DE,19711,(302) 738-5200,,,http://www.martinmazda.com/,martinmazda.com,Website: http://www.martinmazda.com/ | Lead inbox: edamiani@martindelivers.com | Staff page: blocked | Brand: Mazda
NUCAR MAZDA,172 North Dupont Highway,New Castle,DE,19720,(302) 322-2277,,,http://www.nucarmazdanewcastle.com/,nucarmazdanewcastle.com,Website: http://www.nucarmazdanewcastle.com/ | Lead inbox: dcarsch@nucar.com | Staff page: blocked | Brand: Mazda
BONIFACE HIERS MAZDA,625 East Nasa Boulevard,Melbourne,FL,32901,(321) 725-1100,Foundation Event.,,http://www.bonifacehiersmazda.com/,bonifacehiersmazda.com,Title: General Manager | Website: http://www.bonifacehiersmazda.com/ | Source: https://www.bonifacehiersmazda.com:443/meet-our-staff/ (no email published for this contact) | Lead inbox: fliquori@bonifacehiers.com | Brand: Mazda
BRICKELL MAZDA,618 Southwest 8Th Street,Miami,FL,33130,(305) 856-3000,,,http://www.brickellmazda.com/,brickellmazda.com,Website: http://www.brickellmazda.com/ | Staff page: no_staff_page | Brand: Mazda
CLASSIC MAZDA – Orlando,1983 North Semoran Boulevard,Orlando,FL,32807,(407) 681-2222,,,http://www.classicmazda.com/,classicmazda.com,Website: http://www.classicmazda.com/ | Lead inbox: webleads@classicmazda.dsmessage.com | Staff page: blocked | Brand: Mazda
COAST MAZDA,9921 Us Highway 19,Port Richey,FL,34668,(727) 202-1164,,,http://www.coastmazda.com/,coastmazda.com,Website: http://www.coastmazda.com/ | Lead inbox: leads@coastmazdaportrichey.com | Staff page: no_staff_page | Brand: Mazda
COCONUT CREEK MAZDA,4101 W. Sample Road,Coconut Creek,FL,33073,(954) 327-9600,Tony Burba,,http://www.coconutcreekmazda.com/,coconutcreekmazda.com,Title: General Manager | Website: http://www.coconutcreekmazda.com/ | Source: https://www.coconutcreekmazda.com/aboutus/staff/ (no email published for this contact) | Brand: Mazda
COX MAZDA,3101 Cortez Road West,Bradenton,FL,34207,(941) 749-2700,become the,,http://www.coxmazda.com/,coxmazda.com,Title: General Manager | Website: http://www.coxmazda.com/ | Source: https://www.coxmazda.com/our-story/?staff (no email published for this contact) | Lead inbox: kriscox@CoxAuto.com | Brand: Mazda
DAYTONA MAZDA,1312 North Tomoka Farms Road,Daytona Beach,FL,32124,(386) 274-0900,,,http://www.daytonamazda.com/,daytonamazda.com,Website: http://www.daytonamazda.com/ | Lead inbox: Casey@DaytonaMazda.com | Staff page: blocked | Brand: Mazda
DELRAY MAZDA,2001 South Federal Highway,Delray Beach,FL,33483,(561) 278-7800,Group. As,,http://www.griecomazdadelray.com/,griecomazdadelray.com,Title: General Manager | Website: http://www.griecomazdadelray.com/ | Source: https://www.griecomazdadelray.com/about-us/ (no email published for this contact) | Lead inbox: tcram@metromotorgroup.com | Brand: Mazda
DYER MAZDA OF VERO BEACH,999 U.S. Highway 1,Vero Beach,FL,32960,(772) 569-6060,Dylan Heiring,,http://www.dyermazda.com/,dyermazda.com,Title: General Sales Manager | Website: http://www.dyermazda.com/ | Source: https://www.dyermazda.com/staff (no email published for this contact) | Lead inbox: amoabed@dyerauto.com | Brand: Mazda
ED HOWARD MAZDA,7048 South Tamiami Trail,Sarasota,FL,34231,(941) 921-4402,Mike Hillman,,http://www.mazdaofsarasota.com/,mazdaofsarasota.com,Title: General Manager | Website: http://www.mazdaofsarasota.com/ | Source: https://www.mazdaofsarasota.com/dealership/meet-our-staff.htm (no email published for this contact) | Lead inbox: bshuck@edhowardautos.com | Brand: Mazda
FERMAN MAZDA OF BRANDON,9809 Adamo Drive,Tampa,FL,33619,(813) 623-6600,BRAXTON SIMMONS,,http://fermanmazdaofbrandon.com/,fermanmazdaofbrandon.com,Title: General Sales Manager | Website: http://fermanmazdaofbrandon.com/ | Source: https://www.fermanmazdaofbrandon.com/about-us/staff/ (no email published for this contact) | Lead inbox: chris.butler@ferman.com | Brand: Mazda
GEM MAZDA OF TALLAHASSEE,1465 Capital Circle Nw,Tallahassee,FL,32303,(850) 576-7138,,,http://www.gemmazda.com/,gemmazda.com,Website: http://www.gemmazda.com/ | Lead inbox: sales@gemmazda.com | Staff page: no_staff_page | Brand: Mazda
GUNTHER MAZDA,1800 South Sr 7,Fort Lauderdale,FL,33317,(954) 797-1600,Mike Neal,,http://www.gunthermazda.com/,gunthermazda.com,Title: General Sales Manager | Website: http://www.gunthermazda.com/ | Source: https://www.gunthermazda.com/about-us/staff/ (no email published for this contact) | Lead inbox: salesleads@gunthermazda.motosnap.com | Brand: Mazda
HEADQUARTER MAZDA,17500 East State Road 50,Clermont,FL,34711,(407) 905-9999,Zen Tran,,http://www.headquartermazda.com/,headquartermazda.com,Title: General Sales Manager | Website: http://www.headquartermazda.com/ | Source: https://www.headquartermazda.com/about-us/staff/ (no email published for this contact) | Brand: Mazda
JENKINS MAZDA,1740 Sw College Rd,Ocala,FL,34471,(855) 662-1237,Steven O'John,,http://www.jenkinsmazda.com/,jenkinsmazda.com,Title: General Sales Manager | Website: http://www.jenkinsmazda.com/ | Source: https://www.jenkinsmazda.com/dealership/staff.htm (no email published for this contact) | Lead inbox: mazdaleads@jenkinscars.com | Brand: Mazda
JOHN LEE MAZDA,2533 East 15Th Street,Panama City,FL,32405,(850) 257-5133,,,http://www.johnleemazda.com/,johnleemazda.com,Website: http://www.johnleemazda.com/ | Lead inbox: bcutchins@panamacitymazda.com | Staff page: no_staff_page | Brand: Mazda
MAZDA AT THE AVENUES,10681 Philips Highway,Jacksonville,FL,32256,(904) 562-1600,,,http://www.mazdaattheavenues.com/,mazdaattheavenues.com,Website: http://www.mazdaattheavenues.com/ | Staff page: no_staff_page | Brand: Mazda
MAZDA CITY OF ORANGE PARK,6916 Blanding Blvd.,Jacksonville,FL,32244,(904) 779-0600,Gene Viola,,http://www.mazdacity.com/,mazdacity.com,Title: General Manager | Website: http://www.mazdacity.com/ | Source: https://www.mazdacity.com/staff (no email published for this contact) | Lead inbox: richardsweeney@mazdacity.com | Brand: Mazda
MAZDA LAKELAND,4317 Highway 98 South,Lakeland,FL,33812,(863) 274-7240,Mike Fountain,,http://www.mazdalakeland.com/,mazdalakeland.com,Title: General Manager | Website: http://www.mazdalakeland.com/ | Source: https://www.mazdalakeland.com/staff (no email published for this contact) | Lead inbox: k.patterson@mazdalakeland.com | Brand: Mazda
MAZDA OF CLEARWATER,15064 Us Highway 19 N,Clearwater,FL,33764,(727) 344-3344,,,http://www.mazdaofclearwater.com/,mazdaofclearwater.com,Website: http://www.mazdaofclearwater.com/ | Lead inbox: ron@stpetersburg.mazdaleads.com | Staff page: blocked | Brand: Mazda
MAZDA OF FORT MYERS,2850 Colonial Boulevard,Fort Myers,FL,33966,(239) 323-7822,,,http://www.mazdaoffortmyers.com/,mazdaoffortmyers.com,Website: http://www.mazdaoffortmyers.com/ | Lead inbox: ameko1@mazdaoffortmyers.com | Staff page: no_staff_page | Brand: Mazda
MAZDA OF FORT WALTON BEACH,785 Beal Parkway,Fort Walton Beach,FL,32547,(850) 863-2167,Jeff Coleman,,http://www.mazdafwb.com/,mazdafwb.com,Title: General Sales Manager | Website: http://www.mazdafwb.com/ | Source: https://www.mazdafwb.com/about-us/staff/ (no email published for this contact) | Brand: Mazda
MAZDA OF GAINESVILLE,2101 N. Main Street,Gainesville,FL,32609,(352) 201-3583,Blake Rundle,,http://www.mazdaofgainesville.com/,mazdaofgainesville.com,Title: Sales Manager | Website: http://www.mazdaofgainesville.com/ | Source: https://www.mazdaofgainesville.com/about-us/staff/ (no email published for this contact) | Brand: Mazda
MAZDA OF NORTH MIAMI,20700 Nw 2Nd Avenue,Miami Gardens,FL,33169,(305) 654-3800,Claudio Lerebours,,http://www.mazdaofnorthmiami.com/,mazdaofnorthmiami.com,Title: General Sales Manager | Website: http://www.mazdaofnorthmiami.com/ | Source: https://www.mazdaofnorthmiami.com/about-us/staff/ (no email published for this contact) | Lead inbox: sales@mazdaofnorthmiami.com | Brand: Mazda
MAZDA OF PALM BEACH,2677 Northlake Boulevard,North Palm Beach,FL,33403,(561) 273-8400,David Oshry,,http://www.mazdaofpalmbeach.com/,mazdaofpalmbeach.com,Title: General Sales Manager | Website: http://www.mazdaofpalmbeach.com/ | Source: https://www.mazdaofpalmbeach.com/about-us/staff/ (no email published for this contact) | Brand: Mazda
MAZDA OF PORT CHARLOTTE,798 Tamiami Trail,Port Charlotte,FL,33953,(941) 202-4092,Stewart Haddix,,http://www.mazdaofportcharlotte.com/,mazdaofportcharlotte.com,Title: General Sales Manager | Website: http://www.mazdaofportcharlotte.com/ | Source: https://www.mazdaofportcharlotte.com/staff (no email published for this contact) | Brand: Mazda
MAZDA OF ST. AUGUSTINE,1165 Marketplace Drive,Saint Augustine,FL,32084,(904) 460-1600,,,http://www.mazdaofstaugustine.com/,mazdaofstaugustine.com,Website: http://www.mazdaofstaugustine.com/ | Staff page: no_staff_page | Brand: Mazda
MAZDA OF WESLEY CHAPEL,26944 Wesley Chapel Blvd.,Wesley Chapel,FL,33544,(813) 995-6200,,,http://www.mazdaofwesleychapel.com/,mazdaofwesleychapel.com,Website: http://www.mazdaofwesleychapel.com/ | Staff page: no_staff_page | Brand: Mazda
NAPLES MAZDA,6387 Airport Pulling Road,Naples,FL,34109,(239) 597-9607,,,http://www.naplesmazda.com/,naplesmazda.com,Website: http://www.naplesmazda.com/ | Staff page: no_staff_page | Brand: Mazda
OCEAN MAZDA,9675 Northwest 12Th Street,Doral,FL,33172,(786) 464-1100,,,http://www.oceanmazda.com/,oceanmazda.com,Website: http://www.oceanmazda.com/ | Lead inbox: sales@oceanmazda.com | Staff page: no_staff_page | Brand: Mazda
OCEAN MAZDA WEST KENDALL,14000 Sw 137Th Avenue,Miami,FL,33186,(786) 475-2476,,,http://www.oceanmazdawestkendall.com/,oceanmazdawestkendall.com,Website: http://www.oceanmazdawestkendall.com/ | Staff page: blocked | Brand: Mazda
SANDY SANSING MAZDA,6105 Pensacola Blvd,Pensacola,FL,32505,(850) 476-1466,,,http://www.sandysansingmazda.com/,sandysansingmazda.com,Website: http://www.sandysansingmazda.com/ | Lead inbox: mazda@sandysansing.com | Staff page: blocked | Brand: Mazda
SOUTHERN PALMS MAZDA,9305 Southern Boulevard,Royal Palm Beach,FL,33411,(561) 855-3699,,,http://www.southernpalmsmazda.com/,southernpalmsmazda.com,Website: http://www.southernpalmsmazda.com/ | Staff page: blocked | Brand: Mazda
SPORT MAZDA NORTH,400 North Highway 17-92,Longwood,FL,32750,(407) 339-4777,Troy Mealey,,http://www.sportmazdanorthorlando.com/,sportmazdanorthorlando.com,Title: General Manager | Website: http://www.sportmazdanorthorlando.com/ | Source: https://www.sportmazdanorthorlando.com/about-us/staff/ (no email published for this contact) | Brand: Mazda
SPORT MAZDA ORLANDO,9786 S. Orange Blossom Trail,Orlando,FL,32837,(407) 851-8510,Edwin Acevedo,,http://www.sportmazdaorlando.com/,sportmazdaorlando.com,Title: General Sales Manager | Website: http://www.sportmazdaorlando.com/ | Source: https://www.sportmazdaorlando.com/about-us/staff/ (no email published for this contact) | Lead inbox: sportmazda@eleadtrack.net | Brand: Mazda
TOM BUSH MAZDA,9876 Atlantic Boulevard,Jacksonville,FL,32225,(904) 725-0911,Gino Manley,,http://www.tombushmazda.com/,tombushmazda.com,Title: General Manager | Website: http://www.tombushmazda.com/ | Source: https://www.tombushmazda.com/staff (no email published for this contact) | Lead inbox: STEPHATEN@TOMBUSH.COM | Brand: Mazda
WALLACE MAZDA,3725 Se Federal Highway,Stuart,FL,34997,(772) 288-1999,,,http://wallacemazdaofstuart.net/,wallacemazdaofstuart.net,Website: http://wallacemazdaofstuart.net/ | Staff page: no_staff_page | Brand: Mazda
WESTSHORE MAZDA,2602 N. Dale Mabry Highway,Tampa,FL,33607,(813) 330-0880,,,http://www.westshoremazda.com/,westshoremazda.com,Website: http://www.westshoremazda.com/ | Staff page: no_staff_page | Brand: Mazda
ALM MAZDA MACON,3056 Riverside Dr,Macon,GA,31210,(478) 345-8917,William Gresham,,http://www.almmazdamacon.com/,almmazdamacon.com,Title: General Manager | Website: http://www.almmazdamacon.com/ | Source: https://www.almmazdamacon.com/about-us/staff/ (no email published for this contact) | Brand: Mazda
ALM MAZDA SOUTH,7261 Jonesboro Rd,Morrow,GA,30260,(678) 870-7091,,,http://www.almmazdasouth.com/,almmazdasouth.com,Website: http://www.almmazdasouth.com/ | Staff page: blocked | Brand: Mazda
BEAVER MAZDA,1865 Buford Highway,Cumming,GA,30041,(470) 873-9010,Austin Beaver,,http://www.beavermazda.com/,beavermazda.com,Title: General Manager | Website: http://www.beavermazda.com/ | Source: https://www.beavermazda.com/staff/ (no email published for this contact) | Brand: Mazda
GERALD JONES MAZDA,4022 Washington Road,Augusta,GA,30907,(706) 228-6464,,,http://www.geraldjonesmazda.com/,geraldjonesmazda.com,Website: http://www.geraldjonesmazda.com/ | Lead inbox: bmcdaniel@gjauto.com | Brand: Mazda
JC LEWIS MAZDA,10101 Abercorn Street,Savannah,GA,31406,(912) 927-1000,Joe Lewis,,http://www.jclewismazda.com/,jclewismazda.com,Title: General Manager | Website: http://www.jclewismazda.com/ | Source: https://www.jclewismazda.com/about-us/staff/ (no email published for this contact) | Brand: Mazda
JIM ELLIS MAZDA OF MARIETTA,1715 Cobb Parkway S,Marietta,GA,30060,(770) 590-4450,Mike Boyd,,http://www.jimellismazdamarietta.com/,jimellismazdamarietta.com,Title: General Manager | Website: http://www.jimellismazdamarietta.com/ | Source: https://www.jimellismazdamarietta.com/about-us/staff/ (no email published for this contact) | Lead inbox: DARYLN@JIMELLIS.COM | Brand: Mazda
JIM SHORKEY MAZDA,2815 Browns Bridge Road,Gainesville,GA,30504,(678) 967-0619,James Bilello,jamesbilello@jimshorkey.com,http://www.jimshorkeymazda.com/,jimshorkeymazda.com,Title: General Sales Manager | Website: http://www.jimshorkeymazda.com/ | Source: https://www.jimshorkeymazda.com/staff | Brand: Mazda
KENNESAW MAZDA,3047 N. Cobb Parkway,Kennesaw,GA,30152,(678) 505-1001,,,http://www.kennesawmazda.com/,kennesawmazda.com,Website: http://www.kennesawmazda.com/ | Staff page: blocked | Brand: Mazda
MALL OF GEORGIA MAZDA,3546 Highway 20,Buford,GA,30519,(678) 714-9000,Carly Vendemia,,http://www.mallofgamazda.com/,mallofgamazda.com,Title: General Sales Manager | Website: http://www.mallofgamazda.com/ | Source: https://www.mallofgamazda.com/about-us/staff/ (no email published for this contact) | Brand: Mazda
OCEAN MAZDA ROSWELL,11185 Alpharetta Highway,Roswell,GA,30076,(770) 993-6999,Victor Lopez,,http://www.oceanmazdaroswell.com/,oceanmazdaroswell.com,Title: General Sales Manager | Website: http://www.oceanmazdaroswell.com/ | Source: https://www.oceanmazdaroswell.com/staff/ (no email published for this contact) | Brand: Mazda
RICK CASE MAZDA,2493 Pleasant Hill Rd,Duluth,GA,30096,(678) 804-2100,,,http://www.rickcasemazda.com/,rickcasemazda.com,Website: http://www.rickcasemazda.com/ | Lead inbox: leefeiden@rickcase.com | Staff page: blocked | Brand: Mazda
CUTTER MAZDA OF HONOLULU,805 Ala Moana Blvd.,Honolulu,HI,96813,(808) 564-9100,Matt Wong,,http://www.cuttermazdahonolulu.com/,cuttermazdahonolulu.com,Title: General Manager | Website: http://www.cuttermazdahonolulu.com/ | Source: https://www.cutterhonolulumazda.com/staff (no email published for this contact) | Lead inbox: tkahala@cutterauto.com | Brand: Mazda
CUTTER MAZDA OF WAIPAHU,94-245 Farrington Highway,Waipahu,HI,96797,(808) 564-9533,Shane Lawrence,,http://www.cuttermazdawaipahu.com/,cuttermazdawaipahu.com,Title: General Manager | Website: http://www.cuttermazdawaipahu.com/ | Source: https://www.cutterwaipahumazda.com/staff (no email published for this contact) | Lead inbox: tkahala@cutterauto.com | Brand: Mazda
C&S CAR COMPANY MAZDA,812 Washington Street,Waterloo,IA,50702,(319) 291-7321,Scott Thurn,scott@candscarcompany.com,http://www.candsmazda.com/,candsmazda.com,Title: Internet Sales Manager | Website: http://www.candsmazda.com/ | Source: https://www.candsmazda.com/dealership/staff.htm | Brand: Mazda
CAROUSEL MAZDA,"809 Hwy 1,West",Iowa City,IA,52246,(319) 354-2550,,,http://www.carouselmotorsmazda.com/,carouselmotorsmazda.com,Website: http://www.carouselmotorsmazda.com/ | Lead inbox: billw@carouselmotors.com | Staff page: blocked | Brand: Mazda
DEERY BROTHERS MAZDA,200 South Gear Avenue,West Burlington,IA,52655,(319) 752-6000,many years.,,http://www.deerybrothersmazda.com/,deerybrothersmazda.com,Title: General Manager | Website: http://www.deerybrothersmazda.com/ | Source: https://www.deerybrothers.com/meet-our-staff/ (no email published for this contact) | Lead inbox: klowaryr@deerybrothers.com | Brand: Mazda
JENSEN MAZDA,3909 Stadium Drive,Sioux City,IA,51106,(712) 255-3000,Annette Vlotho,,http://www.jensenmazda.com/,jensenmazda.com,Title: General Sales Manager | Website: http://www.jensenmazda.com/ | Source: https://www.jensenmazda.com/dealership/staff.htm (no email published for this contact) | Brand: Mazda
JUNGE MAZDA,1200 Boyson Rd,Hiawatha,IA,52233,(319) 393-6500,,,http://www.jungemazda.com/,jungemazda.com,Website: http://www.jungemazda.com/ | Lead inbox: twagner@junge.com | Staff page: blocked | Brand: Mazda
RAMSEY MAZDA – Urbandale,9627 Hickman Rd.,Urbandale,IA,50322,(515) 416-7400,,,http://www.ramseymazdaiowa.com/,ramseymazdaiowa.com,Website: http://www.ramseymazdaiowa.com/ | Staff page: blocked | Brand: Mazda
DILLON MAZDA,9501 W Fairview Ave,Boise,ID,83704,(208) 314-9811,,,http://www.dennisdillonmazda.com/,dennisdillonmazda.com,Website: http://www.dennisdillonmazda.com/ | Lead inbox: brattner@dennisdillon.com | Staff page: blocked | Brand: Mazda
GOODE MAZDA,2285 Kimberly Ave,Twin Falls,ID,83301,(208) 733-0330,Steve Long,,http://www.goodemazda.com/,goodemazda.com,Title: General Manager | Website: http://www.goodemazda.com/ | Source: https://www.goodemazda.com/about-us/staff/ (no email published for this contact) | Brand: Mazda
TEAM MAZDA – Caldwell,6218 Cleveland Blvd.,Caldwell,ID,83607,(208) 455-0323,Ricky Tullier,,http://www.goteammazda.com/,goteammazda.com,Title: General Sales Manager | Website: http://www.goteammazda.com/ | Source: https://www.teammazda.com/staff (no email published for this contact) | Lead inbox: johnmoore.teammazdasubaru@gmail.com | Brand: Mazda
ANDERSON MAZDA,6551 East State Street,Rockford,IL,61108,(815) 633-3461,,,,,Brand: Mazda
AUFFENBERG MAZDA,1116 Auffenberg Ave,Shiloh,IL,62269,(618) 624-2277,BLAKE MERCURIO,,http://www.auffenbergmazda.com/,auffenbergmazda.com,Title: General Manager | Website: http://www.auffenbergmazda.com/ | Source: https://www.auffenbergmazda.com/staff (no email published for this contact) | Lead inbox: AuffenbergMazda1947@ADFLeads.com | Brand: Mazda
AUTOBARN MAZDA OF EVANSTON,1015 Chicago Avenue,Evanston,IL,60202,(847) 866-9666,BRADY SPIEHLER,,http://www.mazdaofchicagoland.com/,mazdaofchicagoland.com,Title: General Manager | Website: http://www.mazdaofchicagoland.com/ | Source: https://www.mazdaofchicagoland.com/about-us/staff/ (no email published for this contact) | Brand: Mazda
BIGGERS MAZDA,2100 N. Randall Rd.,Elgin,IL,60124,(847) 628-6000,Marco Palacios,,http://www.biggersmazda.com/,biggersmazda.com,Title: General Sales Manager | Website: http://www.biggersmazda.com/ | Source: https://www.biggersmazda.com/staff/ (no email published for this contact) | Lead inbox: leads@biggersmazdaofelgin.motosnap.com | Brand: Mazda
CASTLE MAZDA DOWNERS GROVE,1850 Ogden Avenue,Downers Grove,IL,60515,(630) 964-9500,,,http://www.castlemazdadownersgrove.com/,castlemazdadownersgrove.com,Website: http://www.castlemazdadownersgrove.com/ | Staff page: no_staff_page | Brand: Mazda
GREEN MAZDA,3760 South Sixth Street,Springfield,IL,62703,(217) 391-2400,Justin Liss,jliss@greenstores.net,http://www.greenmazda.com/,greenmazda.com,Title: General Sales Manager | Website: http://www.greenmazda.com/ | Source: https://www.greenmazda.com/dealership/staff.htm (name) + Mazda dealer locator (email match) | Brand: Mazda
HAWK MAZDA,2421 South Route 59,Plainfield,IL,60586,(779) 260-6502,,,http://www.hawkmazda.com/,hawkmazda.com,Website: http://www.hawkmazda.com/ | Lead inbox: tritsema@hawkauto.com | Staff page: blocked | Brand: Mazda
KC SUMMERS MAZDA,2404 Lake Land Blvd,Mattoon,IL,61938,(217) 235-4136,,,http://www.kcsummersmazda.com/,kcsummersmazda.com,Website: http://www.kcsummersmazda.com/ | Staff page: blocked | Brand: Mazda
KEY MAZDA,3700 16Th Street,Moline,IL,61265,(309) 764-5681,,,,,Lead inbox: evan.keyautomall@gmail.com | Brand: Mazda
MAZDA OF CRYSTAL LAKE,360 State Route 31,Crystal Lake,IL,60014,(815) 455-4330,wi po polsku,,http://www.mazdaofcrystallake.com/,mazdaofcrystallake.com,Title: Sales Team | Website: http://www.mazdaofcrystallake.com/ | Source: https://www.mazdaofcrystallake.com:443/meet-our-staff/ (no email published for this contact) | Lead inbox: aburton@andersoncars.com | Brand: Mazda
MAZDA OF ORLAND PARK,8910 W 159Th St,Orland Park,IL,60462,(708) 444-3200,,,http://www.mazdaoforlandpark.com/,mazdaoforlandpark.com,Website: http://www.mazdaoforlandpark.com/ | Lead inbox: evates@mazdaoforlandpark.com | Staff page: no_staff_page | Brand: Mazda
MCGRATH CITY MAZDA,6701 W Grand Avenue,Chicago,IL,60707,(773) 632-5660,,,http://www.mcgrathcitymazda.com/,mcgrathcitymazda.com,Website: http://www.mcgrathcitymazda.com/ | Staff page: no_staff_page | Brand: Mazda
NAPLETON MAZDA OF LIBERTYVILLE,1120 S Milwaukee Ave,Libertyville,IL,60048,(847) 362-6000,Napleton Salomone,,http://www.napletonmazdalibertyville.com/,napletonmazdalibertyville.com,Title: Executive Manager | Website: http://www.napletonmazdalibertyville.com/ | Source: https://www.napletonmazdalibertyville.com/about-us/staff/ (no email published for this contact) | Brand: Mazda
NAPLETON MAZDA OF NAPERVILLE,2363 Aurora Av,Naperville,IL,60540,(630) 352-5900,Anthony Storino,,http://www.napervillemazda.com/,napervillemazda.com,Title: General Manager | Website: http://www.napervillemazda.com/ | Source: https://www.napervillemazda.com/about-us/staff/ (no email published for this contact) | Brand: Mazda
NAPLETON'S COUNTRYSIDE MAZDA,6060 S. Lagrange Road,Countryside,IL,60525,(708) 354-2700,Anthony Civito,,http://www.napletonscountrysidemazda.com/,napletonscountrysidemazda.com,Title: General Sales Manager | Website: http://www.napletonscountrysidemazda.com/ | Source: https://www.napletonscountrysidemazda.com/about-us/staff/ (no email published for this contact) | Brand: Mazda
NAPLETON'S ELMHURST MAZDA,740 N York Street,Elmhurst,IL,60126,(630) 279-3000,,,,,Brand: Mazda
NAPLETON'S MAZDA OF URBANA,1111 Napleton Way,Urbana,IL,61802,(217) 367-1222,,,http://www.napletonsmazdaofurbana.com/,napletonsmazdaofurbana.com,Website: http://www.napletonsmazdaofurbana.com/ | Staff page: blocked | Brand: Mazda
NAPLETON'S OAK LAWN MAZDA,6750 W. 95Th Street,Oak Lawn,IL,60453,(708) 233-7700,Don Smith,,http://www.oaklawnmazda.com/,oaklawnmazda.com,Title: General Sales Manager | Website: http://www.oaklawnmazda.com/ | Source: https://www.oaklawnmazda.com/about-us/staff/ (no email published for this contact) | Brand: Mazda
NAPLETON'S PALATINE MAZDA,1811 N. Rand Road,Palatine,IL,60074,(847) 882-9000,Sevan Sayadian,,http://www.palatinemazda.com/,palatinemazda.com,Title: General Sales Manager | Website: http://www.palatinemazda.com/ | Source: https://www.palatinemazda.com/about-us/staff/ (no email published for this contact) | Brand: Mazda
NAPLETON'S SCHAUMBURG MAZDA,110 W. Golf Road,Schaumburg,IL,60195,(847) 882-5050,Jonathan Proano,,http://www.schaumburgmazda.com/,schaumburgmazda.com,Title: General Manager | Website: http://www.schaumburgmazda.com/ | Source: https://www.schaumburgmazda.com/about-us/staff/ (no email published for this contact) | Lead inbox: mazdaleads@napletonmail.com | Brand: Mazda
OTTAWA MAZDA,510 E Norris Dr,Ottawa,IL,61350,(815) 433-1666,,,http://www.ottawamazda.net/,ottawamazda.net,Website: http://www.ottawamazda.net/ | Staff page: blocked | Brand: Mazda
SAM LEMAN MAZDA,1604 Commerce Parkway,Bloomington,IL,61704,(309) 662-5000,Josh Zakery,,http://www.samlemanmazda.com/,samlemanmazda.com,Title: General Sales Manager | Website: http://www.samlemanmazda.com/ | Source: https://www.samlemanmazda.com/about-us/staff/ (no email published for this contact) | Lead inbox: dwilson@samleman.com | Brand: Mazda
SCHERER MAZDA,2300 W. Pioneer Pkwy,Peoria,IL,61615,(309) 691-0300,,,http://www.scherermazda.com/,scherermazda.com,Website: http://www.scherermazda.com/ | Lead inbox: skelm@schererauto.com | Staff page: no_staff_page | Brand: Mazda
ART HILL MAZDA,957 W. Lincoln Highway,Merrillville,IN,46410,(219) 738-5300,,,http://www.arthillmazdanwi.com/,arthillmazdanwi.com,Website: http://www.arthillmazdanwi.com/ | Lead inbox: T.PRESTON@ARTHILLAUTOGROUP.COM | Staff page: no_staff_page | Brand: Mazda
BASNEY MAZDA,52203 State Road 933 North,South Bend,IN,46637,(574) 272-8504,,,http://basneymazda.com/,basneymazda.com,Website: http://basneymazda.com/ | Lead inbox: sales@basneyimports.com | Staff page: blocked | Brand: Mazda
HUBLER MAZDA OF GREENWOOD,1253 Us 31 S,Greenwood,IN,46143,(317) 885-7379,,,http://www.hublermazda.com/,hublermazda.com,Website: http://www.hublermazda.com/ | Lead inbox: essherlock@drivehubler.com | Staff page: no_staff_page | Brand: Mazda
KENNEDY MAZDA,3200 N. Calumet Avenue,Valparaiso,IN,46383,(219) 462-3111,and successful.,,http://www.kennedymazda.com/,kennedymazda.com,Title: General Sales Manager | Website: http://www.kennedymazda.com/ | Source: https://www.kennedymazda.com:443/meet-our-staff/ (no email published for this contact) | Lead inbox: kennedymazda@gmail.com | Brand: Mazda
LOU FUSZ MAZDA OF EVANSVILLE,4500 E. Division St,Evansville,IN,47715,(812) 479-3131,,,http://www.loufuszmazdaevansville.com/,loufuszmazdaevansville.com,Website: http://www.loufuszmazdaevansville.com/ | Staff page: blocked | Brand: Mazda
O'DANIEL MAZDA,4200 Illinois Road,Fort Wayne,IN,46804,(260) 434-4250,,,http://www.odanielmazda.com/,odanielmazda.com,Website: http://www.odanielmazda.com/ | Lead inbox: Jkimes@odanielauto.com | Staff page: blocked | Brand: Mazda
RAY SKILLMAN MAZDA WEST,5309 W. Pike Plaza Road,Indianapolis,IN,46254,(317) 293-8060,,,http://rayskillmanmazdawest.com/,rayskillmanmazdawest.com,Website: http://rayskillmanmazdawest.com/ | Lead inbox: rayskillmanautomall@rayskillman.net | Staff page: no_staff_page | Brand: Mazda
RAY SKILLMAN NORTHEAST MAZDA,1630 N. Shadeland Avenue,Indianapolis,IN,46219,(317) 357-8001,Cory Reber,,http://www.rayskillmannortheastmazda.com/,rayskillmannortheastmazda.com,Title: General Manager | Website: http://www.rayskillmannortheastmazda.com/ | Source: https://www.rayskillmannortheastmazda.com/staff/ (no email published for this contact) | Lead inbox: jennifer_smith@rayskillman.net | Brand: Mazda
ROYAL SOUTH MAZDA,3225 South Walnut Street,Bloomington,IN,47401,(812) 339-1161,ladder to become,,http://www.royalsouthmazda.com/,royalsouthmazda.com,Title: Sales Manager | Website: http://www.royalsouthmazda.com/ | Source: https://www.royalsouthmazda.com:443/meet-our-staff/ (no email published for this contact) | Lead inbox: ggeorge@royalsouth.com | Brand: Mazda
TOM ROUSH MAZDA,525 David Brown Drive,Westfield,IN,46074,(317) 896-5561,,,http://www.tomroushmazda.com/,tomroushmazda.com,Website: http://www.tomroushmazda.com/ | Lead inbox: webleads@tomroush.com | Staff page: no_staff_page | Brand: Mazda
DAVIS-MOORE MAZDA,10603 East Kellogg Ave,Wichita,KS,67207,(316) 685-4848,Rick Schmeidler,,http://www.davis-mooremazda.com/,davis-mooremazda.com,Title: General Manager | Website: http://www.davis-mooremazda.com/ | Source: https://www.davis-mooremazda.com/staff (no email published for this contact) | Lead inbox: dmmcredit@davis-moore.com | Brand: Mazda
TUMMINIA MAZDA,1551 South Hamilton Circle,Olathe,KS,66061,(913) 780-3500,,,http://www.tumminiamazda.com/,tumminiamazda.com,Website: http://www.tumminiamazda.com/ | Lead inbox: toddt22@yahoo.com | Staff page: blocked | Brand: Mazda
BRUCE WALTERS MAZDA,3987 North Mayo Trail,Pikeville,KY,41501,(606) 437-9810,,,http://www.waltersmazda.com/,waltersmazda.com,Website: http://www.waltersmazda.com/ | Staff page: no_staff_page | Brand: Mazda
CHAMPION MAZDA,140 Southtown Blvd.,Owensboro,KY,42303,(270) 684-1441,Auto Group,,http://www.owensboromazda.com/,owensboromazda.com,Title: General Manager | Website: http://www.owensboromazda.com/ | Source: https://www.owensboromazda.com/staff (no email published for this contact) | Brand: Mazda
KERRY MAZDA OF FLORENCE,1020 Burlington Pike,Florence,KY,41042,(859) 342-3150,Justin Miley,,http://www.kerrymazda.com/,kerrymazda.com,Title: General Sales Manager | Website: http://www.kerrymazda.com/ | Source: https://www.kerrymazda.com/dealership/staff.htm (no email published for this contact) | Brand: Mazda
NEIL HUFFMAN MAZDA,4926 Dixie Highway,Louisville,KY,40216,(502) 448-6666,,,http://www.neilhuffmanmazda.com/,neilhuffmanmazda.com,Website: http://www.neilhuffmanmazda.com/ | Lead inbox: avery.davis@neilhuffman.com | Staff page: blocked | Brand: Mazda
OXMOOR MAZDA,7913 Shelbyville Road,Louisville,KY,40222,(502) 894-3425,Matt Storm,,http://www.oxmoormazda.com/,oxmoormazda.com,Title: General Manager | Website: http://www.oxmoormazda.com/ | Source: https://www.oxmoormazda.com/staff/ (no email published for this contact) | Lead inbox: ljones@oxmoorautogroup.com | Brand: Mazda
PADUCAH MAZDA,3476 Park Avenue,Paducah,KY,42001,(270) 444-0011,Mitch Hookham,,http://www.paducahmazda.com/,paducahmazda.com,Title: Sales Consultant | Website: http://www.paducahmazda.com/ | Source: https://www.paducahmazda.com/staff (no email published for this contact) | Lead inbox: jmcnutt@paducahford.com | Brand: Mazda
PAUL MILLER MAZDA,965 East New Circle Road,Lexington,KY,40505,(859) 255-4242,Stephen Emert,,http://www.paulmillermazda.com/,paulmillermazda.com,Title: General Sales Manager | Website: http://www.paulmillermazda.com/ | Source: https://www.paulmillermazda.com/about-us/staff/ (no email published for this contact) | Lead inbox: barrywilson@paulmillerauto.com | Brand: Mazda
STUART POWELL MAZDA,225 S. Danville Byp,Danville,KY,40422,(859) 238-1180,,,http://www.stuartpowellmazda.com/,stuartpowellmazda.com,Website: http://www.stuartpowellmazda.com/ | Lead inbox: jamie@stuartpowell.com | Staff page: blocked | Brand: Mazda
ACADIANA MAZDA,1700 Sw Evangeline Thruway,Lafayette,LA,70508,(337) 232-9666,Stephan Boxie,sboxie@acadianamazda.com,http://www.acadianamazda.com/,acadianamazda.com,Title: Sales Manager | Website: http://www.acadianamazda.com/ | Source: https://www.acadianamazda.com/staff | Lead inbox: calvin@acadianamazda.com | Brand: Mazda
BARKER MAZDA,1100 West Tunnel Blvd.,Houma,LA,70360,(985) 876-5333,Bobby Hayden,bhayden@terrebonnelincoln.com,http://www.barkermazda.com/,barkermazda.com,Title: General Sales Manager | Website: http://www.barkermazda.com/ | Source: https://www.barkermazda.com/staff | Lead inbox: kmorales@terrebonnelincoln.com | Brand: Mazda
FAMILY MAZDA OF BOSSIER CITY,1960 Old Minden Road,Bossier City,LA,71111,(318) 746-2175,David Durr,,http://www.familymazdabossiercity.com/,familymazdabossiercity.com,Title: General Manager | Website: http://www.familymazdabossiercity.com/ | Source: https://www.familymazdabossiercity.com/staff (no email published for this contact) | Brand: Mazda
LEE EDWARDS MAZDA,2218 Louisville Avenue,Monroe,LA,71201,(318) 388-3540,meeting with,,http://www.leeedwardsauto.com/,leeedwardsauto.com,Title: Sales Manager | Website: http://www.leeedwardsauto.com/ | Source: https://www.leeedwardsauto.com:443/meet-our-staff/ (no email published for this contact) | Lead inbox: a.scurria@leeedwardsauto.com | Brand: Mazda
PARETTI MAZDA,4032 Veterans Highway,Metairie,LA,70002,(504) 888-5420,Troy Lyle,,http://www.parettimazda.com/,parettimazda.com,Title: General Manager | Website: http://www.parettimazda.com/ | Source: https://www.parettimazda.com/about-us/staff/ (no email published for this contact) | Lead inbox: cjones@paretti.com | Brand: Mazda
PARETTI MAZDA OF COVINGTON,69134 Highway 190 Service Road,Covington,LA,70433,(985) 888-5320,Brady Hulsey,,http://www.parettimazdaofcovington.com/,parettimazdaofcovington.com,Title: General Sales Manager | Website: http://www.parettimazdaofcovington.com/ | Source: https://www.parettimazdaofcovington.com/about-us/staff/ (no email published for this contact) | Brand: Mazda
TEAM MAZDA – Baton Rouge,10968 Airline Hwy,Baton Rouge,LA,70816,(225) 295-3900,Ricky Tullier,,http://www.teammazda.com/,teammazda.com,Title: General Sales Manager | Website: http://www.teammazda.com/ | Source: https://www.teammazda.com/staff (no email published for this contact) | Lead inbox: danielm@teamhonda.com | Brand: Mazda
WALKER MAZDA,1612 Macarthur Dr,Alexandria,LA,71301,(318) 445-6421,Stephanie Smith,,http://www.walker-mazda.com/,walker-mazda.com,Title: Sales Manager | Website: http://www.walker-mazda.com/ | Source: https://www.walker-mazda.com/about-us/staff/ (no email published for this contact) | Brand: Mazda
495 MAZDA,720 Rogers Street,Lowell,MA,01852,(978) 454-9300,Sean Ghandchi,Sean@495mazda.com,http://www.495mazda.com/,495mazda.com,Title: General Manager | Website: http://www.495mazda.com/ | Source: https://www.495mazda.com/staff | Lead inbox: mconsoles@495mazda.com | Brand: Mazda
ALDEN MAZDA,250 Bridge St,Fairhaven,MA,02719,(508) 999-0100,,,,,Lead inbox: mazdasales@aldenauto.com | Brand: Mazda
BALISE MAZDA,733 E Columbus Ave,Springfield,MA,01105,(413) 732-2167,,,http://www.balisemazda.com/,balisemazda.com,Website: http://www.balisemazda.com/ | Lead inbox: bmazesales@baliseauto.com | Staff page: no_staff_page | Brand: Mazda
BERKSHIRE MAZDA & JIM SALVIE'S SIGNATURE SERIES,474 Pittsfield Rd,Lenox,MA,01240,(413) 499-3311,,,http://www.berkshiremazda.com/,berkshiremazda.com,Website: http://www.berkshiremazda.com/ | Lead inbox: sales@berkshiremazda.dealerspace.com | Staff page: blocked | Brand: Mazda
IRA MAZDA,420 Providence Hwy,Westwood,MA,02090,(781) 769-9600,Justin Lotter,,http://www.iramazda.com/,iramazda.com,Title: General Manager | Website: http://www.iramazda.com/ | Source: https://www.iramazda.com/about-us/staff/ (no email published for this contact) | Brand: Mazda
LIBERTY MAZDA WAKEFIELD,81 Bay State Road,Wakefield,MA,01880,(781) 245-8000,,,http://www.libertymazdausa.com/index.htm/,libertymazdausa.com,Website: http://www.libertymazdausa.com/index.htm/ | Lead inbox: mbell05@gmail.com | Staff page: blocked | Brand: Mazda
MASTRIA MAZDA,1545 New State Hwy,Raynham,MA,02767,(508) 880-5000,,,,,Lead inbox: crm@mastria.com | Brand: Mazda
MAZDA CAPE COD,141 Stevens Street,Hyannis,MA,02601,(508) 815-5900,,,http://www.premiermazda.com/,premiermazda.com,Website: http://www.premiermazda.com/ | Lead inbox: mdelbuono@drivepremier.com | Staff page: blocked | Brand: Mazda
NORTH END MAZDA,747 Chase Road,Lunenburg,MA,01462,(978) 582-4911,,,http://www.northendmazda.com/,northendmazda.com,Website: http://www.northendmazda.com/ | Lead inbox: jcote@buynorthendmazda.com | Staff page: blocked | Brand: Mazda
NORTH SHORE MAZDA,84 Newbury Street,Danvers,MA,01923,(978) 619-0220,,,http://www.northshoremazda.net/,northshoremazda.net,Website: http://www.northshoremazda.net/ | Lead inbox: internet@northshoremazda.net | Staff page: no_staff_page | Brand: Mazda
PATRICK MAZDA,189 Washington Street,Auburn,MA,01501,(508) 919-6500,,,http://www.patrickmazda.com/,patrickmazda.com,Website: http://www.patrickmazda.com/ | Lead inbox: Sales@patrickmazda.edealerhub.com | Staff page: blocked | Brand: Mazda
QUIRK MAZDA,99 Mcgrath Hwy,Quincy,MA,02169,(617) 773-8000,Thomas Pugsley,,http://www.quirkmazda.com/,quirkmazda.com,Title: General Sales Manager | Website: http://www.quirkmazda.com/ | Source: https://www.quirkmazda.com/about-us/staff/ (no email published for this contact) | Lead inbox: dwerkheiser@quirkcars.com | Brand: Mazda
SENTRY WEST MAZDA,940 Boston Turnpike,Shrewsbury,MA,01545,(508) 845-7700,Rob Acheson,,http://www.sentrymazda.com/,sentrymazda.com,Title: General Manager | Website: http://www.sentrymazda.com/ | Source: https://www.sentrymazda.com/staff (no email published for this contact) | Brand: Mazda
TASCA MAZDA SEEKONK,200 Fall River Avenue,Seekonk,MA,02771,(508) 336-7200,,,http://www.tascamazdama.com/,tascamazdama.com,Website: http://www.tascamazdama.com/ | Lead inbox: alexjr@tasca.com | Staff page: no_staff_page | Brand: Mazda
WELLESLEY MAZDA,965 Worcester Road,Wellesley,MA,02482,(781) 235-6000,,,http://www.wellesleymazda.com/,wellesleymazda.com,Website: http://www.wellesleymazda.com/ | Staff page: blocked | Brand: Mazda
COOK MAZDA,1136 S. Philadelphia Blvd.,Aberdeen,MD,21001,(410) 272-1500,,,http://www.cookmazda.com/,cookmazda.com,Website: http://www.cookmazda.com/ | Staff page: no_staff_page | Brand: Mazda
FITZGERALD MAZDA,114 Baughmans Lane,Frederick,MD,21702,(301) 696-9200,,,http://www.frederickmazda.com/,frederickmazda.com,Website: http://www.frederickmazda.com/ | Lead inbox: leads@fitzgeraldautomall.motosnap.com | Staff page: no_staff_page | Brand: Mazda
FITZGERALD MAZDA OF ANNAPOLIS,1930 West Street,Annapolis,MD,21401,(410) 266-5700,Rob Ward,wardr@fitzmall.com,http://www.fitzmallmazdaannapolis.com/,fitzmallmazdaannapolis.com,Title: Sales Manager | Website: http://www.fitzmallmazdaannapolis.com/ | Source: https://www.fitzmallmazdaannapolis.com/staff (name) + Mazda dealer locator (email match) | Brand: Mazda
GAITHERSBURG MAZDA,625 North Frederick Avenue,Gaithersburg,MD,20879,(301) 212-3000,,,http://www.gaithersburgmazda.com/,gaithersburgmazda.com,Website: http://www.gaithersburgmazda.com/ | Lead inbox: 20113.leads@buygaithersburgmazda.com | Staff page: no_staff_page | Brand: Mazda
HERITAGE MAZDA CATONSVILLE,6616 Baltimore National Pike,Catonsville,MD,21228,(410) 744-2300,,,http://www.heritagemazdacatonsville.com/,heritagemazdacatonsville.com,Website: http://www.heritagemazdacatonsville.com/ | Lead inbox: mazdacat@leads.mileone.com | Staff page: blocked | Brand: Mazda
HERITAGE MAZDA OF BEL AIR,1800 Belair Road,Fallston,MD,21047,(410) 879-7300,,,http://www.heritagemazdabelair.com/,heritagemazdabelair.com,Website: http://www.heritagemazdabelair.com/ | Lead inbox: karment@mileone.com | Staff page: blocked | Brand: Mazda
HERITAGE MAZDA TOWSON,1630 York Road,Lutherville-Timonium,MD,21093,(410) 427-8000,,,,,Brand: Mazda
KOONS MAZDA,3111 Automobile Blvd,Silver Spring,MD,20904,(301) 890-6100,,,http://www.koonsmazda.com/,koonsmazda.com,Website: http://www.koonsmazda.com/ | Staff page: no_staff_page | Brand: Mazda
OURISMAN MAZDA,3514 Fort Meade Road,Laurel,MD,20724,(301) 725-4400,,,http://www.ourismanmazda.com/,ourismanmazda.com,Website: http://www.ourismanmazda.com/ | Staff page: no_staff_page | Brand: Mazda
OURISMAN MAZDA OF ROCKVILLE,801 Rockville Pike,Rockville,MD,20852,(301) 424-7800,,,http://www.ourismanmazdaofrockville.com/,ourismanmazdaofrockville.com,Website: http://www.ourismanmazdaofrockville.com/ | Staff page: blocked | Brand: Mazda
PASSPORT MAZDA,5050 Auth Way,Suitland,MD,20746,(240) 492-2000,,,http://www.passportmazda.com/,passportmazda.com,Website: http://www.passportmazda.com/ | Staff page: no_staff_page | Brand: Mazda
PRESTON MAZDA – Hurlock,4313 Preston Road,Hurlock,MD,21643,(410) 673-7171,,,http://www.prestonmazda.com/,prestonmazda.com,Website: http://www.prestonmazda.com/ | Lead inbox: ecare-maz@prestonmotor.com | Staff page: no_staff_page | Brand: Mazda
RICH MORTON MAZDA,51 Mountain Road,Pasadena,MD,21122,(410) 766-4000,,,,,Lead inbox: neal@richmorton.com | Brand: Mazda
SHEEHY MAZDA,10310 Auto Place,Hagerstown,MD,21740,(301) 739-7700,,,http://www.sheehymazda.com/,sheehymazda.com,Website: http://www.sheehymazda.com/ | Brand: Mazda
GOODWIN'S MAZDA,195 Pleasant Street,Brunswick,ME,04011,(207) 729-1611,,,http://www.goodwinmazda.com/,goodwinmazda.com,Website: http://www.goodwinmazda.com/ | Staff page: blocked | Brand: Mazda
MORONG FALMOUTH MAZDA,187 Us Route 1,Falmouth,ME,04105,(207) 781-4020,Dave Hellin,,http://www.morongmazda.com/,morongmazda.com,Title: General Sales Manager | Website: http://www.morongmazda.com/ | Source: https://www.morongmazda.com/about-us/staff/ (no email published for this contact) | Lead inbox: sales@morong.com | Brand: Mazda
PAUL BLOUIN MAZDA,513 Western Avenue,Augusta,ME,04330,(207) 626-3500,,,http://paulblouinmazda.com/,paulblouinmazda.com,Website: http://paulblouinmazda.com/ | Lead inbox: sales@blouinperformance.com | Brand: Mazda
THOMPSON MAZDA,347 Main Street,Waterville,ME,04901,(207) 873-0777,,,http://www.thompsonmazdaofwaterville.com/,thompsonmazdaofwaterville.com,Website: http://www.thompsonmazdaofwaterville.com/ | Lead inbox: mthompson@thompsonvw.com | Staff page: blocked | Brand: Mazda
VARNEY MAZDA,260 Hogan Road,Bangor,ME,04401,(207) 990-1200,,,http://www.varneymazda.com/,varneymazda.com,Website: http://www.varneymazda.com/ | Lead inbox: webleads@varneygmc.com | Staff page: blocked | Brand: Mazda
BORGMAN MAZDA,"3150 28Th St.,Sw.",Grandville,MI,49418,(616) 534-7651,John Borgman,jborgman@borgmanfordmazda.com,http://www.borgmanmazda.com/,borgmanmazda.com,Title: Dealer Principal | Website: http://www.borgmanmazda.com/ | Source: https://www.borgmanmazda.com/staff | Brand: Mazda
CRIPPEN MAZDA,8300 W. Saginaw Highway,Lansing,MI,48917,(517) 627-8411,,,http://www.crippenmazda.com/,crippenmazda.com,Website: http://www.crippenmazda.com/ | Lead inbox: sales@crippencars.com | Staff page: blocked | Brand: Mazda
CROWN MAZDA,196 Regent Blvd.,Holland,MI,49423,(616) 396-5268,,,http://www.crownmazdami.com/,crownmazdami.com,Website: http://www.crownmazdami.com/ | Staff page: blocked | Brand: Mazda
FOX MAZDA,3538 29Th Street Se,Grand Rapids,MI,49512,(616) 855-3400,,,http://www.foxmazdausa.com/,foxmazdausa.com,Website: http://www.foxmazdausa.com/ | Lead inbox: jnicholas@foxmotors.com | Staff page: blocked | Brand: Mazda
LAFONTAINE MAZDA OF KALAMAZOO,543 W. Michigan Ave,Kalamazoo,MI,49007,(248) 900-4770,Jeremy Trent,,http://lafontainemazdakalamazoo.com/,lafontainemazdakalamazoo.com,Title: General Manager | Website: http://lafontainemazdakalamazoo.com/ | Source: https://www.lafontainemazdakalamazoo.com/staff (no email published for this contact) | Brand: Mazda
LAFONTAINE MAZDA OF LIVONIA,34601 Plymouth Rd,Livonia,MI,48150,(734) 425-5400,,,http://www.lafontainemazdalivonia.com/,lafontainemazdalivonia.com,Website: http://www.lafontainemazdalivonia.com/ | Staff page: no_staff_page | Brand: Mazda
SERRA MAZDA BRIGHTON,8282 Grand River Ave.,Brighton,MI,48114,(810) 227-1100,Paulson Mazda,,http://serramazdabrighton.com/,serramazdabrighton.com,Title: Sales Manager | Website: http://serramazdabrighton.com/ | Source: https://serramazdabrighton.adviserly.com/list (no email published for this contact) | Brand: Mazda
SESI MAZDA,3990 Jackson Road,Ann Arbor,MI,48103,(734) 668-6100,,,http://www.sesimazda.com/,sesimazda.com,Website: http://www.sesimazda.com/ | Lead inbox: dshankle@sesimotors.com | Staff page: no_staff_page | Brand: Mazda
SIEMANS MAZDA,8961 Red Arrow Hwy,Bridgman,MI,49106,(269) 465-5344,Bob Betker,,http://www.siemansmazda.com/,siemansmazda.com,Title: General Manager | Website: http://www.siemansmazda.com/ | Source: https://www.siemansmazda.com/about-us/staff/ (no email published for this contact) | Brand: Mazda
SUBURBAN MAZDA OF FARMINGTON H,37911 Grand River Ave,Farmington Hills,MI,48335,(248) 471-0800,,,http://www.suburbanmazdaoffarmingtonhills.com/,suburbanmazdaoffarmingtonhills.com,Website: http://www.suburbanmazdaoffarmingtonhills.com/ | Staff page: blocked | Brand: Mazda
SUBURBAN MAZDA OF TROY,1794 Maplelawn Dr,Troy,MI,48084,(248) 744-2725,,,http://www.suburbanmazdaoftroy.com/,suburbanmazdaoftroy.com,Website: http://www.suburbanmazdaoftroy.com/ | Lead inbox: dstlouis@suburbancollection.com | Staff page: blocked | Brand: Mazda
THELEN MAZDA,1112 N. Euclid Avenue,Bay City,MI,48706,(989) 684-2980,,,http://www.thelenmazda.com/,thelenmazda.com,Website: http://www.thelenmazda.com/ | Lead inbox: leads@thinkthelen.com | Staff page: no_staff_page | Brand: Mazda
ALEXANDRIA MAZDA,3710 Highway 29 S,Alexandria,MN,56308,(320) 762-2114,Ross Wiegman,,http://www.mazdaofalexandria.com/,mazdaofalexandria.com,Title: General Sales Manager | Website: http://www.mazdaofalexandria.com/ | Source: https://www.mazdaofalexandria.com/staff (no email published for this contact) | Lead inbox: matt@alexmotorco.com | Brand: Mazda
EICH MAZDA,1921 W Division St,Saint Cloud,MN,56301,(320) 251-1737,Conda Mazda,,http://www.eichmazda.com/,eichmazda.com,Title: New Car Sales Manager | Website: http://www.eichmazda.com/ | Source: https://www.eichmazda.com/about-us/staff/ (no email published for this contact) | Brand: Mazda
LUTHER BROOKDALE MAZDA,4435 68Th Ave N Suite 200,Brooklyn Center,MN,55429,(763) 566-5600,,,http://www.luthermazda.com/,luthermazda.com,Website: http://www.luthermazda.com/ | Staff page: blocked | Brand: Mazda
MORRIE'S INVER GROVE MAZDA,10 Mendota Road,Inver Grove Heights,MN,55077,(651) 217-8800,,,http://www.morriesinvergrovemazda.com/,morriesinvergrovemazda.com,Website: http://www.morriesinvergrovemazda.com/ | Lead inbox: bryant.peppin@morries.com | Staff page: no_staff_page | Brand: Mazda
MORRIES MINNETONKA MAZDA,13700 Wayzata Blvd,Minnetonka,MN,55305,(952) 544-1999,,,http://www.morriesmazda.com/,morriesmazda.com,Website: http://www.morriesmazda.com/ | Lead inbox: Scott.Thiede@morries.com | Staff page: no_staff_page | Brand: Mazda
ROCHESTER MAZDA,2955 48Th Street Nw,Rochester,MN,55901,(507) 424-6520,Adrian Hurtado,adrian.hurtado@rochestermazda.com,http://www.rochestermazda.com/,rochestermazda.com,Title: Sales Manager | Website: http://www.rochestermazda.com/ | Source: https://www.rochestermazda.com/staff | Lead inbox: sales@rochestermazda.com | Brand: Mazda
WALSER BURNSVILLE MAZDA,14720 Buck Hill Road,Burnsville,MN,55306,(952) 892-9800,David Berwald,,http://www.walser-mazda.com/,walser-mazda.com,Title: General Manager | Website: http://www.walser-mazda.com/ | Source: https://www.walser-mazda.com/about-us/staff/ (no email published for this contact) | Lead inbox: sle@walser.com | Brand: Mazda
WALSER POLAR MAZDA,4095 Hwy 61 N,White Bear Lake,MN,55110,(833) 851-4251,Bret Juedes,,http://www.walserpolarmazda.com/,walserpolarmazda.com,Title: General Manager | Website: http://www.walserpolarmazda.com/ | Source: https://www.walserpolarmazda.com/about-us/staff/ (no email published for this contact) | Brand: Mazda
BOMMARITO MAZDA OF WEST COUNTY,15736 Manchester Road,Ellisville,MO,63011,(636) 391-0073,Ryan Jackson,,http://www.bommaritomazdawest.com/,bommaritomazdawest.com,Title: General Manager | Website: http://www.bommaritomazdawest.com/ | Source: https://www.bommaritomazdawest.com/staff (no email published for this contact) | Lead inbox: gkimbrell@bommarito.net | Brand: Mazda
BOMMARITO MAZDA SOUTH,6127 South Lindbergh,St Louis,MO,63123,(314) 487-9800,Steve Hunter,,http://www.bommaritomazdasouth.com/,bommaritomazdasouth.com,Title: General Manager | Website: http://www.bommaritomazdasouth.com/ | Source: https://www.bommaritomazdasouth.com/staff (no email published for this contact) | Lead inbox: bbrennan@bommarito.net | Brand: Mazda
BOMMARITO MAZDA ST. PETERS,4198 North Service Road,Saint Peters,MO,63376,(636) 928-2300,Gotsch Mazda,,http://www.bommaritomazdastpeters.com/,bommaritomazdastpeters.com,Title: General Manager | Website: http://www.bommaritomazdastpeters.com/ | Source: https://www.bommaritomazdastpeters.com/staff (no email published for this contact) | Lead inbox: slane@bommarito.net | Brand: Mazda
JP SIDES MAZDA,460 Siemers Dr,Cape Girardeau,MO,63701,(573) 335-5999,,,http://www.jpsidesmazda.com/,jpsidesmazda.com,Website: http://www.jpsidesmazda.com/ | Staff page: blocked | Brand: Mazda
LOU FUSZ MAZDA,925 N. Lindbergh,St. Louis,MO,63141,(314) 994-1500,,,http://mazda.fusz.com/,mazda.fusz.com,Website: http://mazda.fusz.com/ | Lead inbox: sgianino@fusz.com | Staff page: blocked | Brand: Mazda
LUTHER MAZDA OF KANSAS CITY,13900 Washington Street,Kansas City,MO,64145,(816) 623-7200,Derek Goshien,,http://www.luthermazdaofkansascity.com/,luthermazdaofkansascity.com,Title: General Manager | Website: http://www.luthermazdaofkansascity.com/ | Source: https://www.luthermazdaofkansascity.com/about-us/staff/ (no email published for this contact) | Brand: Mazda
LUTHER MAZDA OF LEE'S SUMMIT,975 Se Oldham Parkway,Lees Summit,MO,64081,(816) 623-7100,Derek Goshien,,http://www.summitmazda.com/,summitmazda.com,Title: General Manager | Website: http://www.summitmazda.com/ | Source: https://www.summitmazda.com/about-us-2/staff/ (no email published for this contact) | Brand: Mazda
MAZDA OF COLUMBIA – Columbia #1,1310 Vandiver Dr,Columbia,MO,65202,(573) 875-5000,,,http://www.mazdaofcomo.com/,mazdaofcomo.com,Website: http://www.mazdaofcomo.com/ | Lead inbox: myant@machens.com | Staff page: no_staff_page | Brand: Mazda
NORTHTOWNE MAZDA,5900 North Oak Traffic Way,Gladstone,MO,64118,(816) 436-2255,,,http://www.kcmazda.com/,kcmazda.com,Website: http://www.kcmazda.com/ | Lead inbox: tomh@northtownekc.com | Staff page: blocked | Brand: Mazda
RELIABLE MAZDA,438 S. Ingram Mill Road,Springfield,MO,65802,(417) 864-6800,,,http://www.reliablemazda.com/,reliablemazda.com,Website: http://www.reliablemazda.com/ | Lead inbox: mazda@reliableimports.com | Staff page: blocked | Brand: Mazda
J. ALLEN MAZDA,15150 Airport Road,Gulfport,MS,39503,(228) 863-5520,,,http://jallenmazda.com/,jallenmazda.com,Website: http://jallenmazda.com/ | Staff page: no_staff_page | Brand: Mazda
MAZDA OF JACKSON,5397 I-55 N. Frontage Road,Jackson,MS,39206,(601) 991-2222,,,http://www.mazdaofjackson.com/,mazdaofjackson.com,Website: http://www.mazdaofjackson.com/ | Lead inbox: cassidy@mazdaofjackson.com | Brand: Mazda
BOB SMITH MAZDA,2244 Central Avenue,Billings,MT,59102,(406) 656-0000,,,http://www.bobsmithmazda.com/,bobsmithmazda.com,Website: http://www.bobsmithmazda.com/ | Lead inbox: sales@bobsmithmotors.com | Staff page: blocked | Brand: Mazda
YOUNG MAZDA MISSOULA,1776 Stephens Ave,Missoula,MT,59801,(406) 721-1381,,,http://www.youngmazdamissoula.com/,youngmazdamissoula.com,Website: http://www.youngmazdamissoula.com/ | Staff page: no_staff_page | Brand: Mazda
BOB KING MAZDA,680 Peters Creek Parkway,Winston-Salem,NC,27103,(336) 714-3177,,,http://www.bobkingmazda.com/,bobkingmazda.com,Website: http://www.bobkingmazda.com/ | Lead inbox: amullis@bobkingauto.com | Staff page: no_staff_page | Brand: Mazda
BROWN AND WOOD MAZDA,329 Greenville Boulevard Sw,Greenville,NC,27834,(252) 355-6080,Duke General,michaelduke@brownandwoodauto.com,http://www.greenvillemazda.com/,greenvillemazda.com,Title: Sales Manager | Website: http://www.greenvillemazda.com/ | Source: https://www.greenvillemazda.com/staff | Lead inbox: curtis@brownandwoodauto.com | Brand: Mazda
CAPITAL MAZDA OF CARY,525 Crossroads Boulevard,Cary,NC,27518,(919) 859-2000,,,http://www.capitalmazdaofcary.com/,capitalmazdaofcary.com,Website: http://www.capitalmazdaofcary.com/ | Lead inbox: lcarico@capitalofcary.com | Staff page: blocked | Brand: Mazda
FIELDS MAZDA,209 Smokey Park Highway,Asheville,NC,28806,(828) 761-0111,,,http://www.fieldsmazda.com/,fieldsmazda.com,Website: http://www.fieldsmazda.com/ | Staff page: blocked | Brand: Mazda
FLOW MAZDA OF FAYETTEVILLE,1945 Skibo Road,Fayetteville,NC,28314,(910) 860-9300,Stephen Sergent,,http://www.flowmazdafayetteville.com/,flowmazdafayetteville.com,Title: General Sales Manager | Website: http://www.flowmazdafayetteville.com/ | Source: https://www.flowmazdafayetteville.com/staff (no email published for this contact) | Lead inbox: bmclaurin@flowauto.com | Brand: Mazda
FLOW MAZDA OF GREENSBORO,1205 Bridford Parkway,Greensboro,NC,27407,(336) 299-1500,Tanner Sterba,,http://www.flowmazdagreensboro.com/,flowmazdagreensboro.com,Title: General Sales Manager | Website: http://www.flowmazdagreensboro.com/ | Source: https://www.flowmazdagreensboro.com/staff (no email published for this contact) | Lead inbox: hdixon@flowauto.com | Brand: Mazda
INDEPENDENCE MAZDA,6735 E. Independence Blvd,Charlotte,NC,28212,(704) 563-1510,,,http://www.independencemazda.com/,independencemazda.com,Website: http://www.independencemazda.com/ | Staff page: no_staff_page | Brand: Mazda
KEFFER MAZDA,13307 Statesville Road,Huntersville,NC,28078,(704) 947-7253,Ronnie Franklin,,http://www.keffermazda.com/,keffermazda.com,Title: General Sales Manager | Website: http://www.keffermazda.com/ | Source: https://www.keffermazda.com/about-us/staff/ (no email published for this contact) | Lead inbox: leads@keffermazda.motosnap.com | Brand: Mazda
MAZDA OF GASTONIA,4811 Wilkinson Boulevard,Gastonia,NC,28056,(704) 824-7777,,,http://www.momentummazda.com/,momentummazda.com,Website: http://www.momentummazda.com/ | Lead inbox: sales@momentummazda.com | Staff page: blocked | Brand: Mazda
MAZDA OF NEW BERN,1715 Highway 70 East,New Bern,NC,28560,(252) 633-6161,,,http://www.mazdaofnewbern.com/,mazdaofnewbern.com,Website: http://www.mazdaofnewbern.com/ | Staff page: no_staff_page | Brand: Mazda
MAZDA OF SOUTH CHARLOTTE,10515 Cadillac Street,Pineville,NC,28134,(980) 224-9250,,,http://www.mazdaofsouthcharlotte.com/,mazdaofsouthcharlotte.com,Website: http://www.mazdaofsouthcharlotte.com/ | Lead inbox: sbonack@mazdaofsouthcharlotte.com | Staff page: blocked | Brand: Mazda
MEDLIN MAZDA,1900 S. Tarboro Street,Wilson,NC,27893,(252) 243-6106,Chet Lyndon,,http://www.medlinmazda.com/,medlinmazda.com,Title: General Sales Manager | Website: http://www.medlinmazda.com/ | Source: https://www.medlinmazda.com/about-us/staff/ (no email published for this contact) | Lead inbox: sales@medlincars.com | Brand: Mazda
MODERN MAZDA OF BURLINGTON,2608 Alamance Road,Burlington,NC,27215,(336) 417-5253,Kenneth Kernodle,,http://www.modernmazdaofburlington.com/,modernmazdaofburlington.com,Title: General Sales Manager | Website: http://www.modernmazdaofburlington.com/ | Source: https://www.modernmazdaofburlington.com/about-us/staff/ (no email published for this contact) | Brand: Mazda
SOUTHERN STATES MAZDA,2511 Wake Forest Road,Raleigh,NC,27609,(919) 839-7481,,,http://www.mazdaraleigh.com/,mazdaraleigh.com,Website: http://www.mazdaraleigh.com/ | Lead inbox: covjr001@gmail.com | Staff page: blocked | Brand: Mazda
SPORT DURST MAZDA,4515 Durham-Chapel Hill Boulev,Durham,NC,27707,(919) 489-6531,,,http://www.sportdurstmazda.com/,sportdurstmazda.com,Website: http://www.sportdurstmazda.com/ | Lead inbox: sales@sportdurst.com | Staff page: blocked | Brand: Mazda
SPORT DURST MAZDA OF GOLDSBORO,3405 Mclain Street,Goldsboro,NC,27534,(919) 778-1010,,,http://www.sportdurstmazda.com/,sportdurstmazda.com,Website: http://www.sportdurstmazda.com/ | Staff page: blocked | Brand: Mazda
STEVENSON-HENDRICK MAZDA WILMI,5911 Market Street,Wilmington,NC,28405,(910) 350-1650,Tracy Whitmire,,http://www.stevensonhendrickmazda.com/,stevensonhendrickmazda.com,Title: General Manager | Website: http://www.stevensonhendrickmazda.com/ | Source: https://www.stevensonhendrickmazda.com/about-us/staff/ (no email published for this contact) | Brand: Mazda
MAZDA OF FARGO,3901 2Nd Ave S,Fargo,ND,58103,(701) 282-7600,Wess Philome,wessp@kiaoffargo.com,http://www.mazdaoffargo.com/,mazdaoffargo.com,Title: General Sales Manager | Website: http://www.mazdaoffargo.com/ | Source: https://www.mazdaoffargo.com/staff | Lead inbox: beth@lundeautos.com | Brand: Mazda
ANDERSON MAZDA OF LINCOLN,6500 Telluride Dr.,Lincoln,NE,68521,(402) 817-5203,,,http://www.andersonmazdalincoln.com/,andersonmazdalincoln.com,Website: http://www.andersonmazdalincoln.com/ | Lead inbox: leads@andersonmazdaoflincoln.com | Staff page: blocked | Brand: Mazda
SID DILLON MAZDA,2424 E. 23Rd Street,Fremont,NE,68025,(402) 721-2448,Rich Eyler,,http://www.siddillonmazda.com/,siddillonmazda.com,Title: General Manager | Website: http://www.siddillonmazda.com/ | Source: https://www.siddillonmazda.com/about-us/staff/ (no email published for this contact) | Brand: Mazda
WOODHOUSE MAZDA,7845 Nebraska Dr,Bellevue,NE,68005,(402) 592-1000,Joe Sheridan,joesheridan@woodhouse.com,http://www.woodhousemazda.com/,woodhousemazda.com,Title: General Sales Manager | Website: http://www.woodhousemazda.com/ | Source: https://www.woodhousemazda.com/about-us/staff/ (name) + Mazda dealer locator (email match) | Brand: Mazda
WOODHOUSE PLACE MAZDA,8606 S. 145Th St.,Omaha,NE,68138,(402) 397-8300,Brandon Roberts,,http://www.woodhouseplacemazda.com/,woodhouseplacemazda.com,Title: General Sales Manager | Website: http://www.woodhouseplacemazda.com/ | Source: https://www.woodhouseplacemazda.com/about-us/staff/ (no email published for this contact) | Brand: Mazda
AUTEX MAZDA OF KEENE,94 Key Road,Keene,NH,03431,(603) 352-4400,,,http://www.autexcars.com/,autexcars.com,Website: http://www.autexcars.com/ | Lead inbox: mazda@autexinc.com | Staff page: no_staff_page | Brand: Mazda
GRAPPONE MAZDA,134 Manchester Street,Concord,NH,03301,(603) 224-0747,Courtney Chagnon,,http://www.grapponemazda.com/,grapponemazda.com,Title: Sales Manager | Website: http://www.grapponemazda.com/ | Source: https://www.grapponemazda.com/about-us/staff/ (no email published for this contact) | Lead inbox: mazdasales@grappone.com | Brand: Mazda
MCGEE MAZDA CLAREMONT,114 Charlestown Road,Claremont,NH,03743,(603) 287-4880,,,http://www.mazdaclaremont.com/,mazdaclaremont.com,Website: http://www.mazdaclaremont.com/ | Lead inbox: leads@mazdaclaremont.com | Brand: Mazda
SEACOAST MAZDA,180 Spaulding Turnpike,Portsmouth,NH,03801,(603) 436-6811,John Dunkle,John@seacoastmazda.com,http://www.seacoastmazda.com/,seacoastmazda.com,Title: General Sales Manager | Website: http://www.seacoastmazda.com/ | Source: https://www.seacoastmazda.com/staff | Lead inbox: dan@seacoastmazda.com | Brand: Mazda
TULLEY MAZDA,147 Daniel Webster Highway,Nashua,NH,03060,(603) 888-0550,Brasil Mazda,,http://www.tulleymazda.com/,tulleymazda.com,Title: General Sales Manager | Website: http://www.tulleymazda.com/ | Source: https://www.tulleymazda.com/about-us/staff/ (no email published for this contact) | Brand: Mazda
WERNER MAZDA,736 Huse Rd,Manchester,NH,03103,(603) 626-6666,,,http://wernermazda.com/,wernermazda.com,Website: http://wernermazda.com/ | Lead inbox: rhammond@wernerauto.com | Staff page: blocked | Brand: Mazda
CHAPMAN MAZDA SALES,6744 Black Horse Pike,Egg Harbor Township,NJ,08234,(609) 646-2000,Donald Hood,,http://www.chapmanmazdanj.com/,chapmanmazdanj.com,Title: General Manager | Website: http://www.chapmanmazdanj.com/ | Source: https://www.chapmanmazdanj.com/about-us/staff/ (no email published for this contact) | Lead inbox: kstorey@chapmanautogroup.com | Brand: Mazda
EMPIRE MAZDA OF GREEN BROOK,220 Route 22 West,Green Brook,NJ,08812,(732) 968-1000,,,http://www.shopempiremazdaofgreenbrook.com/,shopempiremazdaofgreenbrook.com,Website: http://www.shopempiremazdaofgreenbrook.com/ | Staff page: no_staff_page | Brand: Mazda
HAMILTON MAZDA,2201 Route 33,Hamilton Township,NJ,08690,(609) 587-7600,David J. Brodtman,,http://www.hamiltonmazda.net/,hamiltonmazda.net,Title: General Manager | Website: http://www.hamiltonmazda.net/ | Source: https://www.hamiltonmazda.net:443/meet-our-staff/ (no email published for this contact) | Lead inbox: mitch@hvwinc.com | Brand: Mazda
IRWIN MAZDA,4000 Route 9 South,Freehold,NJ,07728,(732) 462-1818,Jay Irwin,jayi@irwincars.com,http://www.irwinmazda.com/,irwinmazda.com,Title: Sales Manager | Website: http://www.irwinmazda.com/ | Source: https://www.irwinmazda.com/staff | Lead inbox: irwinsales@irwincars.com | Brand: Mazda
LESTER GLENN MAZDA,101 Route 37 E,Toms River,NJ,08753,(732) 557-7893,,,http://www.lesterglennmazda.com/,lesterglennmazda.com,Website: http://www.lesterglennmazda.com/ | Staff page: blocked | Brand: Mazda
MAPLE SHADE MAZDA,2921 Route 73 South,Maple Shade,NJ,08052,(856) 667-8004,,,http://www.msmazda.com/,msmazda.com,Website: http://www.msmazda.com/ | Staff page: blocked | Brand: Mazda
MAZDA OF LODI,130 Route 46 East,Lodi,NJ,07644,(973) 594-1700,Ana Wood,ana@mazdaoflodi.com,http://www.mazdaoflodi.com/,mazdaoflodi.com,Title: General Sales Manager | Website: http://www.mazdaoflodi.com/ | Source: https://www.mazdaoflodi.com/staff | Lead inbox: cchristian@mazdaoflodi.com | Brand: Mazda
OPEN ROAD MAZDA,352 Route 18,East Brunswick,NJ,08816,(732) 257-5300,Mark Rodrigo,,http://www.openroadmazdaofeastbrunswick.com/,openroadmazdaofeastbrunswick.com,Title: Sales Consultant | Website: http://www.openroadmazdaofeastbrunswick.com/ | Source: https://www.openroadmazdaofeastbrunswick.com/staff (no email published for this contact) | Lead inbox: leo.angelicola@openroad.com | Brand: Mazda
OPEN ROAD MAZDA OF MORRISTOWN,108-112 Ridgedale Avenue,Morristown,NJ,07960,(973) 796-1300,Vladimir Nastelon,,http://www.openroadmazdaofmorristown.com/,openroadmazdaofmorristown.com,Title: General Manager | Website: http://www.openroadmazdaofmorristown.com/ | Source: https://www.openroadmazdaofmorristown.com/staff (no email published for this contact) | Lead inbox: OpenRoadMazdaMorristown@newsales.leads.cmdlr.com | Brand: Mazda
PERFORMANCE MAZDA,99 U.S. 22,Springfield,NJ,07081,(908) 585-3500,,,http://performancemazdanj.com/,performancemazdanj.com,Website: http://performancemazdanj.com/ | Staff page: blocked | Brand: Mazda
PINE BELT MAZDA,1104 Route 88,Lakewood,NJ,08701,(732) 363-2900,Matt Clifton,,http://www.pinebeltmazda.com/,pinebeltmazda.com,Title: General Manager | Website: http://www.pinebeltmazda.com/ | Source: https://www.pinebeltmazda.com/about-us/staff/ (no email published for this contact) | Brand: Mazda
RAMSEY MAZDA – Ramsey,436 Route 17,Ramsey,NJ,07446,(201) 825-4444,,,http://ramseymazda.com/,ramseymazda.com,Website: http://ramseymazda.com/ | Lead inbox: jdesimone@ramseymazda.com | Staff page: blocked | Brand: Mazda
SANSONE MAZDA,90-100 Route 1,Avenel,NJ,07001,(888) 890-2679,,,http://www.sansonesmazda.com/,sansonesmazda.com,Website: http://www.sansonesmazda.com/ | Lead inbox: kmooney@sansoneauto.com | Staff page: no_staff_page | Brand: Mazda
SCHWARTZ MAZDA,585 Shrewsbury Avenue,Shrewsbury,NJ,07702,(732) 747-0787,Yankees Fan,,http://www.schwartzmazda.com/,schwartzmazda.com,Title: General Manager | Website: http://www.schwartzmazda.com/ | Source: https://www.schwartzmazda.com:443/meet-our-staff/ (no email published for this contact) | Lead inbox: csr@buy-auto.com | Brand: Mazda
TURNERSVILLE MAZDA,3000 Route 42,Sicklerville,NJ,08081,(856) 875-0200,,,http://www.turnersvillemazda.com/,turnersvillemazda.com,Website: http://www.turnersvillemazda.com/ | Staff page: blocked | Brand: Mazda
WAYNE MAZDA,1276 Route 23 North,Wayne,NJ,07470,(973) 694-7700,,,http://www.waynemazda.com/,waynemazda.com,Website: http://www.waynemazda.com/ | Lead inbox: robert@waynemazda.com | Staff page: blocked | Brand: Mazda
CASA MAZDA OF LAS CRUCES,470 W Boutz Road,Las Cruces,NM,88005,(575) 525-4500,,,http://www.casamazdalascruces.com/,casamazdalascruces.com,Website: http://www.casamazdalascruces.com/ | Staff page: no_staff_page | Brand: Mazda
QUALITY MAZDA,8101 Lomas Blvd. Ne,Albuquerque,NM,87110,(505) 265-3753,White Mazda,,http://www.qualitymazdanm.com/,qualitymazdanm.com,Title: Sales Manager | Website: http://www.qualitymazdanm.com/ | Source: https://www.qualitymazdanm.com/about-us/staff/ (no email published for this contact) | Lead inbox: awhite@qualitydeal.com | Brand: Mazda
SANTA FE MAZDA,2704 Cerrillos Road,Santa Fe,NM,87507,(505) 372-0621,Jose MIranda,,http://www.santafemazda.com/,santafemazda.com,Title: Sales Representative | Website: http://www.santafemazda.com/ | Source: https://www.santafemazda.com/about-us/staff/ (no email published for this contact) | Brand: Mazda
UNIVERSITY MAZDA,"5150 Ellison,Ne",Albuquerque,NM,87109,(505) 761-1900,directly to our,,http://www.mazdamarket.com/,mazdamarket.com,Title: General Manager | Website: http://www.mazdamarket.com/ | Source: https://www.mazdamarket.com/ (no email published for this contact) | Lead inbox: bob@vwmarket.com | Brand: Mazda
CARDINALEWAY MAZDA LAS VEGAS,6950 W. Sahara Ave,Las Vegas,NV,89117,(702) 538-7000,,,http://www.cardinalewaymazdalasvegas.com/,cardinalewaymazdalasvegas.com,Website: http://www.cardinalewaymazdalasvegas.com/ | Staff page: no_staff_page | Brand: Mazda
FINDLAY MAZDA,7760 Eastgate Rd,Henderson,NV,89011,(702) 955-5555,,,http://www.findlaymazda.com/,findlaymazda.com,Website: http://www.findlaymazda.com/ | Staff page: no_staff_page | Brand: Mazda
JERRY SEINER MAZDA,6525 Centennial Center Blvd,Las Vegas,NV,89149,(702) 784-1100,,,http://jerryseinermazda.com/,jerryseinermazda.com,Website: http://jerryseinermazda.com/ | Staff page: blocked | Brand: Mazda
TOM DOLAN'S RENO MAZDA,9475 So. Virginia Street,Reno,NV,89511,(775) 826-0204,,,http://www.dolanrenomazda.com/,dolanrenomazda.com,Website: http://www.dolanrenomazda.com/ | Lead inbox: chris.pitaro@dolanautogroup.com | Staff page: blocked | Brand: Mazda
BAY RIDGE MAZDA,9000 4Th Ave.,Brooklyn,NY,11209,(718) 407-3900,Dave Dann,,http://www.bayridgemazda.com/,bayridgemazda.com,Title: Sales Manager | Website: http://www.bayridgemazda.com/ | Source: https://www.bayridgemazda.com/about-us/staff/ (no email published for this contact) | Brand: Mazda
BOB JOHNSON MAZDA,3755 West Henrietta Rd,Rochester,NY,14623,(585) 359-4900,Jay Haas,,http://www.mazdaofrochester.com/,mazdaofrochester.com,Title: General Sales Manager | Website: http://www.mazdaofrochester.com/ | Source: https://www.bobjohnsonmazda.com/staff (no email published for this contact) | Brand: Mazda
BRIGHT BAY MAZDA,1200 Sunrise Highway,Bay Shore,NY,11706,(631) 666-6100,Christian Galindo,cgalindo@brightbayauto.com,http://www.brightbaymazda.com/,brightbaymazda.com,Title: General Manager | Website: http://www.brightbaymazda.com/ | Source: https://www.brightbaymazda.com/staff (name) + Mazda dealer locator (email match) | Brand: Mazda
BURDICK MAZDA,5885 East Circle Drive,Cicero,NY,13039,(315) 455-7051,MATT DAWSON,,http://www.burdickmazda.com/,burdickmazda.com,Title: General Sales Manager | Website: http://www.burdickmazda.com/ | Source: https://www.burdickmazda.com/dealership/staff.htm (no email published for this contact) | Lead inbox: leads@burdickmazda.com | Brand: Mazda
COOLEY MOTORS,401 North Greenbush Road,Rensselaer,NY,12144,(518) 283-2902,Mike Brosch,,http://www.cooleymazda.com/,cooleymazda.com,Title: General Sales Manager | Website: http://www.cooleymazda.com/ | Source: https://www.cooleymazda.com/about-us/staff/ (no email published for this contact) | Lead inbox: acrisafulli@cooleyvwmazda.com | Brand: Mazda
DELLA MAZDA,92 Quaker Road,Queensbury,NY,12804,(518) 832-4400,John Koerber,,http://www.dellamazda.com/,dellamazda.com,Title: Sales Manager | Website: http://www.dellamazda.com/ | Source: https://www.dellamazda.com/staff (no email published for this contact) | Lead inbox: kpugh@dellaauto.net | Brand: Mazda
DEPAULA MAZDA,1586 Central Ave,Albany,NY,12205,(518) 489-1187,Newell Executive,,http://www.depaulamazda.com/,depaulamazda.com,Title: General Manager | Website: http://www.depaulamazda.com/ | Source: https://www.depaulamazda.com/about-us/meet-our-staff/ (no email published for this contact) | Brand: Mazda
EMPIRE MAZDA OF HUNTINGTON,660 East Jericho Turnpike,Huntington Station,NY,11746,(631) 479-3876,Mike F.,,http://www.shopempiremazda.com/,shopempiremazda.com,Title: General Sales Manager | Website: http://www.shopempiremazda.com/ | Source: https://www.shopempiremazda.com/staff/ (no email published for this contact) | Brand: Mazda
GARDEN CITY MAZDA,229 N. Franklin St.,Hempstead,NY,11550,(516) 292-7827,Jack D.,,http://www.gcmazda.com/,gcmazda.com,Title: General Manager | Website: http://www.gcmazda.com/ | Source: https://www.gcmazda.com/about-us/staff/ (no email published for this contact) | Brand: Mazda
ISLAND MAZDA,1580 Hylan Boulevard,Staten Island,NY,10305,(718) 697-6900,,,http://www.myislandmazda.com/,myislandmazda.com,Website: http://www.myislandmazda.com/ | Staff page: blocked | Brand: Mazda
KOEPPEL MAZDA,77-12 Northern Blvd.,Jackson Heights,NY,11372,(718) 721-9100,,,http://www.koeppelmazda.com/,koeppelmazda.com,Website: http://www.koeppelmazda.com/ | Lead inbox: jpica@koeppelautogroup.com | Staff page: blocked | Brand: Mazda
MAZDA 112,2112 Route 112,Medford,NY,11763,(631) 758-2200,,,http://www.mazda112.com/,mazda112.com,Website: http://www.mazda112.com/ | Lead inbox: lhall@112autogroup.com | Staff page: no_staff_page | Brand: Mazda
MAZDA OF NEW ROCHELLE,1 East Main Street,New Rochelle,NY,10801,(914) 826-8100,,,http://www.mazdaofnewrochelle.com/,mazdaofnewrochelle.com,Website: http://www.mazdaofnewrochelle.com/ | Lead inbox: mazdaofnewrochelle@eleadtrack.net | Staff page: no_staff_page | Brand: Mazda
MAZDA OF VALLEY STREAM,676 West Merrick Road,Valley Stream,NY,11580,(516) 285-0505,Kevin Persaud,,http://www.mazdaofvalleystream.com/,mazdaofvalleystream.com,Title: General Sales Manager | Website: http://www.mazdaofvalleystream.com/ | Source: https://www.mazdaofvalleystream.com/dealership/staff.htm (no email published for this contact) | Lead inbox: leads@mazdaofvalleystream.com | Brand: Mazda
MAZDA OF WEST RIDGE,4692 Ridge Road West,Spencerport,NY,14559,(585) 352-5995,Jesse Cicione,jcicione@mazdaofwestridge.com,http://mazdaofwestridge.com/,mazdaofwestridge.com,Title: General Manager | Website: http://mazdaofwestridge.com/ | Source: https://www.mazdaofwestridge.com/about-us/staff/ | Brand: Mazda
MAZDA WHITE PLAINS,251 E Main St,Elmsford,NY,10523,(914) 598-1601,,,http://www.mazdawhiteplains.com/,mazdawhiteplains.com,Website: http://www.mazdawhiteplains.com/ | Staff page: blocked | Brand: Mazda
MIDDLETOWN MAZDA,204-206 Dolson Avenue,Middletown,NY,10940,(845) 344-4440,Mike Gallagher,Mgallagher@middletownmazdavw.com,http://www.middletownmazda.com/,middletownmazda.com,Title: General Sales Manager | Website: http://www.middletownmazda.com/ | Source: https://www.middletownmazda.com/staff | Brand: Mazda
NORTHTOWN MAZDA,3920 Sheridan Dr,Amherst,NY,14226,(716) 839-9600,,,http://www.northtownmazda.com/,northtownmazda.com,Website: http://www.northtownmazda.com/ | Lead inbox: SALES@NORTHTOWNAUTO.COM | Staff page: blocked | Brand: Mazda
PALISADES MAZDA,115 Route 59,Nyack,NY,10960,(845) 224-3660,,,http://www.palisadesmazda.com/,palisadesmazda.com,Website: http://www.palisadesmazda.com/ | Lead inbox: richbarry@thepremiercollection.com | Staff page: blocked | Brand: Mazda
RIVERHEAD MAZDA,1421 Old Country Rd,Riverhead,NY,11901,(631) 721-9900,Sonya Lucki,,http://www.riverheadmazda.com/,riverheadmazda.com,Title: General Manager | Website: http://www.riverheadmazda.com/ | Source: https://www.riverheadmazda.com/dealership/staff.htm (no email published for this contact) | Brand: Mazda
ROMANO MAZDA,3120 Erie Blvd East,Syracuse,NY,13214,(315) 446-9666,Ben Michalowski,benjamin@romanocars.com,http://www.romanomazda.com/,romanomazda.com,Title: Sales Consultant | Website: http://www.romanomazda.com/ | Source: https://www.romanomazda.com/staff | Lead inbox: lilia@romanocars.com | Brand: Mazda
ROUTE 9 MAZDA,2309 South Rd.,Poughkeepsie,NY,12601,(845) 462-1400,Anthony Bifolco,ABifolco@route9mazda.com,http://www.route9mazda.com/,route9mazda.com,Title: Sales Manager | Website: http://www.route9mazda.com/ | Source: https://www.route9mazda.com/staff | Brand: Mazda
SMITH HAVEN MAZDA,827 Jericho Turnpike,Saint James,NY,11780,(631) 265-1285,,,http://www.smithhavenmazda.com/,smithhavenmazda.com,Website: http://www.smithhavenmazda.com/ | Lead inbox: teresa@smithhaven.com | Staff page: blocked | Brand: Mazda
STEET PONTE MAZDA,5065 Commercial Drive,Yorkville,NY,13495,(315) 927-5081,,,http://www.steetpontemazda.com/,steetpontemazda.com,Website: http://www.steetpontemazda.com/ | Staff page: no_staff_page | Brand: Mazda
TASCA MAZDA YONKERS,900 Central Park Ave,Yonkers,NY,10704,(914) 377-8100,,,http://www.tascamazdayonkers.com/,tascamazdayonkers.com,Website: http://www.tascamazdayonkers.com/ | Staff page: no_staff_page | Brand: Mazda
TOWNE MAZDA,3531 Southwestern Blvd,Orchard Park,NY,14127,(716) 662-6530,Tyler Piscitello,,http://www.townemazda.com/,townemazda.com,Title: General Sales Manager | Website: http://www.townemazda.com/ | Source: https://www.townemazda.com/about-us/staff/ (no email published for this contact) | Lead inbox: MLAWLESS@TOWNEAUTO.COM | Brand: Mazda
WANTAGH MAZDA,3180 Sunrise Hwy.,Wantagh,NY,11793,(516) 826-7788,and features.,,http://www.wantaghmazda.com/,wantaghmazda.com,Title: Sales Manager | Website: http://www.wantaghmazda.com/ | Source: https://www.wantaghmazda.com:443/testimonials/ (no email published for this contact) | Lead inbox: joeb@wmazda.com | Brand: Mazda
WEST HERR MAZDA OF CANANDAIGUA,2337 Rochester Road,Canandaigua,NY,14424,(585) 396-7100,,,http://www.mazdacanandaigua.com/,mazdacanandaigua.com,Website: http://www.mazdacanandaigua.com/ | Staff page: blocked | Brand: Mazda
BASS MAZDA,4900 Detroit Road,Sheffield Village,OH,44035,(440) 934-2900,Andrew Hall,,http://www.bassmazda.com/,bassmazda.com,Title: Sales Manager | Website: http://www.bassmazda.com/ | Source: https://www.bassmazda.com/about-us/staff/ (no email published for this contact) | Lead inbox: sales@bassmazda.com | Brand: Mazda
BILL MARINE MAZDA,415 E. North Street,Springfield,OH,45503,(937) 325-7091,Pascal Chevrette,pascalchevrette@billmarine.com,http://www.billmarinemazda.com/,billmarinemazda.com,Title: General Manager | Website: http://www.billmarinemazda.com/ | Source: https://www.billmarinemazda.com/staff.aspx | Brand: Mazda
BRUNSWICK MAZDA,3015 Center Rd,Brunswick,OH,44212,(330) 273-3300,,,http://www.brunswickmazda.com/,brunswickmazda.com,Website: http://www.brunswickmazda.com/ | Staff page: blocked | Brand: Mazda
BYERS MAZDA,2435 Billingsley Rd.,Columbus,OH,43235,(614) 792-2455,,,http://www.byersmazda.com/,byersmazda.com,Website: http://www.byersmazda.com/ | Lead inbox: jhaskins@byersauto.com | Staff page: blocked | Brand: Mazda
CASCADE MAZDA,4149 State Road,Cuyahoga Falls,OH,44223,(330) 929-1861,Dave Flanagan,daveflanagan@cascadeautogroup.com,http://www.cascademazda.com/,cascademazda.com,Title: General Sales Manager | Website: http://www.cascademazda.com/ | Source: https://www.cascademazda.com/staff | Lead inbox: info@cascadeautogroup.com | Brand: Mazda
CLASSIC MAZDA – Mentor,6951 Center Street,Mentor,OH,44060,(440) 205-6401,,,http://www.driveclassicmazda.com/,driveclassicmazda.com,Website: http://www.driveclassicmazda.com/ | Lead inbox: ddiemert@driveclassic.com | Staff page: blocked | Brand: Mazda
CLASSIC MAZDA WESTSIDE,13930 Brookpark Road,Cleveland,OH,44135,(216) 259-0900,Tony Skrtic,,http://www.classicmazdawestside.com/,classicmazdawestside.com,Title: General Manager | Website: http://www.classicmazdawestside.com/ | Source: https://www.classicmazdawestside.com/about-us/staff/ (no email published for this contact) | Brand: Mazda
DOVER MAZDA,135 W Broadway St,Dover,OH,44622,(330) 343-7781,,,http://www.dovermazda.com/,dovermazda.com,Website: http://www.dovermazda.com/ | Staff page: no_staff_page | Brand: Mazda
GERMAIN MAZDA OF COLUMBUS,4330 Morse Road,Columbus,OH,43230,(614) 583-2012,,,http://www.germainmazda.com/,germainmazda.com,Website: http://www.germainmazda.com/ | Lead inbox: jbolden@germain.com | Staff page: blocked | Brand: Mazda
GERMAIN MAZDA WEST,1345 Auto Mall Pkwy,Columbus,OH,43228,(614) 383-4400,Ashley Buzzelli,,http://www.germainmazdawest.com/,germainmazdawest.com,Title: General Manager | Website: http://www.germainmazdawest.com/ | Source: https://www.germainmazdawest.com/about-us/staff/ (no email published for this contact) | Brand: Mazda
GREAT LAKES MAZDA OF CANTON,1449 Cleveland Ave Nw,Canton,OH,44703,(330) 452-6511,,,,,Brand: Mazda
JAKE SWEENEY MAZDA,135 Northland Blvd,Cincinnati,OH,45246,(513) 782-1150,,,http://www.jakesweeneymazda.com/,jakesweeneymazda.com,Website: http://www.jakesweeneymazda.com/ | Lead inbox: sales@jakesweeney.dealerspace.com | Staff page: blocked | Brand: Mazda
JAKE SWEENEY MAZDA WEST,2301 Ferguson Road,Cincinnati,OH,45238,(513) 699-4900,,,http://www.mazdawest.com/,mazdawest.com,Website: http://www.mazdawest.com/ | Lead inbox: mazdawestleads@jakesweeney.com | Staff page: no_staff_page | Brand: Mazda
JEFF SCHMITT MAZDA,646 S Alpha Rd,Beavercreek,OH,45434,(937) 427-6500,,,http://www.jeffschmittmazda.com/,jeffschmittmazda.com,Website: http://www.jeffschmittmazda.com/ | Staff page: blocked | Brand: Mazda
JEFF WYLER MAZDA,1117 State Route 32,Batavia,OH,45103,(513) 752-3447,,,http://jeffwylereastgatemazda.com/,jeffwylereastgatemazda.com,Website: http://jeffwylereastgatemazda.com/ | Lead inbox: eastgateinternet@wyler.com | Staff page: no_staff_page | Brand: Mazda
KEN GANLEY MAZDA,1127 W Main St,Kent,OH,44240,(330) 673-2100,,,http://www.kenganleymazda.com/,kenganleymazda.com,Website: http://www.kenganleymazda.com/ | Staff page: no_staff_page | Brand: Mazda
KINGS MAZDA,4544 Kingswater Dr.,Cincinnati,OH,45249,(513) 683-4900,,,http://www.kingsmazda.com/,kingsmazda.com,Website: http://www.kingsmazda.com/ | Lead inbox: leads@drivekingsmazda.com | Staff page: blocked | Brand: Mazda
MAZDA DIRECT,1600 N Countyline Street,Fostoria,OH,44830,(419) 435-8131,Drives Us,,http://www.mazdadirectsales.com/,mazdadirectsales.com,Title: General Manager | Website: http://www.mazdadirectsales.com/ | Source: https://www.mazdadirect.com/meet-our-staff/ (no email published for this contact) | Lead inbox: jon@mazdadirectsales.com | Brand: Mazda
MAZDA OF BEDFORD,22501 Rockside Rd,Bedford,OH,44146,(440) 439-2323,,,http://www.mazdaofbedford.com/,mazdaofbedford.com,Website: http://www.mazdaofbedford.com/ | Staff page: blocked | Brand: Mazda
MAZDA OF DAYTON,8300 Lyons Ridge Dr,Dayton,OH,45458,(937) 396-7007,,,http://www.mazdaofdayton.com/,mazdaofdayton.com,Website: http://www.mazdaofdayton.com/ | Staff page: blocked | Brand: Mazda
MAZDA OF WOOSTER,4404 Cleveland Rd,Wooster,OH,44691,(330) 403-0101,MAZDA CERTIFIED,,http://www.mazdaofwooster.com/,mazdaofwooster.com,Title: Sales Consultant | Website: http://www.mazdaofwooster.com/ | Source: https://www.mazdaofwooster.com/staff (no email published for this contact) | Brand: Mazda
PRESTON MAZDA – Youngstown,260 Boardman-Poland Road,Youngstown,OH,44512,(330) 259-3038,,,http://www.mazdaofboardman.com/,mazdaofboardman.com,Website: http://www.mazdaofboardman.com/ | Staff page: no_staff_page | Brand: Mazda
SERRA MAZDA,3363 S. Arlington Road,Akron,OH,44312,(330) 645-7275,,,http://www.serramazdaakron.com/,serramazdaakron.com,Website: http://www.serramazdaakron.com/ | Lead inbox: sales@parkmazdaakron.com | Staff page: no_staff_page | Brand: Mazda
YARK MAZDA,6000 West Central Ave.,Toledo,OH,43615,(419) 842-7454,,,http://www.yarkmazda.com/,yarkmazda.com,Website: http://www.yarkmazda.com/ | Lead inbox: cfoy@yarkauto.com | Staff page: blocked | Brand: Mazda
BOB MOORE MAZDA,13045 North Kelley Avenue,Oklahoma City,OK,73131,(405) 775-7000,David Turley,,http://www.bobmooremazda.com/,bobmooremazda.com,Title: General Sales Manager | Website: http://www.bobmooremazda.com/ | Source: https://www.bobmooremazda.com/staff/ (no email published for this contact) | Lead inbox: internetsales@bobmoore.com | Brand: Mazda
NELSON MAZDA – Tulsa,9902 South Memorial,Tulsa,OK,74133,(918) 296-7800,,,http://www.nelsonmazdaok.com/,nelsonmazdaok.com,Website: http://www.nelsonmazdaok.com/ | Lead inbox: tulsacustomerservice@nelsonmazda.com | Brand: Mazda
NELSON MAZDA NORMAN,821 N Interstate Dr,Norman,OK,73069,(405) 321-4488,,,http://www.nelsonmazdanorman.com/,nelsonmazdanorman.com,Website: http://www.nelsonmazdanorman.com/ | Staff page: no_staff_page | Brand: Mazda
SOUTHWEST MAZDA,5221 Nw Cache Rd,Lawton,OK,73505,(580) 360-3357,Justin Rogers,,http://www.swmazda.com/,swmazda.com,Title: General Manager | Website: http://www.swmazda.com/ | Source: https://www.swmazda.com/staff (no email published for this contact) | Brand: Mazda
BERNIE BISHOP MAZDA,365 Wharf St.,Brookings,OR,97415,(541) 469-3126,,,http://www.bbmazda.com/,bbmazda.com,Website: http://www.bbmazda.com/ | Lead inbox: sales@bbmazda.com | Staff page: blocked | Brand: Mazda
HERZOG/MEIER MAZDA,14105 Sw Tualatin Vly Hwy,Beaverton,OR,97005,(503) 644-9121,,,http://www.beavertonmazda.com/,beavertonmazda.com,Website: http://www.beavertonmazda.com/ | Lead inbox: sean.trimble@herzogmeier.com | Staff page: no_staff_page | Brand: Mazda
KENDALL MAZDA OF BEND,2100 Ne 3Rd St,Bend,OR,97701,(541) 527-4515,,,http://www.kendallmazdabend.com/,kendallmazdabend.com,Website: http://www.kendallmazdabend.com/ | Staff page: blocked | Brand: Mazda
KIEFER MAZDA,383 Goodpasture Island Road,Eugene,OR,97401,(541) 686-8291,Chris Walker,,http://www.kiefermazda.com/,kiefermazda.com,Title: General Manager | Website: http://www.kiefermazda.com/ | Source: https://www.kiefermazda.com/about-us/staff/ (no email published for this contact) | Lead inbox: T.COULTRUP@GOKIEFER.COM | Brand: Mazda
MAZDA OF GLADSTONE,19405 Se Mcloughlin Blvd,Gladstone,OR,97027,(503) 652-9101,,,http://mazdaofgladstone.com/,mazdaofgladstone.com,Website: http://mazdaofgladstone.com/ | Staff page: no_staff_page | Brand: Mazda
MAZDA OF SALEM,3230 Market Street Ne,Salem,OR,97301,(503) 581-3000,,,http://www.mazdaofsalem.com/,mazdaofsalem.com,Website: http://www.mazdaofsalem.com/ | Staff page: no_staff_page | Brand: Mazda
MCMINNVILLE MAZDA,3075 Ne Highway 99W,Mcminnville,OR,97128,(503) 472-3131,,,http://macmazda.com/,macmazda.com,Website: http://macmazda.com/ | Staff page: blocked | Brand: Mazda
ROYAL MOORE MAZDA,1380 S. E. River Rd.,Hillsboro,OR,97123,(503) 648-1153,,,http://www.royalmooremazda.com/,royalmooremazda.com,Website: http://www.royalmooremazda.com/ | Lead inbox: shollingsworth@royalmoore.com | Staff page: no_staff_page | Brand: Mazda
SUNWEST MAZDA,1030 North Coast Highway,Newport,OR,97365,(541) 265-8547,,,http://www.sunwestmazda.com/,sunwestmazda.com,Website: http://www.sunwestmazda.com/ | Lead inbox: sunwestsales@actionnet.net | Brand: Mazda
TONKIN MAZDA OF PORTLAND,750 Se 122Nd Ave,Portland,OR,97233,(503) 295-9704,,,http://www.rontonkinmazda.com/,rontonkinmazda.com,Website: http://www.rontonkinmazda.com/ | Staff page: blocked | Brand: Mazda
#1 COCHRAN MAZDA,4515 William Penn Highway,Monroeville,PA,15146,(412) 373-3333,,,http://www.cochranmazda.com/,cochranmazda.com,Website: http://www.cochranmazda.com/ | Staff page: no_staff_page | Brand: Mazda
#1 COCHRAN MAZDA WEXFORD,11740 Perry Highway,Wexford,PA,15090,(412) 245-4520,,,http://www.cochranmazdanorth.com/,cochranmazdanorth.com,Website: http://www.cochranmazdanorth.com/ | Lead inbox: sales@cochran.com | Staff page: no_staff_page | Brand: Mazda
AUTO EXPRESS MAZDA,4021 Peach Street,Erie,PA,16509,(814) 868-5551,,,http://www.autoexpressmazda.com/,autoexpressmazda.com,Website: http://www.autoexpressmazda.com/ | Staff page: no_staff_page | Brand: Mazda
BAGLIER MAZDA,630 Evans City Road,Butler,PA,16001,(724) 482-1100,Chuck Nasiadka,,http://www.bagliermazda.com/,bagliermazda.com,Title: General Manager | Website: http://www.bagliermazda.com/ | Source: https://www.bagliermazda.com/staff (no email published for this contact) | Brand: Mazda
BERGEY'S MAZDA OF WILKES-BARRE,"126 Narrows Road,Route 11",Larksville,PA,18651,(570) 288-7411,,,http://www.bergeysmazda.com/,bergeysmazda.com,Website: http://www.bergeysmazda.com/ | Staff page: blocked | Brand: Mazda
BLAISE ALEXANDER MAZDA,1703 West College Avenue,State College,PA,16801,(814) 234-2886,,,http://www.blaisealexandermazda.com/,blaisealexandermazda.com,Website: http://www.blaisealexandermazda.com/ | Staff page: blocked | Brand: Mazda
BUDD BAER MAZDA,83 Murtland Avenue,Washington,PA,15301,(724) 225-3700,Gregg Cron,,http://buddbaermazda.com/,buddbaermazda.com,Title: General Sales Manager | Website: http://buddbaermazda.com/ | Source: https://www.buddbaermazda.com/dealership/staff.htm (no email published for this contact) | Lead inbox: taustin@buddbaer.com | Brand: Mazda
COLONIAL MAZDA – Indiana,349 N 4Th St,Indiana,PA,15701,(724) 349-5600,Mike Black,,http://www.shopcolonialmazda.com/,shopcolonialmazda.com,Title: General Manager | Website: http://www.shopcolonialmazda.com/ | Source: https://www.shopcolonialmazda.com/about-us/staff/ (no email published for this contact) | Brand: Mazda
FAULKNER MAZDA – Feasterville-Trevose,4437 Street Road,Feasterville-Trevose,PA,19053,(215) 673-4444,John Norris,jnorris@faulknermazda.com,http://www.faulknermazda.com/,faulknermazda.com,Title: General Manager | Website: http://www.faulknermazda.com/ | Source: https://www.faulknermazdaharrisburg.com/staff | Brand: Mazda
FAULKNER MAZDA – Harrisburg,2008 Paxton St,Harrisburg,PA,17111,(717) 901-3200,John Norris,jnorris@faulknermazda.com,http://www.faulknermazdaharrisburg.com/,faulknermazdaharrisburg.com,Title: General Manager | Website: http://www.faulknermazdaharrisburg.com/ | Source: https://www.faulknermazdaharrisburg.com/staff | Lead inbox: htidwell@faulknermazdasubaru.com | Brand: Mazda
FRED BEANS MAZDA OF ABINGTON,1601 Easton Road,Willow Grove,PA,19090,(215) 658-1800,,,http://www.fredbeansmazdaabington.com/,fredbeansmazdaabington.com,Website: http://www.fredbeansmazdaabington.com/ | Staff page: blocked | Brand: Mazda
FRED BEANS MAZDA OF MECHANICSB,6115 Carlisle Pike,Mechanicsburg,PA,17050,(717) 697-8899,,,http://www.fredbeansmazdamechanicsburg.com/,fredbeansmazdamechanicsburg.com,Website: http://www.fredbeansmazdamechanicsburg.com/ | Staff page: blocked | Brand: Mazda
HANOVER MAZDA,1800 Carlisle Pike,Hanover,PA,17331,(717) 637-6655,Russell Baugher,rbaugher@hanovermazda.com,http://www.hanovermazda.com/,hanovermazda.com,Title: General Manager | Website: http://www.hanovermazda.com/ | Source: https://www.hanovermazda.com/staff | Lead inbox: LSEITLER@HANOVERAUTOTEAM.COM | Brand: Mazda
HAZLETON MAZDA,701 Airport Road,Hazle Township,PA,18202,(877) 798-2160,,,http://www.hazletonmazda.com/,hazletonmazda.com,Website: http://www.hazletonmazda.com/ | Lead inbox: Bvacante@hazletonmazda.com | Staff page: blocked | Brand: Mazda
JACK GIAMBALVO MAZDA,1510 Whiteford Rd,York,PA,17402,(717) 718-1819,,,http://www.giambalvomazda.com/,giambalvomazda.com,Website: http://www.giambalvomazda.com/ | Lead inbox: leads@mygiambalvomazda.com | Staff page: blocked | Brand: Mazda
JOHN KENNEDY MAZDA – Conshohocken,1403 Ridge Pike,Conshohocken,PA,19428,(610) 279-1700,Jensen Mazda,PotMazdaSales@kennedyauto.com,http://www.mazdaofconshohocken.com/,mazdaofconshohocken.com,Title: General Sales Manager | Website: http://www.mazdaofconshohocken.com/ | Source: https://www.mazdaofpottstown.com/staff | Lead inbox: dmancinelli@kennedyauto.com | Brand: Mazda
JOHN KENNEDY MAZDA – Pottstown,3199 West Ridge Pike,Pottstown,PA,19464,(610) 495-7100,Jensen Mazda,PotMazdaSales@kennedyauto.com,http://www.mazdaofpottstown.com/,mazdaofpottstown.com,Title: General Sales Manager | Website: http://www.mazdaofpottstown.com/ | Source: https://www.mazdaofpottstown.com/staff | Lead inbox: marmstrong@kennedyauto.com | Brand: Mazda
KELLY MAZDA,1200 Wyoming Avenue,Scranton,PA,18509,(570) 342-7831,,,http://www.kellymazda.com/,kellymazda.com,Website: http://www.kellymazda.com/ | Staff page: no_staff_page | Brand: Mazda
KENNY ROSS MAZDA,11317 State Route 30,North Huntingdon,PA,15642,(724) 864-5111,Joseph Woleslagle,,http://www.kennyrossmazda.com/,kennyrossmazda.com,Title: General Manager | Website: http://www.kennyrossmazda.com/ | Source: https://www.kennyrossmazda.com/about-us/staff/ (no email published for this contact) | Brand: Mazda
KOCH 33 MAZDA,191 Commerce Park Drive,Easton,PA,18045,(610) 624-4683,Ted Cowell,tedc@koch33vwmazda.com,http://www.koch33mazda.com/,koch33mazda.com,Title: General Sales Manager | Website: http://www.koch33mazda.com/ | Source: https://www.koch33mazda.com/staff | Brand: Mazda
LANCASTER MAZDA,5120 Manheim Pike,East Petersburg,PA,17520,(717) 569-7373,Price Corporate,,http://www.lancastermazda.com/,lancastermazda.com,Title: General Manager | Website: http://www.lancastermazda.com/ | Source: https://www.lancastermazda.com/about-us/staff/ (no email published for this contact) | Lead inbox: info@lancastertoyota.com | Brand: Mazda
MOON TOWNSHIP MAZDA,5760 University Boulevard,Moon Township,PA,15108,(412) 269-1234,,,http://www.moonmazda.com/,moonmazda.com,Website: http://www.moonmazda.com/ | Lead inbox: gpadak@moonauto.com | Staff page: blocked | Brand: Mazda
MOYER MAZDA,1509 Quentin Road,Lebanon,PA,17042,(717) 273-4585,,,http://www.moyermazda.com/,moyermazda.com,Website: http://www.moyermazda.com/ | Staff page: blocked | Brand: Mazda
MURRAY MAZDA,85 Griffith Road,Muncy,PA,17756,(570) 546-2222,,,http://www.murraymazda.net/,murraymazda.net,Website: http://www.murraymazda.net/ | Lead inbox: sales@murraymazda.net | Staff page: blocked | Brand: Mazda
NORTH PENN MAZDA,181 Bethlehem Pike,Colmar,PA,18915,(215) 822-1361,Tony Hamilton,,http://www.northpennmazda.com/,northpennmazda.com,Title: General Sales Manager | Website: http://www.northpennmazda.com/ | Source: https://www.northpennmazda.com/about-us/staff/ (no email published for this contact) | Lead inbox: jamie@northpennmazda.com | Brand: Mazda
PACIFICO MAZDA,6715 Essington Avenue,Philadelphia,PA,19153,(215) 365-7400,,,http://www.pacificomazda.com/,pacificomazda.com,Website: http://www.pacificomazda.com/ | Lead inbox: bfoley@pacificocars.com | Staff page: blocked | Brand: Mazda
PERUZZI MAZDA,140 Lincoln Hwy,Fairless Hills,PA,19030,(215) 943-0700,Tom Kay,tkay@peruzzi.com,http://www.peruzzimazda.com/,peruzzimazda.com,Title: General Sales Manager | Website: http://www.peruzzimazda.com/ | Source: https://www.peruzzimazda.com/staff | Brand: Mazda
PIAZZA MAZDA OF READING,1001 Lancaster Ave,Reading,PA,19607,(610) 921-1500,Castro Assistant,,http://www.piazzamazdaofreading.com/,piazzamazdaofreading.com,Title: Sales Manager | Website: http://www.piazzamazdaofreading.com/ | Source: https://www.piazzamazdaofreading.com/dealership/staff.htm (no email published for this contact) | Lead inbox: readwebleads@piazzamazda.com | Brand: Mazda
PIAZZA MAZDA OF WEST CHESTER,1340 Wilmington Pike,West Chester,PA,19382,(610) 399-5330,,,http://www.piazzamazda.com/,piazzamazda.com,Website: http://www.piazzamazda.com/ | Staff page: no_staff_page | Brand: Mazda
RAY PRICE MAZDA,6300 Route 209,Stroudsburg,PA,18360,(570) 402-2600,,,http://www.raypricemazda.com/,raypricemazda.com,Website: http://www.raypricemazda.com/ | Lead inbox: zdoleiden@raypricecars.com | Staff page: blocked | Brand: Mazda
ROHRICH MAZDA,2690 West Liberty Avenue,Pittsburgh,PA,15216,(412) 344-3600,,,http://www.rohrichmazdapgh.com/,rohrichmazdapgh.com,Website: http://www.rohrichmazdapgh.com/ | Lead inbox: jfera@rohrich.com | Staff page: no_staff_page | Brand: Mazda
SCOTT MAZDA,3301 Lehigh Street,Allentown,PA,18103,(610) 439-0700,Kyle Neith,kneith@scottcars.com,http://www.scottmazda.com/,scottmazda.com,Title: General Sales Manager | Website: http://www.scottmazda.com/ | Source: https://www.scottmazda.com/staff | Lead inbox: tmurra@scottcars.com | Brand: Mazda
SMAIL MAZDA,5094 Us-30,Greensburg,PA,15601,(724) 837-4210,Troy Smith,,http://smailmazda.com/,smailmazda.com,Title: General Sales Manager | Website: http://smailmazda.com/ | Source: https://www.smailmazda.com/about-us/staff/ (no email published for this contact) | Brand: Mazda
W&L MAZDA,975 Water St,Northumberland,PA,17857,(570) 701-7811,,,http://www.wandlmazda.com/,wandlmazda.com,Website: http://www.wandlmazda.com/ | Staff page: blocked | Brand: Mazda
FLOOD MAZDA,220 Old Tower Hill Rd,Wakefield,RI,02879,(401) 284-4700,Russell Cunha,rcunha@floodauto.com,http://www.floodmazda.com/,floodmazda.com,Title: General Manager | Website: http://www.floodmazda.com/ | Source: https://www.floodmazda.com/staff | Lead inbox: cmetivier@floodauto.com | Brand: Mazda
TASCA MAZDA,1300 Pontiac Avenue,Cranston,RI,02920,(401) 681-1300,,,http://www.tascamazdari.com/,tascamazdari.com,Website: http://www.tascamazdari.com/ | Lead inbox: eaquilante@tasca.com | Staff page: no_staff_page | Brand: Mazda
BEACH MAZDA,855 Jason Boulevard,Myrtle Beach,SC,29577,(843) 626-3666,STEPHEN PRINGLE,,http://www.beachmazda.net/,beachmazda.net,Title: Sales Manager | Website: http://www.beachmazda.net/ | Source: https://www.beachmazda.com/staff (no email published for this contact) | Lead inbox: ndomino@beachautomotive.com | Brand: Mazda
MAZDA OF COLUMBIA – Columbia #2,665 Broad River Road,Columbia,SC,29210,(803) 404-5100,,,http://www.mazdaofcolumbia.com/,mazdaofcolumbia.com,Website: http://www.mazdaofcolumbia.com/ | Staff page: no_staff_page | Brand: Mazda
MAZDA OF GREENVILLE,"2512 Laurens Rd,",Greenville,SC,29607,(864) 458-3500,,,http://www.mazdagreenville.com/,mazdagreenville.com,Website: http://www.mazdagreenville.com/ | Staff page: no_staff_page | Brand: Mazda
MAZDA OF SPARTANBURG,500 E. Daniel Morgan Avenue,Spartanburg,SC,29302,(864) 515-4070,,,http://www.mazdaofspartanburg.com/,mazdaofspartanburg.com,Website: http://www.mazdaofspartanburg.com/ | Staff page: no_staff_page | Brand: Mazda
MCKINNEY MAZDA,4544 Calhoun Memorial Hwy,Easley,SC,29640,(864) 859-1981,,,http://www.mckinneymazda.com/,mckinneymazda.com,Website: http://www.mckinneymazda.com/ | Lead inbox: billscruggs@mckinneyauto.com | Staff page: blocked | Brand: Mazda
STOKES MAZDA,3570 Ashley Phosphate Road,North Charleston,SC,29418,(843) 767-1600,,,http://www.stokesmazdausa.com/,stokesmazdausa.com,Website: http://www.stokesmazdausa.com/ | Staff page: no_staff_page | Brand: Mazda
BILLION MAZDA,3405 South Westport Ave.,Sioux Falls,SD,57106,(605) 361-1919,Frank Juliano,frank.juliano@billionauto.com,http://www.billionauto.com/mazda/,billionauto.com,Title: Sales Manager | Website: http://www.billionauto.com/mazda/ | Source: https://www.billionauto.com/staff | Lead inbox: chad.gray@billionauto.com | Brand: Mazda
LIBERTY MAZDA – Rapid City,404 Cambell Street,Rapid City,SD,57701,(605) 716-2000,,,http://www.libertymazda.com/,libertymazda.com,Website: http://www.libertymazda.com/ | Lead inbox: barbara@libertysuperstores.com | Staff page: blocked | Brand: Mazda
GRAY EPPERSON MAZDA,4100 Apd 40,Cleveland,TN,37311,(423) 303-1333,Billy West,,http://www.grayeppersonmazda.com/,grayeppersonmazda.com,Title: General Manager | Website: http://www.grayeppersonmazda.com/ | Source: https://www.grayeppersonmazda.com/about-us/staff/ (no email published for this contact) | Lead inbox: sales@grayepperson.dealerspace.com | Brand: Mazda
INTEGRITY MAZDA,6015 International Drive,Chattanooga,TN,37421,(423) 708-6399,,,http://www.integritymazda.com/,integritymazda.com,Website: http://www.integritymazda.com/ | Staff page: blocked | Brand: Mazda
JOHNSON CITY MAZDA,2909 N Roan Street,Johnson City,TN,37601,(423) 282-2493,Allen Collier,,http://www.johnsoncitymazda.com/,johnsoncitymazda.com,Title: General Sales Manager | Website: http://www.johnsoncitymazda.com/ | Source: https://www.johnsoncitymazda.com/staff (no email published for this contact) | Brand: Mazda
MAZDA OF KNOXVILLE,9985 Parkside Drive,Knoxville,TN,37922,(865) 690-9395,,,http://www.mazdaofknoxville.com/,mazdaofknoxville.com,Website: http://www.mazdaofknoxville.com/ | Staff page: no_staff_page | Brand: Mazda
NELSON MAZDA – Murfreesboro,1214 Fortress Blvd,Murfreesboro,TN,37128,(615) 731-5000,,,http://www.nelsonmazdamurfreesboro.com/,nelsonmazdamurfreesboro.com,Website: http://www.nelsonmazdamurfreesboro.com/ | Brand: Mazda
NELSON MAZDA COOL SPRINGS,7104 S Springs Dr,Franklin,TN,37067,(615) 250-2212,,,http://www.nelsonmazdacoolsprings.com/,nelsonmazdacoolsprings.com,Website: http://www.nelsonmazdacoolsprings.com/ | Staff page: no_staff_page | Brand: Mazda
NORCROSS MAZDA OF MEMPHIS,7900 Trinity Road,Cordova,TN,38018,(901) 373-3000,,,http://www.norcrossmazdamemphis.com/,norcrossmazdamemphis.com,Website: http://www.norcrossmazdamemphis.com/ | Staff page: blocked | Brand: Mazda
WYATT JOHNSON MAZDA,2425 Wilma Rudolph Blvd.,Clarksville,TN,37040,(931) 648-4300,Chris Collins,,http://www.wyattjohnsonmazda.com/,wyattjohnsonmazda.com,Title: General Manager | Website: http://www.wyattjohnsonmazda.com/ | Source: https://www.wyattjohnsonmazda.com/staff (no email published for this contact) | Brand: Mazda
BENSON'S AUTO GROUP MAZDA,6980 N.W. Loop 410,San Antonio,TX,78238,(210) 406-0122,JEFF CUMMING,,http://www.ingramparkmazda.com/,ingramparkmazda.com,Title: General Manager | Website: http://www.ingramparkmazda.com/ | Source: https://www.bensonsmazda.com/about-us/staff/ (no email published for this contact) | Lead inbox: jrich@ipacmazda.com | Brand: Mazda
BERT OGDEN MAZDA,4221 S Highway 281,Edinburg,TX,78539,(956) 381-0001,Robert Gamez,,http://www.bertogdenedinburgmazda.com/,bertogdenedinburgmazda.com,Title: General Manager | Website: http://www.bertogdenedinburgmazda.com/ | Source: https://www.bertogdenedinburgmazda.com/about-us/staff/ (no email published for this contact) | Lead inbox: patrickf@bertogden.com | Brand: Mazda
BERT OGDEN MISSION MAZDA,2309 East Expressway 83,Mission,TX,78572,(956) 519-3333,Gilbert Aguilar,,http://www.bertogdenmissionmazda.com/,bertogdenmissionmazda.com,Title: General Sales Manager | Website: http://www.bertogdenmissionmazda.com/ | Source: https://www.bertogdenmissionmazda.com/about-us/staff/ (no email published for this contact) | Lead inbox: kristen.greenhill@bertogden.com | Brand: Mazda
CARDENAS MAZDA,111 S. Loop 499,Harlingen,TX,78550,(956) 425-6000,,,http://www.cardenasmazda.com/,cardenasmazda.com,Website: http://www.cardenasmazda.com/ | Lead inbox: rayrodriguez@cardenasmazda.com | Brand: Mazda
CLASSIC MAZDA – Texarkana,802 Sowell Lane,Texarkana,TX,75503,(903) 223-4333,,,http://www.classictexarkanamazda.com/,classictexarkanamazda.com,Website: http://www.classictexarkanamazda.com/ | Staff page: blocked | Brand: Mazda
CLAY COOLEY MAZDA,1840 E Airport Fwy,Irving,TX,75062,(945) 288-8200,Mike Brosch,,http://www.cooleymazda.com/,cooleymazda.com,Title: General Sales Manager | Website: http://www.cooleymazda.com/ | Source: https://www.cooleymazda.com/about-us/staff/ (no email published for this contact) | Brand: Mazda
DEMONTROND MAZDA,20233 Gulf Freeway,Webster,TX,77598,(281) 823-5000,pleasant experience.,,http://www.demontrondmazda.com/,demontrondmazda.com,Title: Sales Associate | Website: http://www.demontrondmazda.com/ | Source: https://www.demontrondmazda.com:443/ (no email published for this contact) | Brand: Mazda
DOUGLASS MAZDA,3000 South Jack Kultgen Expwy,Waco,TX,76706,(254) 732-8389,Jeff Borkov,,http://www.douglassmazdawaco.com/,douglassmazdawaco.com,Title: General Sales Manager | Website: http://www.douglassmazdawaco.com/ | Source: https://www.douglassmazdawaco.com/staff (no email published for this contact) | Brand: Mazda
EL DORADO MAZDA,2150 North Central Expressway,Mckinney,TX,75070,(972) 569-0101,Justin Griffin,,http://www.eldoradomazda.com/,eldoradomazda.com,Title: General Sales Manager | Website: http://www.eldoradomazda.com/ | Source: https://www.eldoradomazda.com/about-us/staff/ (no email published for this contact) | Lead inbox: rcurry@eldoradomotors.com | Brand: Mazda
GARLYN SHELTON MAZDA,5420 Midway Drive,Temple,TX,76502,(254) 771-0128,Brian Duble,,http://www.garlynsheltontemple.com/,garlynsheltontemple.com,Title: General Manager | Website: http://www.garlynsheltontemple.com/ | Source: https://www.garlynsheltontemple.com/staff (no email published for this contact) | Lead inbox: eaguillon@garlynshelton.com | Brand: Mazda
GORMAN MCCRACKEN MAZDA,800 Highway 31 East,Longview,TX,75604,(903) 753-8657,DyShan Dunn,,http://www.gormanmccrackenmazda.com/,gormanmccrackenmazda.com,Title: General Manager | Website: http://www.gormanmccrackenmazda.com/ | Source: https://www.gormanmccrackenmazda.com/staff (no email published for this contact) | Lead inbox: matt@longviewvw.com | Brand: Mazda
GREENWAY MAZDA,9951 Southwest Freeway,Houston,TX,77074,(832) 356-1000,,,http://www.greenwaymazda.com/,greenwaymazda.com,Website: http://www.greenwaymazda.com/ | Staff page: blocked | Brand: Mazda
GROUP 1 MAZDA DENTON,5000 S Interstate 35 E,Denton,TX,76210,(940) 489-7100,Amos Bowen,,http://www.dentonmazda.com/,dentonmazda.com,Title: General Sales Manager | Website: http://www.dentonmazda.com/ | Source: https://www.group1mazdadenton.com/about-us/staff/ (no email published for this contact) | Brand: Mazda
GRUBBS MAZDA OF WICHITA FALLS,315 Central E Freeway,Wichita Falls,TX,76301,(940) 720-5881,,,http://www.grubbsmazdawichitafalls.com/,grubbsmazdawichitafalls.com,Website: http://www.grubbsmazdawichitafalls.com/ | Staff page: no_staff_page | Brand: Mazda
GULLO MAZDA OF CONROE,750 I-45 South,Conroe,TX,77304,(936) 441-9100,Corky Gullo,,http://www.gullomazda.com/,gullomazda.com,Title: General Manager | Website: http://www.gullomazda.com/ | Source: https://www.gullomazda.com/about-us/staff/ (no email published for this contact) | Lead inbox: logan_johnson@gullo.net | Brand: Mazda
HILEY MAZDA OF ARLINGTON,1400 Tech Centre Parkway,Arlington,TX,76014,(817) 575-6100,,,http://www.hileymazdaofarlington.com/,hileymazdaofarlington.com,Website: http://www.hileymazdaofarlington.com/ | Lead inbox: mlero@hileyauto.com | Staff page: no_staff_page | Brand: Mazda
HILEY MAZDA OF BURLESON,308 N. Burleson Blvd,Burleson,TX,76028,(817) 945-9900,,,http://www.hileymazdaofburleson.com/,hileymazdaofburleson.com,Website: http://www.hileymazdaofburleson.com/ | Brand: Mazda
HILEY MAZDA OF FORT WORTH,9120 West Fwy,White Settlement,TX,76108,(817) 367-4000,Kip Gillmore,,http://www.hileymazdafortworth.com/,hileymazdafortworth.com,Title: General Manager | Website: http://www.hileymazdafortworth.com/ | Source: https://www.hileymazdafortworth.com/about-us/staff/ (no email published for this contact) | Lead inbox: rlongworth@hleyhyundaimazda.com | Brand: Mazda
HILEY MAZDA OF HURST,625 Ne Loop 820,Hurst,TX,76053,(817) 701-1000,JON OELTJEN,,http://www.hileymazdahurst.com/,hileymazdahurst.com,Title: General Manager | Website: http://www.hileymazdahurst.com/ | Source: https://www.hileymazdahurst.com/about-us/staff/ (no email published for this contact) | Lead inbox: rlongworth@hileymazdahurst.com | Brand: Mazda
JEFF HAAS MAZDA,16711 Katy Freeway,Houston,TX,77094,(713) 932-6004,,,http://www.jeffhaasmazda.com/,jeffhaasmazda.com,Website: http://www.jeffhaasmazda.com/ | Staff page: no_staff_page | Brand: Mazda
JIM BASS MAZDA,4032 Houston Harte Expressway,San Angelo,TX,76901,(325) 949-4621,,,http://www.jimbassmazda.com/,jimbassmazda.com,Website: http://www.jimbassmazda.com/ | Staff page: blocked | Brand: Mazda
JOE MYERS MAZDA,16500 Northwest Freeway,Houston,TX,77040,(713) 937-7800,Sean Samuel,,http://www.joemyersmazda.com/,joemyersmazda.com,Title: General Manager | Website: http://www.joemyersmazda.com/ | Source: https://www.joemyersmazda.com/dealership/staff.htm (no email published for this contact) | Lead inbox: MDEAL@JOEMYERSCARS.COM | Brand: Mazda
LAWRENCE HALL MAZDA,1300 South Clack,Abilene,TX,79605,(325) 695-8811,,,http://www.lhmazda.com/,lhmazda.com,Website: http://www.lhmazda.com/ | Lead inbox: kkennedy@lawrencehall.com | Staff page: blocked | Brand: Mazda
MAZDA OF AMARILLO,4401 S. Georgia Street,Amarillo,TX,79110,(806) 318-4444,,,http://www.mazdaofamarillo.com/,mazdaofamarillo.com,Website: http://www.mazdaofamarillo.com/ | Staff page: no_staff_page | Brand: Mazda
MAZDA OF CORPUS CHRISTI,2614 South Padre Island Drive,Corpus Christi,TX,78415,(361) 445-3350,,,http://www.mazdacorpuschristi.com/,mazdacorpuschristi.com,Website: http://www.mazdacorpuschristi.com/ | Staff page: no_staff_page | Brand: Mazda
MAZDA OF MIDLAND,5115 West Loop 250 North,Midland,TX,79707,(432) 520-5866,,,http://www.mazdaofmidland.com/,mazdaofmidland.com,Website: http://www.mazdaofmidland.com/ | Lead inbox: jeffgideon@gmail.com | Staff page: blocked | Brand: Mazda
MAZDA SOUTH,4506 Ih 35 South,Austin,TX,78745,(512) 462-3131,,,http://www.mazdasouth.com/,mazdasouth.com,Website: http://www.mazdasouth.com/ | Lead inbox: ileads@mazdasouth.com | Staff page: no_staff_page | Brand: Mazda
MEARS MAZDA,6027 Spur 327,Lubbock,TX,79424,(806) 747-2931,,,http://www.mearsmazda.com/,mearsmazda.com,Website: http://www.mearsmazda.com/ | Lead inbox: mearsmazda@aol.com | Staff page: no_staff_page | Brand: Mazda
METRO MAZDA MESQUITE,15900 Lyndon B Johnson Fwy,Mesquite,TX,75150,(972) 686-6200,,,http://www.metromazdamesquite.com/,metromazdamesquite.com,Website: http://www.metromazdamesquite.com/ | Lead inbox: sales@metromazdamesquite.com | Staff page: no_staff_page | Brand: Mazda
NORTH PARK MAZDA,9333 San Pedro,San Antonio,TX,78216,(210) 253-3300,,,http://www.npmazda.com/,npmazda.com,Website: http://www.npmazda.com/ | Staff page: blocked | Brand: Mazda
PARKWAY FAMILY MAZDA,22565 Highway 59 North,Kingwood,TX,77339,(281) 242-8211,,,http://www.parkwayfamilymazda.com/,parkwayfamilymazda.com,Website: http://www.parkwayfamilymazda.com/ | Staff page: no_staff_page | Brand: Mazda
PURDY MAZDA OF BRYAN COLLEGE S,3100 Briarcrest Drive,Bryan,TX,77802,(979) 776-7600,Travis Greer,,http://www.purdymazda.com/,purdymazda.com,Title: General Sales Manager | Website: http://www.purdymazda.com/ | Source: https://www.purdymazda.com/staff (no email published for this contact) | Brand: Mazda
ROGER BEASLEY MAZDA CENTRAL,6825 Burnet Road,Austin,TX,78757,(512) 459-4111,,,http://www.rogerbeasleymazda.com/,rogerbeasleymazda.com,Website: http://www.rogerbeasleymazda.com/ | Staff page: no_staff_page | Brand: Mazda
ROGER BEASLEY MAZDA GEORGETOWN,7551 Ih 35 South,Georgetown,TX,78626,(512) 930-1314,,,http://www.mazdageorgetown.com/,mazdageorgetown.com,Website: http://www.mazdageorgetown.com/ | Lead inbox: ileads@1mazda.com | Staff page: no_staff_page | Brand: Mazda
ROGER BEASLEY MAZDA LEANDER,9480 183A Toll Road,Leander,TX,78641,(512) 275-3300,,,http://mazdaleander.com/,mazdaleander.com,Website: http://mazdaleander.com/ | Staff page: no_staff_page | Brand: Mazda
RUDOLPH MAZDA,5415 South Desert Boulevard,El Paso,TX,79932,(915) 845-8001,Juan Garcia,,http://rudolphmazda.com/,rudolphmazda.com,Title: Sales Manager | Website: http://rudolphmazda.com/ | Source: https://www.rudolphmazda.com/about-us/staff/ (no email published for this contact) | Lead inbox: dominiquev@rudolphcars.com | Brand: Mazda
RUSSELL & SMITH MAZDA,3440 South Loop West,Houston,TX,77025,(281) 336-0243,Chad Frank,,http://www.russellsmithmazda.com/,russellsmithmazda.com,Title: General Manager | Website: http://www.russellsmithmazda.com/ | Source: https://www.russellsmithmazda.com/staff (no email published for this contact) | Lead inbox: sales@houston.mazdaleads.com | Brand: Mazda
SAMES MAZDA,6001 San Dario Ave,Laredo,TX,78041,(956) 721-4700,,,http://www.samesmazda.com/,samesmazda.com,Website: http://www.samesmazda.com/ | Lead inbox: zoomzoom@samesmazda.com | Staff page: blocked | Brand: Mazda
SKY MAZDA,4040 East 52Nd Street,Odessa,TX,79762,(432) 617-8040,,,http://www.skymazda.com/,skymazda.com,Website: http://www.skymazda.com/ | Lead inbox: kalyn1331@gmail.com | Staff page: blocked | Brand: Mazda
TEAM GILLMAN MAZDA,18010 North Fwy,Houston,TX,77090,(281) 583-3400,,,http://www.teamgillmanmazda.com/,teamgillmanmazda.com,Website: http://www.teamgillmanmazda.com/ | Staff page: no_staff_page | Brand: Mazda
TOWN NORTH MAZDA,307 S. Central Expressway,Richardson,TX,75080,(972) 231-6370,,,http://www.townnorthmazda.com/,townnorthmazda.com,Website: http://www.townnorthmazda.com/ | Staff page: blocked | Brand: Mazda
VELOCITY MAZDA,1930 W Southwest Loop 323,Tyler,TX,75701,(903) 944-7872,,,http://www.velocitymazda.com/,velocitymazda.com,Website: http://www.velocitymazda.com/ | Staff page: no_staff_page | Brand: Mazda
VIVA MAZDA,8980 Gateway Blvd E,El Paso,TX,79907,(915) 775-6600,Ernesto Escobar,,http://www.vivamazda.com/,vivamazda.com,Title: General Sales Manager | Website: http://www.vivamazda.com/ | Source: https://www.vivamazda.com/about-us/staff/ (no email published for this contact) | Brand: Mazda
WORLD CAR MAZDA - NEW BRAUNFELS,3363 Ih 35 South,New Braunfels,TX,78132,(830) 606-4200,,,http://www.worldcarmazdaonline.com/,worldcarmazdaonline.com,Website: http://www.worldcarmazdaonline.com/ | Lead inbox: worldcarnbmk@eleadtrack.net | Brand: Mazda
WORLD CAR MAZDA - SAN ANTONIO,4220 Fredericksburg Road,San Antonio,TX,78201,(210) 735-6000,,,http://www.mazdaworldcar.com/,mazdaworldcar.com,Website: http://www.mazdaworldcar.com/ | Lead inbox: worldcarsanantonio@eleadtrack.net | Staff page: blocked | Brand: Mazda
WORLD CAR MAZDA NORTH,12115 Ih 35 North,San Antonio,TX,78233,(210) 564-6800,from the,,http://www.worldcarmazdanorth.com/,worldcarmazdanorth.com,Title: General Manager | Website: http://www.worldcarmazdanorth.com/ | Source: https://www.worldcarmazdanorth.com:443/meet-our-staff/ (no email published for this contact) | Brand: Mazda
BOUNTIFUL MAZDA,2815 South Main Street,Bountiful,UT,84010,(801) 397-2277,,,http://www.bountifulmazda.com/,bountifulmazda.com,Website: http://www.bountifulmazda.com/ | Lead inbox: leads@bountifulmazda.net | Staff page: no_staff_page | Brand: Mazda
OREM MAZDA,55 E University Parkway,Orem,UT,84058,(801) 226-8555,Victor Estrada,,http://www.oremmazda.com/,oremmazda.com,Title: Sales Manager | Website: http://www.oremmazda.com/ | Source: https://www.oremmazda.com/about-us/staff/ (no email published for this contact) | Lead inbox: teastman@oremmazda.com | Brand: Mazda
STEPHEN WADE MAZDA,1630 Hilton Drive,St. George,UT,84770,(435) 628-6100,,,http://www.stephenwademazda.com/,stephenwademazda.com,Website: http://www.stephenwademazda.com/ | Lead inbox: kevinw@stephenwade.com | Staff page: no_staff_page | Brand: Mazda
TIM DAHLE MAZDA MURRAY,4595 South State Street,Murray,UT,84107,(801) 266-0033,,,http://www.timdahlemazdamurray.com/,timdahlemazdamurray.com,Website: http://www.timdahlemazdamurray.com/ | Staff page: no_staff_page | Brand: Mazda
TIM DAHLE MAZDA SOUTHTOWNE,10785 S Automall Drive,Sandy,UT,84070,(801) 571-4299,,,http://www.timdahlemazdasouthtowne.com/,timdahlemazdasouthtowne.com,Website: http://www.timdahlemazdasouthtowne.com/ | Staff page: no_staff_page | Brand: Mazda
YOUNG MAZDA,4020 Riverdale Rd.,South Ogden,UT,84405,(801) 927-2400,,,http://www.youngmazdautah.com/,youngmazdautah.com,Website: http://www.youngmazdautah.com/ | Brand: Mazda
BERGLUND MAZDA,850 East Main Street,Salem,VA,24153,(540) 389-7291,,,http://www.berglundmazdasalem.com/,berglundmazdasalem.com,Website: http://www.berglundmazdasalem.com/ | Staff page: blocked | Brand: Mazda
CAVALIER MAZDA,1552 South Military Highway,Chesapeake,VA,23320,(757) 777-3200,Haeusser Internet,lhaeusser@cavalierautogroup.com,http://www.cavaliermazda.com/,cavaliermazda.com,Title: Sales Director | Website: http://www.cavaliermazda.com/ | Source: https://www.cavaliermazda.com/staff | Lead inbox: info@cavaliermazda.com | Brand: Mazda
DOGWOOD MAZDA,4015 Valley Pike,Winchester,VA,22602,(540) 868-3000,,,http://www.dogwoodmazda.com/,dogwoodmazda.com,Website: http://www.dogwoodmazda.com/ | Staff page: no_staff_page | Brand: Mazda
DUNCAN MAZDA,U.S. 460 Business,Blacksburg,VA,24060,(540) 552-4331,,,http://www.duncanmazda.net/index.htm/,duncanmazda.net,Website: http://www.duncanmazda.net/index.htm/ | Staff page: no_staff_page | Brand: Mazda
FLOW MAZDA,1290 Richmond Rd.,Charlottesville,VA,22911,(434) 296-4147,Timothy Koval,,http://www.flowmazdacharlottesville.com/,flowmazdacharlottesville.com,Title: General Manager | Website: http://www.flowmazdacharlottesville.com/ | Source: https://www.flowmazdacharlottesville.com/staff (no email published for this contact) | Lead inbox: crmleadscville@flowauto.com | Brand: Mazda
HALL MAZDA – Virginia Beach,4372 Holland Road,Virginia Beach,VA,23452,(757) 631-7000,Jerry Schienebeck,,http://hallmazda.com/,hallmazda.com,Title: General Manager | Website: http://hallmazda.com/ | Source: https://www.hallmazdamilwaukee.com/about-us/staff/ (no email published for this contact) | Lead inbox: mark.self@hallauto.com | Brand: Mazda
LUCKI MAZDA OF WOODBRIDGE,15610 Richmond Highway,Woodbridge,VA,22191,(571) 285-3277,,,http://www.luckimazda.com/,luckimazda.com,Website: http://www.luckimazda.com/ | Lead inbox: sales@luckimazda.com | Staff page: no_staff_page | Brand: Mazda
LYNCHBURG MAZDA,18576 Forest Road,Forest,VA,24551,(434) 385-7736,,,http://www.lynchburgmazda.com/,lynchburgmazda.com,Website: http://www.lynchburgmazda.com/ | Lead inbox: dprovost@lynchburgmazda.com | Staff page: blocked | Brand: Mazda
NELSON MAZDA – Martinsville,201 Commonwealth Blvd.,Martinsville,VA,24112,(276) 638-2331,,,http://www.mazdasbynelson.com/,mazdasbynelson.com,Website: http://www.mazdasbynelson.com/ | Lead inbox: leads@autosbynelson.com | Brand: Mazda
PEARSON MAZDA,9520 West Broad Street,Henrico,VA,23294,(804) 346-0300,,,http://www.pearsonmazda.com/,pearsonmazda.com,Website: http://www.pearsonmazda.com/ | Lead inbox: mikesmith@pearsonmazda.com | Staff page: blocked | Brand: Mazda
SAFFORD MAZDA ALEXANDRIA,7400 Richmond Highway,Alexandria,VA,22306,(703) 660-8400,,,http://www.saffordbrownmazdaalexandria.com/,saffordbrownmazdaalexandria.com,Website: http://www.saffordbrownmazdaalexandria.com/ | Staff page: no_staff_page | Brand: Mazda
SAFFORD MAZDA CHANTILLY,4155 Auto Park Circle,Chantilly,VA,20151,(703) 222-8920,,,http://www.saffordbrownmazdachantilly.com/,saffordbrownmazdachantilly.com,Website: http://www.saffordbrownmazdachantilly.com/ | Lead inbox: MazdaChantilly@saffordbrownbuyhappy.com | Staff page: blocked | Brand: Mazda
SAFFORD MAZDA FAIRFAX,10570 Fairfax Blvd,Fairfax,VA,22030,(703) 385-8170,,,http://www.saffordbrownmazdafairfax.com/,saffordbrownmazdafairfax.com,Website: http://www.saffordbrownmazdafairfax.com/ | Staff page: no_staff_page | Brand: Mazda
SAFFORD MAZDA OF FREDERICKSBUR,10653 Patriot Highway,Fredericksburg,VA,22408,(540) 898-1600,,,http://www.saffordmazda.com/,saffordmazda.com,Website: http://www.saffordmazda.com/ | Lead inbox: leads@sagmazda.com | Staff page: no_staff_page | Brand: Mazda
SAFFORD MAZDA STERLING,45155 Towlern Pl,Sterling,VA,20166,(703) 948-1100,,,http://saffordmazdasterling.com/,saffordmazdasterling.com,Website: http://saffordmazdasterling.com/ | Staff page: no_staff_page | Brand: Mazda
SOUTHERN MAZDA NEWPORT NEWS,12625 Jefferson Ave,Newport News,VA,23602,(757) 872-0512,Byron Reese,,http://southernmazdanewportnews.com/,southernmazdanewportnews.com,Title: General Manager | Website: http://southernmazdanewportnews.com/ | Source: https://www.southernmazdanewportnews.com/about-us/staff/ (no email published for this contact) | Brand: Mazda
WHITTEN BROS. MAZDA,900 Johnston Willis Dr,North Chesterfield,VA,23236,(804) 378-8200,now the,,http://whittenmazda.com/,whittenmazda.com,Title: General Sales Manager | Website: http://whittenmazda.com/ | Source: https://www.whittenmazda.com:443/meet-our-staff/ (no email published for this contact) | Lead inbox: sales@whittenbrothers.com | Brand: Mazda
MONTPELIER MAZDA,1189 U.S. Route 2,Berlin,VT,05602,(802) 223-3434,Stephanie Schartner,,http://www.montpeliermazda.com/,montpeliermazda.com,Title: General Sales Manager | Website: http://www.montpeliermazda.com/ | Source: https://www.montpeliermazda.com/staff (no email published for this contact) | Brand: Mazda
SOUTH BURLINGTON MAZDA,1795 Shelburne Road,South Burlington,VT,05403,(802) 660-6900,CHRIS OLSEN,,http://www.southburlingtonmazda.com/,southburlingtonmazda.com,Title: General Manager | Website: http://www.southburlingtonmazda.com/ | Source: https://www.southburlingtonmazda.com/staff (no email published for this contact) | Brand: Mazda
ALAN WEBB MAZDA,3716 N.E. 66Th Avenue,Vancouver,WA,98661,(360) 574-1131,Ammar Njoum,,http://www.alanwebbmazda.com/,alanwebbmazda.com,Title: Sales Manager | Website: http://www.alanwebbmazda.com/ | Source: https://www.alanwebbmazda.com/staff (no email published for this contact) | Lead inbox: sales@alanwebbmazda.com | Brand: Mazda
DOUG'S LYNNWOOD MAZDA,22214 Highway 99,Edmonds,WA,98026,(425) 774-3551,,,http://www.dougsmazda.com/,dougsmazda.com,Website: http://www.dougsmazda.com/ | Staff page: no_staff_page | Brand: Mazda
DWAYNE LANE'S SKAGIT MAZDA,620 Auto Boulevard,Burlington,WA,98233,(855) 631-1576,with the,,http://www.dwaynelaneskagitmazda.com/,dwaynelaneskagitmazda.com,Title: Sales Consultant | Website: http://www.dwaynelaneskagitmazda.com/ | Source: https://www.dwaynelaneskagitmazda.com:443/meet-our-staff/ (no email published for this contact) | Brand: Mazda
KNUDTSEN FOOTHILLS MAZDA,202 E Foothills Drive,Spokane,WA,99207,(509) 324-8200,assisted by,,http://www.knudtsenfoothillsmazda.com/,knudtsenfoothillsmazda.com,Title: Sales Associate | Website: http://www.knudtsenfoothillsmazda.com/ | Source: https://www.knudtsenfoothillsmazda.com:443/meet-our-staff/ (no email published for this contact) | Brand: Mazda
LEE JOHNSON MAZDA OF KIRKLAND,11845 N.E. 85Th Street,Kirkland,WA,98033,(425) 827-0521,appreciate the,,http://www.leejohnsonmazda.com/,leejohnsonmazda.com,Title: Sales Team | Website: http://www.leejohnsonmazda.com/ | Source: https://www.leejohnsonmazda.com:443/meet-our-staff/ (no email published for this contact) | Lead inbox: ljtom@leejohnson.com | Brand: Mazda
MAZDA OF EVERETT,11409 Highway 99,Everett,WA,98204,(425) 353-3403,Sheldon Mease,skmease@yahoo.com,http://www.mazdaofeverett.com/,mazdaofeverett.com,Title: Sales Professional | Website: http://www.mazdaofeverett.com/ | Source: https://www.mazdaofeverett.com:443/meet-our-staff/ | Lead inbox: gleckenby@mazdaofeverett.com | Brand: Mazda
MAZDA OF SEATTLE,8100 Lake City Way Ne,Seattle,WA,98115,(206) 634-1191,,,http://mazdaofseattle.com/,mazdaofseattle.com,Website: http://mazdaofseattle.com/ | Lead inbox: leads@leejohnsonmazdaofseattle.com | Brand: Mazda
MCCURLEY INTEGRITY MAZDA,1230 Autoplex Way,Pasco,WA,99301,(509) 547-5555,,,http://www.mccurleymazda.com/,mccurleymazda.com,Website: http://www.mccurleymazda.com/ | Lead inbox: webleads@mccurley.dsmessage.com | Staff page: blocked | Brand: Mazda
OLYMPIA MAZDA,2201 Carriage Drive Sw,Olympia,WA,98502,(360) 786-1000,,,http://www.olympiamazda.com/,olympiamazda.com,Website: http://www.olympiamazda.com/ | Staff page: blocked | Brand: Mazda
PUYALLUP MAZDA,608 River Rd.,Puyallup,WA,98371,(253) 845-1766,,,,,Lead inbox: internetsales@milamauto.com | Brand: Mazda
SOUTH TACOMA MAZDA,6027 South Tacoma Way,Tacoma,WA,98409,(253) 722-2888,the excellent,,http://www.southtacomamazda.com/,southtacomamazda.com,Title: Sales Team | Website: http://www.southtacomamazda.com/ | Source: https://www.southtacomamazda.com:443/ (no email published for this contact) | Lead inbox: tonyp@southtacomamazda.com | Brand: Mazda
WALKER'S RENTON MAZDA,3400 East Valley Road,Renton,WA,98057,(425) 277-1370,and Vietnamese,,http://www.rentonmazda.com/,rentonmazda.com,Title: Sales Associate | Website: http://www.rentonmazda.com/ | Source: https://www.rentonmazda.com:443/meet-our-staff/ (no email published for this contact) | Lead inbox: mazda@walkersrenton.com | Brand: Mazda
WEST HILLS MAZDA,1000 Oyster Bay Avenue South,Bremerton,WA,98312,(360) 373-9909,,,http://www.westhillsmazda.com/,westhillsmazda.com,Website: http://www.westhillsmazda.com/ | Lead inbox: ewilliams@haselwood.com | Staff page: blocked | Brand: Mazda
BERGSTROM MAZDA,3023 Victory Lane,Appleton,WI,54913,(920) 749-3232,,,http://www.bergstrommazdaappleton.com/,bergstrommazdaappleton.com,Website: http://www.bergstrommazdaappleton.com/ | Lead inbox: victorylaneimports@bergstromauto.com | Staff page: no_staff_page | Brand: Mazda
BERGSTROM MAZDA - GREEN BAY,401 N Taylor Street,Green Bay,WI,54303,(920) 468-8898,,,http://www.bergstrommazdagreenbay.com/,bergstrommazdagreenbay.com,Website: http://www.bergstrommazdagreenbay.com/ | Staff page: no_staff_page | Brand: Mazda
CHIPPEWA VALLEY MAZDA,2329 S Prairie View Rd,Chippewa Falls,WI,54729,(715) 720-7000,Clay Murray,,http://www.morrieschippewavalleymazda.com/,morrieschippewavalleymazda.com,Title: General Sales Manager | Website: http://www.morrieschippewavalleymazda.com/ | Source: https://www.chippewavalleymazda.com/about-us/staff/ (no email published for this contact) | Brand: Mazda
DAHL MAZDA,712 4Th St S,La Crosse,WI,54601,(608) 784-9600,,,http://www.dahlmazda.com/,dahlmazda.com,Website: http://www.dahlmazda.com/ | Lead inbox: info@dahlauto.com | Staff page: no_staff_page | Brand: Mazda
FRANK BOUCHER MAZDA RACINE,9601 Washington Avenue #300,Racine,WI,53406,(262) 886-2886,Hani Harb,,http://www.bouchermazda.com/,bouchermazda.com,Title: General Manager | Website: http://www.bouchermazda.com/ | Source: https://www.bouchermazda.com/about-us/staff/ (no email published for this contact) | Brand: Mazda
GORDIE BOUCHER MAZDA,3108 N Pontiac Dr,Janesville,WI,53545,(608) 754-5511,,,,,Lead inbox: jn-internet@gordie.com | Brand: Mazda
HALL MAZDA – Brookfield,19809 W. Bluemound Road,Brookfield,WI,53045,(262) 782-5300,Jerry Schienebeck,,http://www.hallmazdamilwaukee.com/,hallmazdamilwaukee.com,Title: General Manager | Website: http://www.hallmazdamilwaukee.com/ | Source: https://www.hallmazdamilwaukee.com/about-us/staff/ (no email published for this contact) | Lead inbox: leads@sales.hallcars.com | Brand: Mazda
HOLIDAY MAZDA,416 N Rolling Meadows Dr.,Fond Du Lac,WI,54937,(920) 322-2550,,,http://www.holidaymazda.com/,holidaymazda.com,Website: http://www.holidaymazda.com/ | Lead inbox: weblead@holidayautomotive.com | Staff page: blocked | Brand: Mazda
MENKE MAZDA,320 Grand Ave,Schofield,WI,54476,(715) 359-5544,,,http://www.menkemazda.com/,menkemazda.com,Website: http://www.menkemazda.com/ | Staff page: no_staff_page | Brand: Mazda
RUSS DARROW GREENFIELD MAZDA,3520 South 108Th Street,Greenfield,WI,53228,(414) 329-5800,Nick Saidai,,http://www.russdarrowgreenfieldmazda.com/,russdarrowgreenfieldmazda.com,Title: General Manager | Website: http://www.russdarrowgreenfieldmazda.com/ | Source: https://www.russdarrowgreenfieldmazda.com/about-us2/meet-our-staff/ (no email published for this contact) | Lead inbox: Scott.Ehardt@russdarrow.com | Brand: Mazda
RUSS DARROW MAZDA OF MADISON,2302 W. Beltline Hwy,Madison,WI,53713,(608) 243-5510,Dylan Marshall,,http://www.russdarrowmadisonmazda.com/,russdarrowmadisonmazda.com,Title: General Sales Manager | Website: http://www.russdarrowmadisonmazda.com/ | Source: https://www.russdarrowmadisonmazda.com/about-us2/meet-our-staff/ (no email published for this contact) | Lead inbox: scott.ehardt@russdarrow.com | Brand: Mazda
RUSS DARROW METRO MAZDA,11330 W. Metro Auto Mall,Milwaukee,WI,53224,(414) 973-3939,Winklepleck Corporate,,http://www.russdarrowmazdaofmilwaukee.com/,russdarrowmazdaofmilwaukee.com,Title: Director Of Sales | Website: http://www.russdarrowmazdaofmilwaukee.com/ | Source: https://www.russdarrowmazdaofmilwaukee.com/about-us2/meet-our-staff/ (no email published for this contact) | Lead inbox: adam.obrien@russdarrow.com | Brand: Mazda
ASTORG MAZDA OF PARKERSBURG,1515 7Th Street,Parkersburg,WV,26101,(304) 485-8585,Eddie Price,,http://www.astorgmazda.com/,astorgmazda.com,Title: General Manager | Website: http://www.astorgmazda.com/ | Source: https://www.astorgmazda.com/about-us/staff/ (no email published for this contact) | Brand: Mazda
BRIDGEPORT MAZDA,98 Joy Lane,Bridgeport,WV,26330,(304) 336-2932,,,http://www.bridgeportmazda.com/,bridgeportmazda.com,Website: http://www.bridgeportmazda.com/ | Staff page: no_staff_page | Brand: Mazda
LESTER RAINES MAZDA,5035 Mccorkle Avenue,South Charleston,WV,25309,(304) 768-1251,,,http://www.lesterrainesmazda.com/,lesterrainesmazda.com,Website: http://www.lesterrainesmazda.com/ | Lead inbox: markb@lesterraines.com | Staff page: no_staff_page | Brand: Mazda
