dealer_name,address,city,state,zip,phone,website
CONTINENTAL NISSAN OF ANCHORAGE,5115 OLD SEWARD HWY.,ANCHORAGE,AK,99503,(907) 562-2427,https://www.continental-nissan.com
FAIRBANKS NISSAN,2610 S CUSHMAN STREET,FAIRBANKS,AK,99701,(907) 452-1701,https://www.fairbanksnissan.com
ALLEN TURNER NISSAN OF AUBURN,140 WEST CREEK PKWY,AUBURN,AL,36830,(334) 821-4888,https://www.allenturnernissanofauburn.com
BENTON NISSAN,1834 US HIGHWAY 78 E,OXFORD,AL,36203,(256) 831-8882,https://www.bentonnissan.com
BENTON NISSAN OF BESSEMER,5487 ACADEMY WAY,BESSEMER,AL,35022,(205) 428-6314,https://www.bentonnissanofbessemer.com
BENTON NISSAN OF HOOVER,1640 MONTGOMERY HWY,BIRMINGHAM,AL,35216,(205) 979-5420,https://www.bentonnissanofhoover.com
BONDY'S NISSAN,3693 W MAIN ST,DOTHAN,AL,36305,(334) 794-6736,https://www.bondysnissan.com
CANNON NISSAN EASTERN SHORE,29788 FREDRICK BLVD,DAPHNE,AL,36526,(251) 626-5558,https://www.easternshorenissan.com
DAVID SCOTT LEE NISSAN,600 W BYPASS,ANDALUSIA,AL,36420,(334) 249-2484,https://www.nissanandalusia.com
HALLMARK NISSAN,1300 3RD AVE N,BIRMINGHAM,AL,35203,(205) 324-3371,https://www.hallmarknissanbirmingham.com
JACK INGRAM MOTORS,227 EASTERN BLVD,MONTGOMERY,AL,36117,(334) 277-5700,https://www.jackingramnissan.com
LANDERS MCLARTY NISSAN,6520 UNIVERSITY DRIVE NW,HUNTSVILLE,AL,35806,(256) 837-5752,https://www.landersmclartynissanhuntsville.com
LYNN LAYTON CAD-NISSAN,2402 HIGHWAY 31 S,DECATUR,AL,35601,(256) 353-8150,https://www.lynnlaytonnissan.com
MATZ NISSAN OF TROY,110 U.S. 231 NORTH,TROY,AL,36081,(334) 566-7357,https://www.matznissan.com
MCKINNON NISSAN,135 PRICE DRIVE,CLANTON,AL,35046,(205) 280-1101,https://www.mckinnonnissan.com
MITCHELL NISSAN,1640 E PARK AVE,ENTERPRISE,AL,36330,(334) 347-9567,https://www.mitchellnissan.com
NISSAN OF GADSDEN,1701 RAINBOW DR,GADSDEN,AL,35901,(256) 549-7500,https://www.nissanofgadsden.com
SANDY SANSING NIS FOLEY,3100 S MCKENZIE ST,FOLEY,AL,36535,(251) 989-1234,https://www.nissanoffoley.com
SERRA NISSAN,1500 CENTER POINT PKWY,BIRMINGHAM,AL,35215,(205) 856-2544,https://www.serranissan.com
SERRA NISSAN OF SYLACAUGA,80 JAMES PAYTON BLVD,SYLACAUGA,AL,35150,(256) 245-2235,https://www.serranissanofsylacauga.com
SINGING RIVER NISSAN,248 COX CREEK PARKWAY,FLORENCE,AL,35630,(256) 381-0525,https://www.singingrivernissan.com
TAMERON NISSAN,1015 E I-65 SERVICE RD SO,MOBILE,AL,36606,(251) 476-7800,https://www.tameronnissan.com
TEAM ONE NISSAN OF ALBERTVILLE,9736 US HIGHWAY 431,ALBERTVILLE,AL,35950,(256) 878-4390,https://www.nissanofalbertville.net
TONY SERRA NISSAN,1724 CHEROKEE AVE SW,CULLMAN,AL,35055,(256) 739-1771,https://www.tonyserranissancullman.com
TOWNSEND NISSAN,2620 SKYLAND BLVD E,TUSCALOOSA,AL,35405,(205) 561-3993,https://www.townsendnissan.com
CENTRAL NISSAN,2907 E PARKER RD,JONESBORO,AR,72404,(870) 268-5454,https://www.centralnissan.com
JP NISSAN,305 NORTH SERVICE RD,BLYTHEVILLE,AR,72315,(870) 763-2800,https://www.jp-nissan.com
MCLARTY DANIEL NISSAN,2501 SE MOBERLY LN,BENTONVILLE,AR,72712,(479) 845-8484,https://www.bentonvillenissan.com
MCLARTY NISSAN OF BENTON,19960 I-30 NORTH,BENTON,AR,72019,(501) 575-0995,https://www.mclartynissanbenton.com
MCLARTY NISSAN OF LITTLE ROCK,1 COLONEL GLENN PLAZA DR,LITTLE ROCK,AR,72210,(501) 975-0300,https://www.mclartynissanlr.com
MCLARTY NISSAN OF NORTH LITTLE ROCK,5703 LANDERS ROAD,NO LITTLE ROCK,AR,72117,(501) 945-6191,https://www.mclartynissannlr.com
ORR NISSAN OF FORT SMITH,6520 AUTO PARK DRIVE,FORT SMITH,AR,72908,(479) 648-1900,https://www.orrnissanoffortsmith.com
ORR NISSAN OF HOT SPRINGS,4111 CENTRAL AVENUE,HOT SPRINGS,AR,71913,(501) 525-4511,https://www.orrnissanofhotsprings.com
ORR NISSAN OF RUSSELLVILLE,3115 EAST MAIN,RUSSELLVILLE,AR,72802,(479) 968-4566,https://www.orrnissanarkansas.com
ORR NISSAN OF SEARCY,3131 E. BEEBE CAPPS EXPWY,SEARCY,AR,72143,(501) 268-5333,https://www.orrnissan.net
SUPERIOR NISSAN,3372 N COLLEGE AVE,FAYETTEVILLE,AR,72703,(479) 442-4251,https://www.superiornissannwa.com
SUPERIOR NISSAN OF CONWAY,1090 COLLIER DR,CONWAY,AR,72032,(501) 513-4655,https://www.superiornissan.com
TROTTER NISSAN,1910 W. HILLSBORO,EL DORADO,AR,71730,(870) 864-4700,https://www.trotternissan.com
WELCH MOTOR COMPANY,2505 S OLIVE ST,PINE BLUFF,AR,71601,(870) 534-1551,https://www.welchnissan.com
WOOD MOTOR COMPANY,600 HWY 62-65,HARRISON,AR,72601,(870) 741-8211,https://www.woodmotornissan.com
ABC NISSAN,1300 E CAMELBACK RD,PHOENIX,AZ,85014,(602) 388-1261,https://www.abcnissan.com
ANDERSON NISSAN,3842 NORTH HIGHWAY 95,LAKE HAVASU CITY,AZ,86404,(928) 764-1700,https://www.andersonnissanaz.com
AUTONATION NISSAN CHANDLER,1350 S GILBERT RD BLD A,CHANDLER,AZ,85286,(480) 461-4300,https://www.autonationnissanchandler.com
AUTONATION NISSAN TEMPE,7755 S AUTOPLEX LOOP,TEMPE,AZ,85284,(480) 630-2829,https://www.autonationnissantempe.com
AVONDALE NISSAN,10305 W PAPAGO FREEWAY,AVONDALE,AZ,85323,(623) 904-2055,https://www.avondalenissan.com
CASA NISSAN OF PRESCOTT,440 PRESCOTT LAKES PRKWAY,PRESCOTT,AZ,86301,(928) 717-2289,https://www.casanissanofprescott.com
COULTER NISSAN,13301 N AUTOSHOW AVE,SURPRISE,AZ,85388,(623) 934-3444,https://www.coulternissan.com
COURTESY NISSAN OF MESA,6354 E TEST DR,MESA,AZ,85206,(480) 324-8800,https://www.courtesynissanofmesa.com
ED MORSE NISSAN,2960 E FRY BLVD,SIERRA VISTA,AZ,85635,(520) 459-2000,https://www.edmorse.com
FLAGSTAFF NISSAN,4960 E MARKET PLACE DR,FLAGSTAFF,AZ,86004,(928) 522-6386,https://www.flagnissan.com
HORNE NISSAN,2046 HIGHWAY 60,GLOBE,AZ,85501,(928) 425-3283,https://www.hornenissan.com
HORNE NISSAN YUMA,3160 S PACIFIC AVE,YUMA,AZ,85365,(928) 726-0525,https://www.hornenissanyuma.com
JIM CLICK NISSAN,800 W AUTO MALL DR,TUCSON,AZ,85705,(520) 884-4100,https://www.jimclicknissan.com
LARRY H MILLER NISSAN MESA,2025 W RIVERVIEW AUTO DR,MESA,AZ,85201,(480) 655-4000,https://www.lhmnissanmesa.com
MIDWAY NISSAN,2201 W BELL RD,PHOENIX,AZ,85023,(602) 635-3135,https://www.midwaynissan.com
PEORIA NISSAN,9151 W BELL RD,PEORIA,AZ,85382,(623) 298-5598,https://www.peorianissan.com
PINNACLE NISSAN,7601 E FRANK LLOYD WRIGHT,SCOTTSDALE,AZ,85260,(480) 676-4877,https://www.pinnaclenissan.com
THE JOHNSON MOTORS CORP,804 S 1ST AVE,SAFFORD,AZ,85546,(928) 428-0140,https://www.johnson-motors.net
THOROUGHBRED NISSAN,5163 E 22ND ST,TUCSON,AZ,85711,(520) 618-6500,https://www.tucsonnissan.com
ANTELOPE VALLEY NISSAN,451 AUTO CENTER DR,PALMDALE,CA,93551,(661) 274-4700,https://www.avnissan.com
BRAVO NISSAN OF DUARTE,1125 CENTRAL AVENUE,DUARTE,CA,91010,(626) 303-1000,https://www.bravonissanofduarte.com
CAPITOL NISSAN,1120 W CAPITOL EXPRESSWAY,SAN JOSE,CA,95136,(408) 978-1234,https://www.capitolnissan.com
CARDINALE NISSAN,1661 DEL MONTE BLVD,SEASIDE,CA,93955,(831) 393-0600,https://www.cardinalenissan.com
CARSON NISSAN,1505 E 223RD STREET,CARSON,CA,90746,(310) 221-5119,https://www.carsonnissan.com
CENTRAL VALLEY NISSAN,4530 MCHENRY AVE,MODESTO,CA,95356,(209) 526-3320,https://www.centralvalleynissan.com
CERRITOS NISSAN,18707 STUDEBAKER RD,CERRITOS,CA,90703,(562) 382-8077,https://www.cerritosnissan.com
CHICO NISSAN,575 MANZANITA AVE,CHICO,CA,95926,(530) 891-1777,https://www.chiconissan.com
CONCORD NISSAN,1290 CONCORD AVE,CONCORD,CA,94520,(925) 676-4400,https://www.concord-nissan.com
CORONA NISSAN,2575 WARDLOW RD,CORONA,CA,92882,(951) 281-2600,https://www.coronanissan.com
CROWN NISSAN,300 E CYPRESS AVE,REDDING,CA,96002,(530) 223-2177,https://www.crownmotorsnissan.com
DOWNEY NISSAN,7321 FIRESTONE BLVD,DOWNEY,CA,90241,(562) 334-1091,https://www.downeynissan.com
DUBLIN NISSAN,3800 KAISER RD,DUBLIN,CA,94568,(925) 452-8000,https://www.dublinnissan.com
EL MONTE NISSAN,3428 N PECK ROAD,EL MONTE,CA,91731,(626) 350-8868,https://www.elmontenissan.com
EMPIRE NISSAN,1377 KETTERING LOOP,ONTARIO,CA,91761,(909) 390-9977,https://www.empirenissan.com
FIRST NISSAN,2325 1ST ST,SIMI VALLEY,CA,93065,(805) 433-9365,https://www.1stnissan.com
FOLSOM LAKE NISSAN,12610 AUTO MALL CIRCLE,FOLSOM,CA,95630,(916) 608-5300,https://www.folsomlakenissan.com
FONTANA NISSAN,16444 S HIGHLAND AVE,FONTANA,CA,92336,(909) 574-2288,https://www.fontananissan.com
FUTURE NISSAN,600 AUTOMALL DR,ROSEVILLE,CA,95661,(916) 969-5700,https://www.futurenissan.com
GARDEN GROVE NISSAN,9222 TRASK AVE,GARDEN GROVE,CA,92844,(714) 537-0900,https://www.nissangardengrove.com
GARDENA NISSAN,1670 W REDONDO BEACH BLVD,GARDENA,CA,90247,(310) 532-1600,https://www.gardenanissan.com
GLENDALE NISSAN,727 S BRAND BLVD,GLENDALE,CA,91204,(818) 696-9301,https://www.glendalenissanla.com
HANLEES FAIRFIELD NISSAN,2545 AUTO MALL PARKWAY,FAIRFIELD,CA,94533,(707) 920-2600,https://www.hanleesfairfieldnissan.com
HANLEES HILLTOP NISSAN,3277 AUTO PLAZA ROAD,RICHMOND,CA,94806,(510) 222-4900,https://www.hanleeshilltopnissan.com
HANLEES NISSAN,5009 CHILES RD,DAVIS,CA,95618,(530) 231-3000,https://www.hanleesdavisnissan.com
HAYWARD NISSAN,24644 MISSION BLVD,HAYWARD,CA,94544,(510) 372-2800,https://www.haywardnissan.com
JIM BONE NISSAN OF SANTA ROSA,1275 SANTA ROSA AVE,SANTA ROSA,CA,95404,(707) 545-7050,https://www.jimbonenissan.com
LITHIA NISSAN OF CLOVIS,370 W HERNDON AVE,CLOVIS,CA,93612,(559) 297-6919,https://www.nissanofclovis.com
MCCREA NISSAN,601 7TH ST,EUREKA,CA,95501,(707) 442-1741,https://www.mccreanissan.com
METRO NISSAN OF MONTCLAIR,9440 AUTOPLEX DRIVE,MONTCLAIR,CA,91763,(909) 625-5575,https://www.metronissanmontclair.com
MOJAVE NISSAN OF BARSTOW,631 W MAIN STREET,BARSTOW,CA,92311,(760) 256-2241,https://www.mojavenissanofbarstow.com
MOSSY NISSAN CHULA VISTA,1885 AUTO PARK PLACE,CHULA VISTA,CA,91911,(619) 397-6578,https://www.mossychulavista.com
MOSSY NISSAN EL CAJON,1170 W MAIN ST,EL CAJON,CA,92020,(619) 588-0500,https://www.mossynissanelcajon.com
MOSSY NISSAN ESCONDIDO,1546 AUTO PARK WAY,ESCONDIDO,CA,92029,(760) 746-5050,https://www.mossyescondido.com
MOSSY NISSAN KEARNY MESA,8104 CLAIREMONT MESA BLVD,SAN DIEGO,CA,92111,(858) 565-4411,https://www.mossykearnymesa.com
MOSSY NISSAN NATIONAL CITY,2700 NATIONAL CITY BLVD,NATIONAL CITY,CA,91950,(619) 474-7011,https://www.mossynationalcity.com
MOSSY NISSAN OCEANSIDE,3535 COLLEGE BLVD,OCEANSIDE,CA,92056,(760) 720-9797,https://www.mossynissanoceanside.com
MOSSY NISSAN POWAY,14100 POWAY RD,POWAY,CA,92064,(858) 668-3600,https://www.mossypoway.com
MY NISSAN,222 AUTO CENTER CIR,SALINAS,CA,93907,(831) 444-8888,https://www.mynissan.org
NAPA NISSAN,510 SOSCOL AVE,NAPA,CA,94559,(707) 253-1551,https://www.napanissan.com
NISSAN OF ALHAMBRA,1811 WEST MAIN STREET,ALHAMBRA,CA,91801,(626) 281-4000,https://www.nissanofalhambra.com
NISSAN OF BAKERSFIELD,2800 PACHECO RD,BAKERSFIELD,CA,93313,(661) 835-8600,https://www.nissanofbakersfield.com
NISSAN OF BUENA PARK,6501 AUTO CENTER DRIVE,BUENA PARK,CA,90621,(714) 690-3100,https://www.buenaparknissan.com
NISSAN OF COSTA MESA,1425 BAKER ST,COSTA MESA,CA,92626,(714) 444-4220,https://www.nisssanofcostamesa.com
NISSAN OF DOWNTOWN LA,635 W WASHINGTON BLVD,LOS ANGELES,CA,90015,(213) 748-4501,https://www.downtownnissan.com
NISSAN OF ELK GROVE,8590 LAGUNA GROVE RD,ELK GROVE,CA,95757,(916) 405-5000,https://www.nissanofelkgrove.com
NISSAN OF GILROY,6807 AUTOMALL PARKWAY,GILROY,CA,95020,(408) 842-1777,https://www.nissanofgilroy.com
NISSAN OF IRVINE,32 AUTO CENTER DR,IRVINE,CA,92618,(949) 951-7575,https://www.nissanofirvine.com/
NISSAN OF MISSION HILLS,11000 SEPULVEDA BLVD,MISSION HILLS,CA,91345,(818) 838-4444,https://www.nissanofmissionhills.com
NISSAN OF ORANGE,1140 W KATELLA AVE,ORANGE,CA,92867,(714) 633-8430,https://www.nissanorange.com
NISSAN OF REDLANDS,1665 INDUSTRIAL PARK AVE,REDLANDS,CA,92374,(909) 793-3377,https://www.nissanofredlands.com
NISSAN OF SAN BERNARDINO,735 WEST SHOWCASE DRIVE S,SAN BERNARDINO,CA,92408,(909) 885-3883,https://www.nissanofsb.com
NISSAN OF SERRAMONTE,650 SERRAMONTE BLVD,COLMA,CA,94014,(650) 488-2850,https://www.nissanofserramonte.com
NISSAN OF STOCKTON,3077 E HAMMER LANE,STOCKTON,CA,95212,(209) 307-9260,https://www.nissanofstockton.com
NISSAN OF THOUSAND OAKS,3570 THOUSAND OAKS BLVD,WESTLAKE VILLAGE,CA,91362,(805) 494-1200,https://www.nissanthousandoaks.com
NISSAN OF TORRANCE,20550 HAWTHORNE BLVD,TORRANCE,CA,90503,(310) 536-4000,https://www.nissanoftorrance.com
NISSAN OF TUSTIN,30 AUTO CENTER DRIVE,TUSTIN,CA,92782,(714) 669-8282,https://www.nissanoftustin.com
NISSAN OF VACAVILLE,671 ORANGE DRIVE,VACAVILLE,CA,95687,(707) 455-4500,https://www.vacavillenissan.com
NISSAN OF VALENCIA,24055 MAGIC MOUNTAIN PKWY,VALENCIA,CA,91355,(661) 505-7800,https://www.nissanofvalencia.com
NISSAN OF VAN NUYS,5425 VAN NUYS BOULEVARD,SHERMAN OAKS,CA,91401,(818) 787-8400,https://www.nissanofvannuys.com
NISSAN OF VISALIA,830 S BEN MADDOX WAY,VISALIA,CA,93292,(559) 734-3333,https://www.nissanofvisalia.com
NISSAN OF YUBA CITY,1340 BRIDGE STREET,YUBA CITY,CA,95993,(530) 491-5900,https://www.yubacitynissan.com
PALM SPRINGS NISSAN,68-177 KYLE ROAD,CATHEDRAL CITY,CA,92234,(760) 328-2828,https://www.palmspringsnissan.com
PEDDER NISSAN,200 CARRIAGE CIRCLE,HEMET,CA,92545,(951) 766-1446,https://www.peddernissan.com
PREMIER NISSAN OF FREMONT,5701 CUSHING PARKWAY,FREMONT,CA,94538,(510) 668-8700,https://www.premiernissanoffremont.com
PUENTE HILLS NISSAN,17320 E GALE AVENUE,CITY OF INDUSTRY,CA,91748,(626) 626-2600,https://www.puentehillsnissan.com
RACEWAY NISSAN,6030 SYCAMORE CANYON BLVD,RIVERSIDE,CA,92507,(951) 571-9300,https://www.racewaynissan.com
RAZZARI NISSAN,1675 AUTO CENTER DR,MERCED,CA,95340,(209) 383-0100,https://www.razzarinissan.com
REDWOOD CITY NISSAN,543 EL CAMINO REAL,REDWOOD CITY,CA,94063,(650) 241-2525,https://www.redwoodcitynissan.com
RIVERSIDE NISSAN,8330 INDIANA AVE,RIVERSIDE,CA,92504,(951) 688-9420,https://www.nissanriverside.com
SAN LEANDRO NISSAN,1152 MARINA BLVD,SAN LEANDRO,CA,94577,(510) 347-3030,https://www.sanleandronissan.com
SANTA MARIA NISSAN,1001 E BATTLES RD # B&D,SANTA MARIA,CA,93454,(805) 925-0077,https://www.santamarianissan.com
SELMA NISSAN,2525 HIGHLAND AVE,SELMA,CA,93662,(559) 891-2702,https://www.selmanissan.com
STEVENS CREEK NISSAN,4855 STEVENS CREEK BLVD,SANTA CLARA,CA,95051,(408) 983-5900,https://www.stevenscreeknissan.com
SURF CITY NISSAN,17331 BEACH BLVD,HUNTINGTON BEACH,CA,92647,(714) 500-6000,https://www.surfcitynissan.com
TEAM NISSAN,1801 AUTO CENTER DR,OXNARD,CA,93036,(805) 485-8787,https://www.teamnissandirect.com
TEMECULA NISSAN,26825 AUTO MALL PARKWAY,MURRIETA,CA,92562,(951) 972-8400,https://www.temeculanissan.com
TORRE NISSAN,79-125 HIGHWAY 111,LA QUINTA,CA,92253,(760) 777-8999,https://www.torrenissan.com
TRACY NISSAN,3195 N NAGLEE RD,TRACY,CA,95304,(209) 820-6000,https://www.tracynissan.net
UNITED NISSAN IMPERIAL,2361 HWY 86,IMPERIAL,CA,92251,(760) 352-2900,https://www.unitednissanimperial.com
VALLEY HI NISSAN,15722 VALLEY PARK LANE,VICTORVILLE,CA,92394,(760) 241-1700,https://www.valleyhinissan.com
ALPINE NISSAN OF DENVER,2400 W 104TH AVE,DENVER,CO,80234,(303) 578-6116,https://www.alpinenissan.com
BOULDER NISSAN,2285 28TH ST,BOULDER,CO,80301,(303) 443-8110,https://www.bouldernissan.com
DAVE SOLON NISSAN,2525 W US HIGHWAY 50,PUEBLO,CO,81008,(719) 545-4145,https://www.davesolonnissan.com
EMPIRE LAKEWOOD NISSAN,14707 W. COLFAX AVE,LAKEWOOD,CO,80401,(303) 232-8881,https://www.empirelakewoodnissan.com
FORT COLLINS NISSAN,5721 S COLLEGE AVE,FORT COLLINS,CO,80525,(970) 282-1400,https://www.fortcollinsnissan.com
GREELEY NISSAN,2625 35TH AVE,GREELEY,CO,80634,(970) 353-5333,https://www.greeleynissan.com
MCDONALD NISSAN,1320 PLUM VALLEY LANE,HIGHLANDS RANCH,CO,80129,(720) 274-5200,https://www.mcdonaldnissanhr.com
MONTROSE NISSAN,100 MERCHANT DR,MONTROSE,CO,81401,(970) 249-4576,https://www.montrosenissan.com
RED ROCK NISSAN,2582 HWY 6 AND 50,GRAND JUNCTION,CO,81501,(970) 644-8020,https://www.redrocknissan.com
SCHOMP NISSAN,5067 S WADSWORTH BLVD,LITTLETON,CO,80123,(303) 904-7700,https://www.schompnissan.com
SOUTH COLORADO SPRINGS NISSAN,1333 S ACADEMY BLVD,COLORADO SPRINGS,CO,80916,(719) 550-3030,https://www.scsnissan.com
TYNAN'S NISSAN,780 SOUTH HAVANA STREET,AURORA,CO,80012,(303) 341-7330,https://www.tynansnissanaurora.com
VALLEY NISSAN,1005 KEN PRATT BLVD,LONGMONT,CO,80501,(303) 776-0443,https://www.valleynissan.com
WOODMEN NISSAN,6840 VINCENT DR,COLORADO SPRINGS,CO,80918,(719) 234-1000,https://www.woodmennissan.com
BARBERINO NISSAN,505 N COLONY ST,WALLINGFORD,CT,6492,(203) 265-1611,https://www.barberinonissan.com
BERTERA NISSAN MANCHESTER,"30, 54, 80 TOLLAND TPK",MANCHESTER,CT,6042,(860) 643-4165,https://www.berteranissanmanchester.com
CRABTREE NISSAN,2191 STRAITS TURNPIKE,MIDDLEBURY,CT,6762,(203) 758-8221,https://www.crabtreenissan.com
CROWLEY NISSAN,1451 FARMINGTON AVE,BRISTOL,CT,6010,(860) 540-0555,https://www.crowleynissan.com
D'ADDARIO NISSAN,329 BRIDGEPORT AVE,SHELTON,CT,6484,(203) 929-5391,https://www.daddarionissan.com
DANBURY NISSAN,13 SUGAR HOLLOW ROAD,DANBURY,CT,6810,(203) 586-4200,https://www.nissandanbury.com
EXECUTIVE NISSAN,900 UNIVERSAL DR N,NORTH HAVEN,CT,6473,(203) 239-5371,https://www.executivenissan.com
GATES NISSAN,143 BOSTON POST RD,NORTH WINDHAM,CT,6256,(860) 456-0055,https://www.gatesnissan.com
GEORGE HARTE NISSAN,426 DERBY AVE,WEST HAVEN,CT,6516,(203) 389-5701,https://www.georgehartenissan.com
GIRARD NISSAN,425 GOLD STAR HWY,GROTON,CT,6340,(860) 448-0050,https://www.girardnissan.com
HARTE NISSAN,165 W SERVICE RD,HARTFORD,CT,6120,(860) 549-2800,https://www.hartenissan.com
LIA NISSAN OF ENFIELD,10 PALOMBA DR,ENFIELD,CT,6082,(860) 253-6827,https://www.lianissanenfield.com
MIDDLETOWN NISSAN,1153 NEWFIELD ST,MIDDLETOWN,CT,6457,(860) 632-6550,https://www.middletownnissan.com
NISSAN OF NORWICH,691 W THAMES ST,NORWICH,CT,6360,(860) 892-6000,https://www.nissanofnorwich.com
NISSAN OF OLD SAYBROOK,295 MIDDLESEX TPKE,OLD SAYBROOK,CT,6475,(860) 388-5785,https://www.nissanoos.com
OCEAN NISSAN MILFORD,688 BRIDGEPORT AVE,MILFORD,CT,6460,(203) 877-5141,https://www.oceannissanmilford.com
PAUL MILLER NISSAN,930 KINGS HWY E,FAIRFIELD,CT,6825,(203) 367-5050,https://www.getmillerized.com
ROUTE 7 NISSAN,978 DANBURY RD,WILTON,CT,6897,(203) 544-8371,https://www.route7nissan.com
HERTRICH NISSAN JEEP-EAGLE,1378 S DUPONT HWY,DOVER,DE,19901,(302) 678-4553,https://www.hertrichnissan.com
HERTRICH NISSAN OF NEWARK,300 E CLEVELAND AVE,NEWARK,DE,19711,(302) 368-6300,https://www.hertrichnissannewark.com
SHERIDAN NISSAN,114 S DUPONT HWY,NEW CASTLE,DE,19720,(302) 326-6100,https://www.sheridannissan.com
ALAN JAY NISSAN,1700 FLARE ROAD,SEBRING,FL,33872,(863) 402-4280,https://www.alanjaynissan.com
AUTONATION NISSAN MIAMI,3345 SW 8TH ST,MIAMI,FL,33135,(305) 707-0145,https://www.autonationnissanmiami.com
AUTONATION NISSAN PEMBROKE PINES,8890 PINES BLVD,PEMBROKE PINES,FL,33024,(954) 949-0421,https://www.autonationnissanpembrokepines.com
BECK NISSAN,252 N HIGHWAY 17,PALATKA,FL,32177,(386) 328-2775,https://www.becknissan.com
BELLA NISSAN OF VENICE,700 US HWY 41 BYPASS S,VENICE,FL,34285,(941) 485-1531,https://www.bellanissanvenice.com
BILL RAY NISSAN,2724 N HIGHWAY 17/92,LONGWOOD,FL,32750,(407) 831-1318,https://www.billraynissan.com
BRANDON NISSAN,9920 ADAMO DR,TAMPA,FL,33619,(813) 365-7144,https://www.nissanofbrandon.com
COGGIN NISSAN,10600 ATLANTIC BLVD,JACKSONVILLE,FL,32225,(904) 642-7900,https://www.cogginnissanatlantic.com
COGGIN NISSAN AT THE AVENUES,10859 PHILIPS HWY,JACKSONVILLE,FL,32256,(904) 880-3000,https://www.nissanattheavenues.com
CORAL SPRINGS NISSAN,9350 W ATLANTIC BLVD,CORAL SPRINGS,FL,33071,(954) 753-1700,https://www.coralspringsnissan.com
COURTESY NISSAN OF TAMPA,3800 W HILLSBOROUGH AVE,TAMPA,FL,33614,(813) 574-2567,https://www.courtesynissanoftampa.com
CROWN NISSAN,5151 34TH ST N,SAINT PETERSBURG,FL,33714,(727) 527-8411,https://www.crownnissan.com
DAVIS NISSAN OF JACKSONVILLE,1726 CASSAT AVE,JACKSONVILLE,FL,32210,(904) 389-3621,https://www.davisnissanjacksonville.com
DAYTONA NISSAN,950 N TOMOKA FARMS RD,DAYTONA BEACH,FL,32124,(386) 274-6800,https://www.daytonanissan.com
DELAND NISSAN,2600 S WOODLAND BLVD,DELAND,FL,32720,(386) 734-3003,https://www.delandnissan.com
GAINESVILLE NISSAN,3915 N MAIN ST,GAINESVILLE,FL,32609,(352) 371-2023,https://www.gainesvillenissan.com
GETTEL NISSAN OF SARASOTA,3530 BEE RIDGE RD,SARASOTA,FL,34239,(941) 921-2655,https://www.gettelnissan.com
GREENACRES NISSAN,5353 LAKE WORTH ROAD,GREENACRES,FL,33463,(561) 537-5300,https://www.greenacresnissan.com
GRIECO NISSAN,2200 S FEDERAL HWY,DELRAY BEACH,FL,33483,(561) 666-4914,https://www.grieconissan.com
HARBOR NISSAN,4336 TAMIAMI TRL,PORT CHARLOTTE,FL,33980,(941) 629-1171,https://www.harbornissan.com
HGREG NISSAN KENDALL,17305 S DIXIE HWY,PALMETTO BAY,FL,33157,(305) 707-0144,https://www.nissankendall.com
HILL NISSAN,6401 CYPRESS GARDENS BLVD,WINTER HAVEN,FL,33884,(863) 299-2161,https://www.hillnissan.com
I-95 NISSAN,3870 W BLUE HERON BLVD,RIVIERA BEACH,FL,33404,(561) 848-0688,https://www.I95nissan.com
JENKINS NISSAN,4401 STATE ROAD 33 N,LAKELAND,FL,33805,(863) 686-2800,https://www.jenkinsnissan.com
JENKINS NISSAN OF HOMOSASSA,1785 S SUNCOAST BLVD,HOMOSASSA,FL,34448,(352) 628-4300,https://www.jenkinsnissanofhomosassa.com
JENKINS NISSAN OF LEESBURG,8865 US HIGHWAY 441,LEESBURG,FL,34788,(352) 343-5111,https://www.jenkinsnissanofleesburg.com
JOHN LEE NISSAN,120 EAST 23RD ST,PANAMA CITY,FL,32405,(850) 785-9561,https://www.johnleenissan.com
KRAFT NISSAN,3277 MAHAN DR,TALLAHASSEE,FL,32308,(850) 576-6171,https://www.kraftnissan.com
LEE NISSAN,235 MIRACLE STRIP PKWY SW,FORT WALTON BEACH,FL,32548,(850) 243-3123,https://www.leenissanfwb.com
LOKEY NISSAN,27758 US HIGHWAY 19 N,CLEARWATER,FL,33761,(727) 789-8100,https://www.lokeynissan.com
LORENZO NISSAN,30505 S DIXIE HWY,HOMESTEAD,FL,33030,(786) 652-1020,https://www.lorenzonissan.com
LORENZO NISSAN FT LAUDERDALE,1051 S FEDERAL HWY,FORT LAUDERDALE,FL,33316,(954) 527-3400,https://www.lorenzonissanftlauderdale.com
MARIANNA NISSAN,4770 HWY 90,MARIANNA,FL,32446,(850) 482-6317,https://www.mariannanissan.com
MAUS NISAN OF NEW PORT RICHEY,3939 US HIGHWAY 19 SOUTH,NEW PORT RICHEY,FL,34652,(727) 815-3095,https://www.mausnissan.com
MAUS NISSAN OF BROOKSVILLE,15220 WISCON ROAD,BROOKSVILLE,FL,34601,(352) 423-6287,https://www.mausnissanofbrooksville.com
MAUS NISSAN OF NORTH TAMPA,11011 N FLORIDA AVE,TAMPA,FL,33612,(813) 933-6641,https://www.mausnissantampa.com
MIKE ERDMAN NISSAN,4640 HIGHWAY 520,COCOA,FL,32926,(321) 453-2050,https://www.mikeerdmannissan.com
NAPLES NISSAN,3640 PINE RIDGE RD,NAPLES,FL,34109,(239) 643-3800,https://www.naplesnissan.com
NISSAN OF BRADENTON,1611 CORTEZ ROAD W,BRADENTON,FL,34207,(941) 755-1571,https://www.nissanofbradenton.com
NISSAN OF CAPE CORAL,2201 NE PINE ISLAND RD,CAPE CORAL,FL,33909,(239) 333-2271,https://www.capecoralnissan.com
NISSAN OF CLEARWATER,15232 US HIGHWAY 19 N,CLEARWATER,FL,33764,(727) 507-3200,https://www.nissanofclearwater.com
NISSAN OF DORAL,10500 NW 12TH ST,MIAMI,FL,33172,(305) 633-8000,https://www.nissanofdoral.com
NISSAN OF FORT MYERS,13985 S TAMIAMI TRL,FORT MYERS,FL,33912,(239) 415-8600,https://www.nissansales.com
NISSAN OF FORT PIERCE,4815 SOUTH US HIGHWAY #1,FORT PIERCE,FL,34982,(772) 464-4645,https://www.nissanoffortpierce.com
NISSAN OF MELBOURNE,440 S HARBOR CITY BLVD,MELBOURNE,FL,32901,(321) 723-2941,https://www.nissanofmelbourne.com
NISSAN OF ORANGE PARK,7447 BLANDING BLVD,JACKSONVILLE,FL,32244,(904) 269-9400,https://www.nissanoforangepark.com
NISSAN OF ST AUGUSTINE,2755 US 1 SOUTH,ST. AUGUSTINE,FL,32086,(904) 794-9990,https://www.nissanofstaugustine.com
NISSAN OF VERO BEACH,946 S US HIGHWAY 1,VERO BEACH,FL,32962,(772) 778-3600,https://www.veronissan.com
PAT FISCHER NISSAN,1128 S HOPKINS AVE,TITUSVILLE,FL,32780,(321) 268-2000,https://www.patfischernissan.com
PEARSON NISSAN OF OCALA,2060 SW COLLEGE RD,OCALA,FL,34471,(352) 622-4111,https://www.pearsonnissanofocala.com
PERFORMANCE NISSAN,1345 S FEDERAL HIGHWAY,POMPANO BEACH,FL,33062,(954) 781-7700,https://performancenissan.com/
REED NISSAN,3776 W COLONIAL DR,ORLANDO,FL,32808,(407) 297-7333,https://www.reednissan.com
REED NISSAN CLERMONT,16005 STATE RD 50,CLERMONT,FL,34711,(352) 227-1050,https://www.reednissanclermont.com
ROUNTREE-MOORE NISSAN,4262 WEST US 90,LAKE CITY,FL,32055,(386) 752-5050,https://www.rountreemoorenissan.com
SANDY SANSING NISSAN,5705 PENSACOLA BLVD,PENSACOLA,FL,32505,(850) 479-4700,https://www.sandysansingnissan.com
SOUTHERN 441 NISSAN,9405 SOUTHERN BLVD,ROYAL PALM BEACH,FL,33411,(561) 491-4300,https://www.southern441nissan.com
SUTHERLIN NISSAN ORLANDO,8125 EAST COLONIAL DR,ORLANDO,FL,32817,(407) 657-9500,https://www.orlandonissan.com
UNIVERSAL NISSAN,12785 S ORANGE BLOSSOM TR,ORLANDO,FL,32837,(407) 926-7000,https://www.universal-nissan.com
WALLACE NISSAN,4313 S FEDERAL HWY,STUART,FL,34997,(772) 286-8000,https://www.wallacenissanofstuart.com
WESLEY CHAPEL NISSAN,28519 STATE ROAD 54,WESLEY CHAPEL,FL,33543,(813) 751-1300,https://www.wesleychapelnissan.com/
WESTON NISSAN,3650 WESTON RD,DAVIE,FL,33331,(954) 888-6800,https://www.westonnissan.com
ALBANY NISSAN,1100 EAST OGLETHORPE BLVD,ALBANY,GA,31705,(229) 436-8807,https://www.albanynissan.com
ALM NISSAN NEWNAN,783 BULLSBORO DR,NEWNAN,GA,30265,(770) 254-3800,https://www.almnissannewnan.com
BELLA NISSAN OF UNION CITY,4080 JONESBORO ROAD,UNION CITY,GA,30291,(770) 964-4900,https://www.bellanissanofunioncity.com
BUTLER NISSAN,4500 RIVERSIDE DRIVE,MACON,GA,31210,(478) 781-8440,https://www.butlernissan.com
CHEROKEE COUNTY NISSAN,101 HARBOR CREEK PKWY,HOLLY SPRINGS,GA,30115,(678) 730-9900,https://www.cherokeecountynissan.com
CHILDRE NISSAN,126 ROBERSON MILL ROAD,MILLEDGEVILLE,GA,31061,(478) 452-5535,https://www.childrenissan.com
CONYERS NISSAN,1420 IRIS DR,CONYERS,GA,30094,(770) 922-7600,https://www.conyersnissan.com
CRONIC NISSAN,2624 N EXPRESSWAY,GRIFFIN,GA,30223,(678) 967-2277,https://www.cronicnissan.net
DUBLIN NISSAN,2046 VETERANS BLVD,DUBLIN,GA,31021,(478) 275-2660,https://www.mydublinnissan.com
FIVE STAR NISSAN,839 WARREN DR,WARNER ROBINS,GA,31088,(478) 987-5030,https://www.fivestarnissan.com
FLOWERS NISSAN,1630 E JACKSON STREET,THOMASVILLE,GA,31792,(229) 226-1106,https://www.flowersnissan.com
FORT NISSAN OF COLUMBUS,1725 WHITTLESEY ROAD,COLUMBUS,GA,31904,(706) 225-8100,https://www.headquarternissan.com
GRAINGER NISSAN,1550 CHATHAM PARKWAY,GARDEN CITY,GA,31408,(912) 358-5858,https://www.graingernissan.com
GREENWAY NISSAN BRUNSWICK,231 CHAPEL CROSSING ROAD,BRUNSWICK,GA,31525,(912) 264-3825,https://www.greenwaynissanbrunswick.com
GWINNETT PLACE NISSAN,2555 PLEASANT HILL RD,DULUTH,GA,30096,(678) 552-4340,https://www.gwinnettplacenissan.com
JIM SHORKEY NISSAN OF GAINESVILLE,2400 BROWNS BRIDGE RD,GAINESVILLE,GA,30504,(770) 532-6335,https://www.jimshorkeynissan.com/
MCDONOUGH NISSAN,1775 AVALON PARKWAY,MCDONOUGH,GA,30253,(770) 305-7970,https://www.mcdonoughnissan.com
MIKE REZI NISSAN ATLANTA,2551 THE NALLEY WAY,ATLANTA,GA,30360,(770) 455-1122,https://www.mikerezinissan.com
MIRACLE NISSAN OF AUGUSTA,3300 WASHINGTON RD,AUGUSTA,GA,30907,(706) 854-1000,https://www.miraclenissanofaugusta.com
MTN VIEW NISSAN OF DALTON,1706 E WALNUT AVE,DALTON,GA,30721,(706) 459-3600,https://www.nissanofdalton.com
NISSAN OF ATHENS,4735 ATLANTA HIGHWAY,ATHENS,GA,30606,(706) 549-6600,https://www.nissanofathens.com
NISSAN OF CUMMING,1310 BUFORD HWY,CUMMING,GA,30041,(470) 695-3993,https://www.nissanofcumming.com
NISSAN OF LAGRANGE,1050 LAFAYETTE PKWY,LAGRANGE,GA,30241,(706) 884-1744,https://www.nissanoflagrange.com
NISSAN OF LITHIA SPRINGS,811 THORNTON RD,LITHIA SPRINGS,GA,30122,(770) 674-6080,https://www.nissanoflithiasprings.com
NISSAN OF MARIETTA,925 COBB PARKWAY SE,MARIETTA,GA,30060,(770) 674-6081,https://www.mynissanmarietta.com
NISSAN OF TIFTON,535 OLD OMEGA RD,TIFTON,GA,31794,(229) 382-7777,https://www.nissanoftifton.com
NISSAN SOUTH MORROW,6889 JONESBORO ROAD,MORROW,GA,30260,(770) 968-1360,https://www.nissansouthmorrow.com
PREMIER NISSAN MALL OF GEORGIA,1855 LUKE KING PKWY,BUFORD,GA,30519,(678) 714-1885,https://www.nissanmall.com
REGAL NISSAN,1090 HOLCOMB BRIDGE RD,ROSWELL,GA,30076,(770) 998-8686,https://www.regalauto.com
SCOTT EVANS NISSAN,725 BANKHEAD HWY,CARROLLTON,GA,30117,(770) 832-8222,https://www.scottevansnissanusa.com
STONE MOUNTAIN NISSAN,4275 HWY 78,LILBURN,GA,30047,(678) 252-3100,https://www.stonemountainnissan.com
TOWN CENTER NISSAN,2310 BARRETT LAKES BLVD N,KENNESAW,GA,30144,(770) 423-9691,https://www.towncenternissan.com
VADEN NISSAN,10421 ABERCORN ST,SAVANNAH,GA,31419,(912) 920-5480,https://www.vadennissanofsavannah.com
VADEN NISSAN OF HINESVILLE,1009 E OGLETHORPE HWY,FLEMINGTON,GA,31313,(912) 368-1680,https://www.vadennissanofhinesville.com
VALDOSTA NISSAN,3715 INNER PERIMETER RD,VALDOSTA,GA,31602,(229) 242-7325,https://www.valdostanissan.com
WALKER-JONES NISSAN,2715 MEMORIAL DR,WAYCROSS,GA,31503,(912) 283-7783,https://www.walkerjonesnissan.com
WELBORN NISSAN OF ROME,1500 VETERANS MEM HWY,ROME,GA,30161,(706) 291-1981,https://www.riversidenissanofrome.com
WOODY FOLSOM NIS BAXLEY,1913 GOLDEN ISLES WEST,BAXLEY,GA,31513,(912) 705-8000,https://www.woodyfolsomnissanofbaxley.com
WOODY FOLSOM NISSAN,1609 EAST 1ST STREET,VIDALIA,GA,30474,(912) 537-9079,https://www.woodyfolsomnissan.com
JIM FALK MOTORS OF MAUI,260 HANA HWY,KAHULUI,HI,96732,(808) 270-2600,https://www.jimfalknissan.com
KAMAAINA NISSAN,471 KALANIANAOLE AVE,HILO,HI,96720,(808) 930-6477,https://www.kamaainanissan.com
KING WINDWARD NISSAN,45-568 KAMEHAMEHA HWY,KANEOHE,HI,96744,(808) 235-6433,https://www.kingwindwardnissan.com
KONA NISSAN,76-6353 KUAKINI HWY,KAILUA KONA,HI,96740,(808) 329-4408,https://www.konanissan.com
KUHIO NISSAN,3039 AUKELE ST,LIHUE,HI,96766,(808) 245-6731,https://www.kuhionissan.com
NEW CITY NISSAN,2295 NORTH KING ST,HONOLULU,HI,96819,(808) 524-9111,https://www.newcitynissan.com
TONY NISSAN,94-1299 KA UKA BLVD,WAIPAHU,HI,96797,(808) 680-7150,https://www.tonynissan.com
BILLION NISSAN OF SIOUX CITY,3715 SINGING HILLS BLVD,SIOUX CITY,IA,51106,(712) 234-3500,https://www.billionnissanofsiouxcity.com
CAROUSEL NISSAN,817 HIGHWAY 1 W,IOWA CITY,IA,52246,(319) 337-5000,https://www.carouselnissan.com
CLINTON CHRDGJPNISSAN,2850 VALLEY WEST DRIVE,CLINTON,IA,52732,(563) 242-0441,https://www.clinton-nissan.com
DAVE WRIGHT NISSAN,999 BOYSON RD,HIAWATHA,IA,52233,(319) 393-0640,https://www.davewrightnissan.com
DEERY BROTHERS NISSAN,200 S GEAR AVE,WEST BURLINGTON,IA,52655,(319) 752-6000,https://www.deerybrothersnissan.com
DEERY BROTHERS NISSAN DUBUQUE,600 CENTURY DR,DUBUQUE,IA,52002,(563) 583-7345,https://www.deerynissandubuque.com
EDWARDS NISSAN,920 32ND AVE,COUNCIL BLUFFS,IA,51501,(712) 366-9481,https://www.edwardsnissan.com
JOHN DEERY MOTORS,6823 UNIVERSITY AVE,CEDAR FALLS,IA,50613,(319) 277-6200,https://www.johndeerynissan.com
KUNES NISSAN OF DAVENPORT,3750 N HARRISON ST,DAVENPORT,IA,52806,(563) 445-4304,https://www.kunesnissan.com
LITHIA NISSAN OF AMES,2901 S DUFF AVE,AMES,IA,50010,(515) 239-3555,https://www.amesnissan.com
PRITCHARD NISSAN,4600 4TH STREET SW,MASON CITY,IA,50401,(641) 424-4033,https://www.pritchardsnissan.com
WILLIS NISSAN,4770 MERLE HAY RD,DES MOINES,IA,50322,(515) 253-0719,https://www.nissandesmoines.com
COEUR D'ALENE NISSAN,4301 N CROWN AVE,COEUR D'ALENE,ID,83815,(208) 618-5005,https://www.coeurdalenenissan.com
COLE NISSAN,1900 FLANDRO DRIVE,POCATELLO,ID,83202,(208) 232-1062,https://www.colenissanpocatello.com
DILLON NISSAN,8727 FAIRVIEW AVENUE,BOISE,ID,83704,(208) 388-4400,https://www.dennisdillonnissan.com
KENDALL NISSAN OF NAMPA,15885 IDAHO CENTER BLVD,NAMPA,ID,83687,(208) 258-7666,https://www.kendallnissannampa.com
ROB GREEN NISSAN,1080 BLUE LAKES BLVD N,TWIN FALLS,ID,83301,(208) 733-1825,https://www.robgreennissan.com
SAYER NISSAN,3125 SOUTH FORK BLVD,IDAHO FALLS,ID,83402,(208) 523-0603,https://www.sayernissan.com
AL PIEMONTE NISSAN,1600 W. NORTH AVENUE,MELROSE PARK,IL,60160,(708) 343-3800,https://www.apnissan.com
ANDERSON NISSAN,6555 EAST STATE STREET,ROCKFORD,IL,61108,(815) 633-3460,https://www.driveandersonnissan.com
ARLINGTON NISSAN IN ARLINGTON HEIGHTS,1100 W DUNDEE RD,ARLINGTON HEIGHTS,IL,60004,(847) 590-6100,https://www.arlingtonnissan.com
AUFFENBERG NISSAN,1130 AUFFENBERG AVE,SHILOH,IL,62269,(618) 624-2277,https://www.auffenbergnissan.com
BERMAN NISSAN OF CHICAGO,3456 N KEDZIE AVE,CHICAGO,IL,60618,(773) 282-6200,https://www.nissanchicago.com
BILL KAY'S DOWNERS GROVE NISSAN,1601 OGDEN AVE,DOWNERS GROVE,IL,60515,(630) 969-3200,https://www.downersgrovenissan.com
COUNTRYSIDE NISSAN,5750 S LAGRANGE ROAD,COUNTRYSIDE,IL,60525,(708) 352-9200,https://www.countrysidenissan.com
CROWN NISSAN OF DECATUR,165 W PERSHING RD,DECATUR,IL,62526,(217) 615-1611,https://www.crownnissanofdecatur.com
DIAL NISSAN OF CHICAGO,7410 S WESTERN AVE,CHICAGO,IL,60636,(773) 776-8200,https://www.dialnissan.com
DREAM NISSAN MIDWEST,1825 E EDWARDSVILLE RD,WOOD RIVER,IL,62095,(314) 475-1533,https://www.dreamnissanmidwest.com
GERALD NISSAN,1575 W OGDEN AVE,NAPERVILLE,IL,60540,(630) 355-3337,https://www.geraldnissannaperville.com
GERALD NISSAN OF MATTESON,5513 MILLER CIRCLE DR,MATTESON,IL,60443,(708) 720-8900,https://www.geraldnissanmatteson.com
GERALD NISSAN OF N AURORA,213 HANSEN BLVD,NORTH AURORA,IL,60542,(630) 907-0800,https://www.geraldnissannorthaurora.com
GLENDALE NISSAN,484 NORTH AVE,GLENDALE HEIGHTS,IL,60139,(630) 469-6100,https://www.glendalenissan.com
GREEN NISSAN,4801 W WABASH AVENUE,SPRINGFIELD,IL,62711,(217) 787-7620,https://www.greennissan.com
HAWK NISSAN OF LASALLE-PERU,3675 FRONTAGE RD,PERU,IL,61354,(815) 223-7000,https://www.hawknissanperu.com
HAWK NISSAN OF ST CHARLES,2535 E MAIN ST,ST CHARLES,IL,60174,(630) 584-1805,https://www.hawknissanstcharles.com
HOVE NISSAN,1405 N. KINZIE,BRADLEY,IL,60915,(815) 932-8600,https://www.hovenissan.com
ILLINI NISSAN,615 W. MARKETVIEW DRIVE,CHAMPAIGN,IL,61822,(217) 352-8910,https://www.illininissan.com
JIM M'LADY NISSAN,5656 NORTHWEST HWY,CRYSTAL LAKE,IL,60014,(815) 459-2288,https://www.mlady.com
JOURNEY NISSAN,3175 GRAND AVE,LINDENHURST,IL,60046,(847) 265-1122,https://www.journeynissanchi.com
KC SUMMERS NISSAN,2404 LAKE LAND BLVD,MATTOON,IL,61938,(217) 235-4136,https://www.kcsummersnissan.com
KELLY NISSAN,4300 W 95TH ST,OAK LAWN,IL,60453,(708) 499-1000,https://www.kellynissan.com
KEN NELSON AUTO PLAZA,928 N. GALENA AVE,DIXON,IL,61021,(815) 288-4455,https://www.kennelsonnissan.com
LIBERTY IMPORT CENTER,920 S MILWAUKEE AVE,LIBERTYVILLE,IL,60048,(847) 680-8000,https://www.libertyvillenissan.com
LOU FUSZ NISSAN OF MOLINE,2301 39TH AVE,MOLINE,IL,61265,(309) 764-6700,https://www.loufusznissanmoline.com
MONKEN NISSAN,1739 W MCCORD ST,CENTRALIA,IL,62801,(618) 545-5100,https://www.monkennissan.com
NISSAN OF ELGIN,2635 AUTO MALL DR,ELGIN,IL,60124,(847) 844-0185,https://www.elginnissan.com
NISSAN OF GALESBURG,2080 NORTH HENDERSON ST,GALESBURG,IL,61401,(309) 342-4121,https://www.galesburgcars.com
NISSAN OF SOUTH HOLLAND,16269 VAN DAM RD,SOUTH HOLLAND,IL,60473,(708) 333-2000,https://www.94nissan.com
O'BRIEN NISSAN OF BLOOMINGTON,2029 IRELAND GROVE RD,BLOOMINGTON,IL,61704,(309) 664-1222,https://www.obrienteamnissan.com
OLD ORCHARD NISSAN,5240 GOLF RD,SKOKIE,IL,60077,(847) 965-3460,https://www.oldorchardnissan.com
STAR NISSAN,5757 W TOUHY AVE,NILES,IL,60714,(847) 647-1555,https://www.starnissan.com
THOMAS NISSAN OF JOLIET,1421 N LARKIN AVE,JOLIET,IL,60435,(815) 741-5353,https://www.thomasnissanjoliet.com
UFTRING NISSAN,7400 N ALLEN RD,PEORIA,IL,61614,(309) 690-6200,https://www.uftringnissan.net
WATERMARK NISSAN OF MARION,3209 BANTERRA DRIVE,MARION,IL,62959,(618) 969-8222,https://www.nissanofmarion.com
WOODFIELD NISSAN,700 W HIGGINS RD,HOFFMAN ESTATES,IL,60169,(847) 310-1900,https://www.woodfieldnissan.com
ZEIGLER NISSAN OF ORLAND PARK,8550 W 159TH ST,ORLAND PARK,IL,60462,(708) 403-1300,https://www.zeiglernissanoforlandpark.com
ANDY MOHR AVON NISSAN,8867 E US HIGHWAY 36,AVON,IN,46123,(317) 279-3333,https://www.andymohravonnissan.com
COMMUNITY NISSAN OF BLOOMINGTON,2200 SOUTH WALNUT STREET,BLOOMINGTON,IN,47401,(812) 331-2300,https://www.communitynissan.net
COYLE NISSAN,1400 LEISURE WAY,CLARKSVILLE,IN,47129,(812) 218-1400,https://www.coylenissan.com
CRONIN NISSAN OF RICHMOND,5601 NATIONAL ROAD EAST,RICHMOND,IN,47374,(765) 966-4569,https://www.croninnissan.com
D-PATRICK NISSAN,4200 E DIVISION STREET,EVANSVILLE,IN,47715,(812) 473-6500,https://www.dpatricknissan.com
DEFOUW NISSAN OF LAFAYETTE,450 SAGAMORE PARKWAY S,LAFAYETTE,IN,47905,(765) 447-7575,https://www.defouwnissan.com
DORSETT NISSAN,105 WEST MAYFAIR DRIVE,TERRE HAUTE,IN,47802,(812) 232-5500,https://www.dorsettnissan.com
ED MARTIN NISSAN,802 N SHADELAND AVE,INDIANAPOLIS,IN,46219,(317) 359-9231,https://www.edmartinnissan.com
ED MARTIN NISSAN OF FISHERS,13397 BRITTON PARK ROAD,FISHERS,IN,46038,(317) 863-2424,https://www.edmartinnissanoffishers.com
FORT WAYNE NISSAN,4909 LIMA RD,FORT WAYNE,IN,46808,(260) 484-9500,https://www.fortwaynenissan.com
GURLEY-LEEP NISSAN,5210 N GRAPE ROAD,MISHAWAKA,IN,46545,(574) 277-5800,https://www.gurleyleepnissan.com
HUBLER NISSAN,8435 US HIGHWAY 31 SOUTH,INDIANAPOLIS,IN,46227,(317) 888-9227,https://www.hublernissan.com
MEMERING MOTORPLEX,1949 HART ST,VINCENNES,IN,47591,(812) 882-5367,https://www.memeringnissan.com
METRO NISSAN OF INDIANAPOLIS,4302 LAFAYETTE RD,INDIANAPOLIS,IN,46254,(317) 298-2000,https://www.metronissanofindy.com
NAPLETON NISSAN,1301 INDIANAPOLIS BLVD,SCHERERVILLE,IN,46375,(219) 865-5656,https://www.napletonnissanschererville.com
NISSAN OF COLUMBUS,3580 N NATIONAL RD,COLUMBUS,IN,47201,(812) 375-5525,https://www.nissanofcolumbusin.com
NISSAN OF WARSAW,2845 N DETROIT ST,WARSAW,IN,46582,(574) 267-5850,https://www.nissanofwarsaw.com
PHARR NISSAN OF CHESTERTON,220 VERPLANK RD,CHESTERTON,IN,46304,(219) 787-1777,https://www.pharrnissan.com
SOUTHLAKE NISSAN,4201 E LINCOLN HWY,MERRILLVILLE,IN,46410,(219) 947-1600,https://www.southlakenissan.com
TOM NAQUIN CHEVROLET-NISSAN,2500 W LEXINGTON AVE,ELKHART,IN,46514,(574) 293-8621,https://www.tomnaquinnissan.com
TOM WOOD NISSAN,4150 E 96TH ST,INDIANAPOLIS,IN,46240,(317) 848-8888,https://www.tomwoodnissan.com
BRIGGS AUTO GROUP,2500 STAGG HILL RD,MANHATTAN,KS,66502,(785) 537-8330,https://www.briggsnissan.com
CAPITAL CITY NISSAN OF TOPEKA,1980 SW TOPEKA BLVD,TOPEKA,KS,66612,(785) 267-6700,https://WWW.CAPNISSAN.COM
CONKLIN CARS HUTCHINSON,1400 E 11TH AVE,HUTCHINSON,KS,67501,(620) 662-4467,https://www.conklinnissanhutchinson.com
DREAM NISSAN,1900 N 100TH TERRACE,KANSAS CITY,KS,66109,(913) 400-4000,https://www.dreamnissan.com
DREAM NISSAN LAWRENCE,1110 E 23RD STREET,LAWRENCE,KS,66047,(785) 856-9220,https://www.dreamnissanlawrence.com
ELEVATED NISSAN,6960 W FRONTAGE ROAD,MERRIAM,KS,66203,(816) 941-0770,https://www.elevatednissan.com
JOHN NORTH NISSAN,3002 W HIGHWAY 50,EMPORIA,KS,66801,(620) 343-1700,https://www.johnnorthnissan.com
LEWIS NISSAN OF GARDEN CITY,1221 LAREU ROAD,GARDEN CITY,KS,67846,(620) 275-7171,https://www.lewisnissanofgardencity.com
MARSHALL MOTORINC,3550 S 9TH ST,SALINA,KS,67401,(785) 827-9641,https://www.marshallnissan.com
NISSAN OF OLATHE,15500 W 117TH STREET,OLATHE,KS,66062,(913) 738-1700,https://www.nissanofolathe.com
ORR NISSAN OF WICHITA,10625 E KELLOGG DRIVE,WICHITA,KS,67207,(316) 681-6900,https://www.orrnissanofwichita.com
BOB ALLEN MOTOR MALL,801 N MAPLE AVE,DANVILLE,KY,40422,(859) 236-3217,https://www.boballennissan.com
BYERLY NISSAN,4027 DIXIE HWY,LOUISVILLE,KY,40216,(502) 448-8222,https://www.byerlynissan.com
COLLINS NISSAN,4142 BARDSTOWN RD,LOUISVILLE,KY,40218,(502) 491-0882,https://www.collinsnissan.com
DON FRANKLIN GLASGOW NISSAN,1003 HAPPY VALLEY RD,GLASGOW,KY,42141,(270) 678-1300,https://www.donfranklinglasgownissan.com
DON FRANKLIN LEX NISSAN,3360 RICHMOND RD,LEXINGTON,KY,40509,(859) 263-5020,https://www.donfranklinlexingtonnissan.com
DON FRANKLIN SOMERSET NISSAN,2490 S HWY 27,SOMERSET,KY,42501,(606) 676-2424,https://www.donfranklinsomersetnissan.com
DON MOORE NISSAN,4216 FREDERICA ST,OWENSBORO,KY,42301,(270) 926-2500,https://www.donmoorenissan.com
DUTCH MILLER NISSAN OF ASHLAND,2701 WINCHESTER AVENUE,ASHLAND,KY,41101,(606) 329-2288,https://www.dealer31881.dealeron.com
FRANKLIN NISSAN,705 JAMESTOWN ST,COLUMBIA,KY,42728,(270) 384-6426,https://www.franklinnissanky.com
GATES NISSAN,4098 ATWOOD DR,RICHMOND,KY,40475,(859) 624-1515,https://www.gatesnissan.net
JEFF WYLER NISSAN OF LOUISVILLE,4136 SHELBYVILLE RD,LOUISVILLE,KY,40207,(502) 897-3151,https://www.jeffwylernissanoflouisville.com
JIM JOHNSON NISSAN,2200 SCOTTSVILLE RD,BOWLING GREEN,KY,42104,(270) 781-6770,https://www.jimjohnsonnissan.com
KERRY NISSAN,8053 BURLINGTON PIKE,FLORENCE,KY,41042,(859) 371-8191,https://www.kerrynissan.com
LEGACY NISSAN,395 W HIGHWAY 192,LONDON,KY,40741,(606) 878-7220,https://www.legacynissan.com
NEIL HUFFMAN NISSAN OF FRANKFORT,1220 VERSAILLES RD,FRANKFORT,KY,40601,(502) 848-0002,https://www.neilhuffmannissanfrankfort.com
NISSAN MADISONVILLE,1801 LANTAFF BLVD,MADISONVILLE,KY,42431,(270) 821-4100,https://www.nissanofmadisonville.com
NISSAN OF PADUCAH,3164 PARK AVE,PADUCAH,KY,42001,(270) 443-0946,https://www.nissanofpaducah.com
SWOPE NISSAN,1100 NORTH DIXIE HWY,ELIZABETHTOWN,KY,42701,(270) 765-6477,https://www.swopenissan.com
WALTERS NISSAN,30 WALTERS LN,PIKEVILLE,KY,41501,(606) 437-4005,https://www.waltersnissan.com
WHITE'S AUTOMALL NISSAN,10800 EAGLE WAY BYPASS,HOPKINSVILLE,KY,42240,(270) 886-6681,https://www.whitesautomallnissan.com
ALL STAR NISSAN,27700 JUBAN RD,DENHAM SPRINGS,LA,70726,(225) 272-9330,https://www.allstarnissan.com
BENOIT NISSAN,18944 JOHNNY HALL MEM HWY,DERIDDER,LA,70634,(337) 463-2290,https://www.benoitnissan.com
BILL HOOD NISSAN,318 N MORRISON BLVD,HAMMOND,LA,70401,(985) 345-0321,https://www.billhoodnissan.com
EDDIE TOURELLE'S NORTHPARK NISSAN,955 N HIGHWAY 190,COVINGTON,LA,70433,(985) 893-0079,https://www.northparknissan.com
GERI LYNN NISSAN,1772 MARTIN LUTHER KING,HOUMA,LA,70360,(985) 219-1111,https://www.gerilynnnissan.com
GILES NISSAN,6137 JOHNSTON ST,LAFAYETTE,LA,70503,(337) 988-1920,https://www.gilesnissan.com
GILES NISSAN OPELOUSAS,4383 I-49 S SERVICE ROAD,OPELOUSAS,LA,70570,(337) 942-2277,https://www.nissanofopelousas.com
LEBLANC NISSAN,2417 HIGHWAY 90 W,NEW IBERIA,LA,70560,(337) 364-4126,https://www.leblanciberianissan.com
LEGLUE NISSAN,6400 COLISEUM BLVD,ALEXANDRIA,LA,71303,(318) 767-3300,https://www.legluenissan.com
NAVARRE NISSAN,1700 SIEBARTH DR,LAKE CHARLES,LA,70615,(337) 439-9955,https://www.billynavarrenissan.com
ORR NISSAN,2323 VIKING DR,BOSSIER CITY,LA,71111,(318) 752-3000,https://bossiercitynissan.orrnissan.com
ORR NISSAN SOUTH,1240 E BERT KOUNS INDUSTR,SHREVEPORT,LA,71105,(318) 797-2424,https://shreveportnissan.orrnissan.com
PREMIER NISSAN OF HARVEY,4000 LAPALCO BLVD,HARVEY,LA,70058,(504) 367-1666,https://www.premiernissanofharvey.com
PREMIER NISSAN OF METAIRIE,6636 VETERANS MEMORIAL BL,METAIRIE,LA,70003,(504) 455-5800,https://www.premiernissan.net
PRICE LEBLANC NISSAN,14295 AIRLINE HWY,GONZALES,LA,70737,(225) 647-7261,https://www.priceleblancnissan.com
ROYAL NISSAN,9325 AIRLINE HWY,BATON ROUGE,LA,70815,(225) 924-0400,https://www.royalnissan.com
SPARKS NISSAN,1100 AUTOMALL DR,MONROE,LA,71203,(318) 322-1800,https://www.sparksnissan.com
SUPREME NISSAN OF SLIDELL,400 EAST HOWZE BEACH RD,SLIDELL,LA,70461,(985) 643-7600,https://www.supremenissanofslidell.com
XTREME NISSAN,13050 I-10 SERVICE ROAD,NEW ORLEANS,LA,70128,(504) 245-5900,https://www.xtremenissan.com
BALISE NISSAN OF WEST SPRINGFIELD,500 RIVERDALE ST,WEST SPRINGFIELD,MA,1089,(413) 746-2266,https://www.balisenissanwestspringfield.com
BATTLES NISSAN,60 MACARTHUR BLVD,BOURNE,MA,2532,(508) 759-4400,https://www.battlesnissan.com
BERTERA NISSAN,569 OXFORD ST S,AUBURN,MA,1501,(508) 832-9611,https://www.berteranissan.com
COASTAL NISSAN,109 ACCORD PARK DR,NORWELL,MA,2061,(781) 610-1000,https://www.coastalnissan.com
COLONIAL NISSAN/MEDFORD,100-104 MYSTIC AVE,MEDFORD,MA,2155,(781) 395-5300,https://www.buycolonialnissan.com
COMMONWEALTH NISSAN,ONE COMMONWEALTH DRIVE,LAWRENCE,MA,1841,(978) 687-3000,https://www.commonwealthnissan.com
COUNTRY NISSAN,40 RUSSELL ST,HADLEY,MA,1035,(413) 774-3121,https://www.countrynissan.com
CURRY NISSAN CHICOPEE,765 MEMORIAL DRIVE,CHICOPEE,MA,1020,(413) 474-6800,https://www.currynissanma.com
DARTMOUTH NISSAN,483 STATE ROAD,NORTH DARTMOUTH,MA,2747,(508) 996-3200,https://www.dartmouthnissan.com
ICON NISSAN OF CHELMSFORD,95 DRUM HILL RD,CHELMSFORD,MA,1824,(978) 746-2500,https://www.iconnissanusa.com
KELLY NISSAN OF LYNNFIELD,271-275 BROADWAY,LYNNFIELD,MA,1940,(781) 598-1234,https://www.kellynissanoflynnfield.com
KELLY NISSAN OF WOBURN,95 CEDAR STREET,STONEHAM,MA,2180,(781) 835-3500,https://www.kellynissanofwoburn.com
MARLBORO NISSAN,740 BOSTON POST ROAD,MARLBOROUGH,MA,1752,(508) 481-3232,https://www.marlboronissan.com
MASTRIA NISSAN,1305 NEW STATE HWY,RAYNHAM,MA,2767,(508) 824-8614,https://www.mastrianissan.com
MCGOVERN NISSAN OF WELLESLEY,962 WORCESTER STREET,WELLESLEY,MA,2482,(508) 656-2980,https://www.mcgovernnissanofwellesley.com
MILFORD NISSAN,320 EAST MAIN STREET,MILFORD,MA,1757,(508) 422-8000,https://www.milfordnissan.com
NISSAN 24,1016 BELMONT ST,BROCKTON,MA,2301,(508) 588-9520,https://www.nissan24auto.com
NUCAR NISSAN OF NORTH ATTLEBORO,685 SOUTH WASHINGTON ST,NORTH ATTLEBORO,MA,2761,(508) 695-3515,https://www.nucarnissannorthattleboro.com
NUCAR NISSAN OF NORWOOD,525 BOSTON PROVIDENCE HWY,NORWOOD,MA,2062,(781) 269-6232,https://www.nucarnissannorwood.com
QUIRK NISSAN,600 SOUTHERN ARTERY,QUINCY,MA,2169,(617) 472-6700,https://www.quirknissan.com
RON BOUCHARD NISSAN,490 OLD UNION TURNPIKE,LANCASTER,MA,1523,(978) 345-1800,https://www.ronbouchardnissan.com
ROUTE 9 NISSAN,273 TURNPIKE ROAD,WESTBOROUGH,MA,1581,(508) 389-4300,https://www.route9nissanauto.com
SULLIVAN BROS NISSAN,1 CRANBERRY RD,KINGSTON,MA,2364,(781) 585-7500,https://www.sullivanbrothersnissan.com
ANNAPOLIS NISSAN,2542 RIVA ROAD,ANNAPOLIS,MD,21401,(410) 224-0707,https://www.annapolisnissan.com
ANTWERPEN NISSAN,12451 AUTO DR,CLARKSVILLE,MD,21029,(410) 531-5703,https://www.antwerpennissan.com
ANTWERPEN SECURITY NISSAN,1701 WOODLAWN DR,BALTIMORE,MD,21207,(410) 298-4400,https://www.antwerpensecuritynissan.com
BEL AIR NISSAN,1506 BEL AIR RD,BEL AIR,MD,21014,(410) 879-1133,https://www.belairnissan.com
BOB BELL CHEVROLET/NISSAN,7900 EASTERN AVE,BALTIMORE,MD,21224,(410) 288-2500,https://www.bobbellnissan.com
CRISWELL NISSAN,19574 AMARANTH DR,GERMANTOWN,MD,20874,(301) 670-3900,https://www.criswellnissan.com
DARCARS NISSAN,15911 INDIANOLA DR,ROCKVILLE,MD,20855,(301) 309-2200,https://www.darcarsnissan.com
DARCARS NISSAN OF COLLEGE PARK,9330 BALTIMORE AVE.,COLLEGE PARK,MD,20740,(301) 441-8000,https://www.darcarsnissanofcollegepark.com
EASTERNS NISSAN OF WHITE MARSH,5361 NOTTINGRIDGE ROAD,WHITE MARSH,MD,21162,(443) 270-9000,https://www.nissanofwhitemarsh.com
HAMILTON NISSAN,1929 DUAL HWY,HAGERSTOWN,MD,21740,(301) 733-7222,https://www.hamiltonnissan.com
JIM COLEMAN NISSAN OF BETHESDA,10400 C AUTO PARK AVE,BETHESDA,MD,20817,(301) 469-2100,https://www.jimcolemannissan.com
JIM COLEMAN NISSAN OF ELLICOTT CITY,8569 BALTIMORE NAT'L PIKE,ELLICOTT CITY,MD,21043,(410) 465-5550,https://www.jimcolemannissanec.com
JIM COLEMAN NISSAN OF SILVER SPRING,3221 AUTOMOBILE BLVD,SILVER SPRING,MD,20904,(301) 890-2800,https://www.nissanofsilverspring.com
NATIONWIDE NISSAN,22 W TIMONIUM ROAD,TIMONIUM,MD,21093,(410) 252-8000,https://www.nationwide-nissan.com
NISSAN OF BOWIE,2200 CRAIN HIGHWAY,BOWIE,MD,20716,(301) 867-6150,https://www.nissanofbowie.com
NISSAN OF LEXINGTON PARK,22757 THREE NOTCH ROAD,CALIFORNIA,MD,20619,(240) 895-8210,https://www.nissanoflexingtonpark.com
OURISMAN NISSAN,3514 FORT MEADE RD,LAUREL,MD,20724,(301) 725-4400,https://www.ourismannissan.com
PASSPORT NISSAN OF MARLOW HEIGHTS,5000 AUTH WAY,SUITLAND,MD,20746,(301) 423-8400,https://www.passportnissanmd.com
POHANKA NISSAN OF SALISBURY,2012 N SALISBURY BLVD,SALISBURY,MD,21801,(410) 548-4700,https://www.pohankanissanmd.com
SHEEHY NISSAN,7232 RITCHIE HWY,GLEN BURNIE,MD,21061,(410) 760-3500,https://www.sheehynissanglenburnie.com
SHEEHY NISSAN OF WALDORF,2950 CRAIN HWY,WALDORF,MD,20601,(301) 843-5300,https://www.sheehynissanwaldorf.com/
TIMBROOK NISSAN,10345 MOUNT SAVAGE RD NW,CUMBERLAND,MD,21502,(301) 777-8600,https://www.timbrooknissan.com
YOUNGER NISSAN OF FREDERICK,7418 GROVE ROAD,FREDERICK,MD,21704,(301) 662-0111,https://www.youngernissan.com
BERLIN CITY NISSAN OF PORTLAND,227 MAINE MALL RD,SOUTH PORTLAND,ME,4106,(207) 774-0084,https://www.berlincitynissanme.com
BILL DODGE NISSAN OF SACO,852 PORTLAND ROAD,SACO,ME,4072,(207) 283-3999,https://www.billdodgenissan.com
CHARLIE'S NISSAN,465 WESTERN AVE,AUGUSTA,ME,4330,(207) 622-7327,https://www.charliesnissan.com
DARLING'S NISSAN,114 SYLVAN RD,BANGOR,ME,4401,(207) 941-1460,https://www.darlingsnissan.com
LEE NISSAN OF AUBURN,793 CENTER ST,AUBURN,ME,4212,(207) 783-2291,https://www.leenissanauburn.com
LEE NISSAN OF TOPSHAM,107 MAIN STREET,TOPSHAM,ME,4086,(207) 837-6512,https://www.leenissanoftopsham.com
MARC MOTORS,1744 MAIN ST,SANFORD,ME,4073,(207) 324-3454,https://www.marcmotorsnissan.com
COLE NISSAN,3003 STADIUM DRIVE,KALAMAZOO,MI,49008,(269) 342-9800,https://www.cole-nissan.com
DEMAAGD GMC-NISSAN,333 W DICKMAN RD,BATTLE CREEK,MI,49037,(269) 963-5538,https://www.demaagdnissan.net
FOX ANN ARBOR NISSAN,3977 JACKSON ROAD,ANN ARBOR,MI,48103,(734) 663-7770,https://www.foxannarbornissan.com
FOX NISSAN OF GRAND RAPIDS,4430 28TH ST SE,KENTWOOD,MI,49512,(616) 942-8040,https://www.foxnissan.com
GARBER NISSAN,5450 BAY RD,SAGINAW,MI,48604,(989) 790-0120,https://www.garbernissan.net
GERWECK NISSAN,15407 S MONROE ST,MONROE,MI,48161,(734) 457-0100,https://www.gerwecknissan.com
GRAFF NISSAN / OKEMOS,1728 GRAND RIVER AVENUE,OKEMOS,MI,48864,(517) 679-8900,https://www.graffnissanofokemos.com
GRAND BLANC NISSAN,8346 N. HOLLY RD,GRAND BLANC,MI,48439,(810) 893-6510,https://www.grandblancnissan.net
JACKSON NISSAN,2400 SEYMOUR ROAD,JACKSON,MI,49201,(517) 788-8300,https://www.jacksonnissan.us
JEFFREY NISSAN,30800 GRATIOT AVE,ROSEVILLE,MI,48066,(586) 460-7229,https://www.jeffreynissan.com
LAFONTAINE NISSAN TROY,1816 MAPLELAWN DR,TROY,MI,48084,(248) 422-3033,https://www.lafontainenissantroy.com
MY NISSAN OF GRAND RAPIDS,3985 PLAINFIELD AVE NE,GRAND RAPIDS,MI,49525,(616) 361-7361,https://www.mynissanofgrandrapids.com
NISSAN OF CANTON,42175 MICHIGAN AVE,CANTON,MI,48188,(734) 495-1000,https://www.nissanofcanton.com
NISSAN OF DEARBORN,24501 MICHIGAN AVE,DEARBORN,MI,48124,(313) 749-3200,https://www.nissanofdearborn.com
NISSAN OF MACOMB,22100 HALL RD,CLINTON TOWNSHIP,MI,48038,(586) 913-0600,https://www.nissanofmacomb.com
NISSAN OF MUSKEGON,1860 E STERNBERG RD,MUSKEGON,MI,49444,(231) 799-2886,https://www.nissanofmuskegon.com
RIVERSIDE NISSAN MARQUETTE,3330 US-41 WEST,MARQUETTE,MI,49855,(906) 228-8570,https://www.marquettenissan.com
SERRA NISSAN OF TRAVERSE CITY,1301 S GARFIELD AVE,TRAVERSE CITY,MI,49686,(231) 946-5540,https://www.traversecitynissan.com
SUBURBAN NISSAN OF FARMINGTON HILLS,37901 GRAND RIVER AVE,FARMINGTON HILLS,MI,48335,(248) 471-0044,https://www.SUBURBANNISSANOFFARMINGTONHILLS.COM
TAMAROFF NISSAN,28585 TELEGRAPH RD,SOUTHFIELD,MI,48034,(248) 283-3660,https://www.tamaroffnissan.com
TONY SERRA HIGHLAND NISSAN,2530 E HIGHLAND ROAD,HIGHLAND,MI,48356,(248) 887-8900,https://www.tonyserrahighlandnissan.com
ZEIGLER NISSAN OF HOLLAND,870 CHICAGO DR,HOLLAND,MI,49423,(616) 396-0441,https://www.zeiglernissnofholland.com
DAVE SYVERSON NISSAN,2310 E MAIN ST,ALBERT LEA,MN,56007,(507) 373-1438,https://www.syversonnissan.com
EDEN PRAIRIE NISSAN,12790 PLAZA DRIVE,EDEN PRAIRIE,MN,55344,(952) 567-2100,https://www.edenprairienissan.com
KLINE NISSAN,3090 N HIGHWAY 61,MAPLEWOOD,MN,55109,(651) 379-4300,https://www.klinenissan.com
KRENZEN NISSAN,2500 MALL DR,DULUTH,MN,55811,(218) 727-2905,https://www.krenzennissan.com
LUPIENT NISSAN,7910 LAKELAND AVENUE,BROOKLYN PARK,MN,55445,(763) 765-1500,https://www.lupientnissan.com
LUTHER NISSAN,1470 50TH ST E,INVER GROVE HGTS,MN,55077,(651) 457-5757,https://www.luthernissan.com
MANKATO NISSAN,2031 FERN LAKE ROAD,MANKATO,MN,56001,(507) 625-5641,https://www.mankatonissan.com
MILLER NISSAN,2930 2ND STREET SOUTH,SAINT CLOUD,MN,56301,(320) 251-1363,https://www.millernissanstcloud.com
MILLS NISSAN,3700 US HWY 71 SOUTH,WILLMAR,MN,56201,(320) 231-1160,https://www.millsnissanwillmar.com
NISSAN OF ROCHESTER,4642 HIGHWAY 52 NORTH,ROCHESTER,MN,55901,(507) 361-5900,https://www.nissanofrochester.com
TANNER NISSAN,620 WEST WASHINGTON ST.,BRAINERD,MN,56401,(218) 829-1465,https://www.tannernissan.com
WALSER NISSAN BURNSVILLE,14750 BUCK HILL RD,BURNSVILLE,MN,55306,(952) 435-5550,https://www.walsernissan.com
WALSER NISSAN COON RAPIDS,3300 129TH AVENUE NW,COON RAPIDS,MN,55448,(763) 205-7710,https://www.walsernissancoonrapids.com
WALSER NISSAN WAYZATA,15906 WAYZATA BLVD,WAYZATA,MN,55391,(952) 475-3939,https://www.walsernissanwayzata.com
AL WEST NISSAN,2540 NORTH BISHOP AVE,ROLLA,MO,65401,(573) 308-1233,https://www.alwestnissan.com
AUTOCENTERS NISSAN,1277 MCNUTT STREET,HERCULANEUM,MO,63048,(636) 232-0333,https://www.autocentersnissan.com
BOMMARITO NISSAN BALLWIN,14747 MANCHESTER ROAD,BALLWIN,MO,63011,(636) 394-0330,https://www.bommaritonissanballwin.com
BOMMARITO NISSAN HAZELWOOD,661 DUNN RD,HAZELWOOD,MO,63042,(314) 731-2228,https://www.bommaritonissanhazelwood.com
FRANK FLETCHER NISSAN,2327 S. RANGE LINE ROAD,JOPLIN,MO,64804,(417) 781-1177,https://www.fletchernissanstore.com
JOE MACHENS NISSAN,201 NEBRASKA AVE,COLUMBIA,MO,65203,(573) 443-1660,https://www.joemachensnissan.com
JOHN SINCLAIR NISSAN,478 SIEMERS DRIVE,CAPE GIRARDEAU,MO,63701,(573) 334-9611,https://www.johnsinclairnissan.com
MORLAN NISSAN,1532 W BUSINESS HWY 60,DEXTER,MO,63841,(573) 624-2772,https://www.morlannissan.com
NAPLETON ST LOUIS NISSAN,10964 PAGE AVE,ST LOUIS,MO,63132,(314) 997-3400,https://www.napletonnissan.com
NISSAN OF JEFFERSON CITY,3219 MISSOURI BLVD,JEFFERSON CITY,MO,65109,(573) 893-2427,https://www.nissanofjeffersoncity.com
ROLLING HILLS NISSAN,3801 SHERMAN AVE,SAINT JOSEPH,MO,64506,(888) 270-6482,https://www.rollinghillsnissan.com
SPRINGFIELD NISSAN,3505 S CAMPBELL AVENUE,SPRINGFIELD,MO,65807,(417) 882-3838,https://www.springfieldmonissan.com
ST CHARLES NISSAN,5625 VETERANS MEMORIAL PK,SAINT PETERS,MO,63376,(636) 441-4481,https://www.stcharlesnissan.com
STATE LINE NISSAN,10401 MADISON AVE,KANSAS CITY,MO,64114,(816) 942-4007,https://www.statelinenissan.com
SUNTRUP NISSAN VOLKSWAGEN,6000 S LINDBERGH BLVD,SAINT LOUIS,MO,63123,(314) 892-8200,https://www.suntrupnissan.com
WOOD NISSAN OF LEE'S SUMMIT,1025 SE OLDHAM PKWY,LEE'S SUMMIT,MO,64081,(816) 600-4000,https://www.woodnissan.com
WOOD NISSAN OF TIFFANY SPRINGS,9600 NW PRAIRIE VIEW ROAD,KANSAS CITY,MO,64153,(816) 801-8600,https://www.woodnissants.com
BLACKBURN NISSAN,2195 NORTH FRONTAGE RD,VICKSBURG,MS,39180,(601) 661-7565,https://www.blackburnnissan.com
CANNON NISSAN,69900 HIGHWAY 82 W,GREENWOOD,MS,38930,(662) 453-4211,https://www.cannonnissan.com
CANNON NISSAN JACKSON,905 I-20 FRONTAGE RD,JACKSON,MS,39204,(601) 360-7490,https://www.cannonnissanofjackson.com
CANNON NISSAN OF LAUREL,2516 HIGHWAY 15 N,LAUREL,MS,39440,(601) 649-4800,https://www.cannonnissanoflaurel.com
CANNON NISSAN OF MOSS POINT,6501 HWY 63,MOSS POINT,MS,39563,(228) 762-2644,https://www.cannonnissanmosspoint.com
CANNON NISSAN OF OXFORD,479 HIGHWAY 6 W,OXFORD,MS,38655,(662) 236-3300,https://www.cannonnissanofoxford.com
CARLOCK NISSAN OF TUPELO,3969 N GLOSTER ST,TUPELO,MS,38804,(662) 844-3113,https://www.carlocknissanoftupelo.com
COLUMBUS NISSAN,100 HIGHWAY 12 E,COLUMBUS,MS,39702,(662) 328-6691,https://www.columbusnissan.com
GRAY-DANIELS NISSAN BRANDON,108 GRAY DANIELS BLVD,BRANDON,MS,39042,(601) 948-3050,https://www.graydanielsnissanbrandon.com
GRAY-DANIELS NISSAN NORTH,6080 I-55 N FRONTAGE RD,JACKSON,MS,39211,(601) 956-7522,https://www.graydanielsnissanofjackson.com
GRENADA NISSAN,2105 SUNSET DRIVE,GRENADA,MS,38901,(662) 226-2116,https://www.grenadanissanusa.com
GULFPORT NISSAN,9480 U.S. HIGHWAY 49,GULFPORT,MS,39503,(228) 864-6411,https://www.gulfportnissan.com
JAMES CERANTI NISSAN,3130 HIGHWAY 82 E,GREENVILLE,MS,38703,(662) 335-3505,https://www.jamescerantinissan.net
LANDERS NISSAN,371 EAST GOODMAN RD,SOUTHAVEN,MS,38671,(662) 349-5557,https://www.landersnissan.com
MATT BOWERS NISSAN OF SOUTH MISSISSIPPI,11600 BOBBY ELEUTERIUS BL,D'IBERVILLE,MS,39540,(228) 220-0800,https://www.mbnissansouthms.com
NATCHEZ NISSAN,203 D'EVEREAUX DRIVE,NATCHEZ,MS,39120,(601) 492-2222,https://www.natcheznissan.com
NISSAN OF CORINTH,813 SOUTH PARKWAY ST,CORINTH,MS,38834,(662) 286-6006,https://www.corinthnissan.com
NISSAN OF MERIDIAN,1106 N FRONTAGE RD,MERIDIAN,MS,39301,(601) 481-2320,https://www.nissanofmeridian.com
NISSAN OF PICAYUNE,239 FRONTAGE RD,PICAYUNE,MS,39466,(601) 889-5454,https://www.nissanofpicayune.com
PAUL BARNETT NISSAN,845 BROOKWAY BLVD,BROOKHAVEN,MS,39601,(601) 833-9124,https://www.pbnissan.com
PETRO NISSAN,6248 US HIGHWAY 98,HATTIESBURG,MS,39402,(601) 264-4411,https://www.petronissan.com
CLARK NISSAN,2915 HWY 93 S,KALISPELL,MT,59901,(406) 755-2277,https://www.clarknissankalispell.com
DENNY MENHOLT NISSAN,3710 ZOO DRIVE,BILLINGS,MT,59106,(406) 655-1111,https://www.billingsnissan.com
JC BILLION NISSAN,380 AUTOMOTIVE AVENUE,BOZEMAN,MT,59718,(406) 582-7777,https://www.jcbillionnissan.com
MISSOULA NISSAN HYUNDAI,2715 BROOKS ST,MISSOULA,MT,59801,(406) 549-5178,https://www.missoulanissan.com
TAYLOR'S AUTOMAX BUICK GMC NISSAN,4100 10TH AVENUE SOUTH,GREAT FALLS,MT,59405,(406) 727-0380,https://www.taylorsautomaxnissan.com
ASHEBORO NISSAN,1635 E DIXIE DR,ASHEBORO,NC,27203,(336) 625-2500,https://www.asheboronissan.com
BEN MYNATT NISSAN,629 JAKE ALEXANDER BLVD S,SALISBURY,NC,28147,(704) 633-7270,https://www.benmynattnissan.com
CAPITAL NISSAN OF WILMINGTON,5501 MARKET ST,WILMINGTON,NC,28405,(910) 392-4300,https://www.capitalnissan.com
CAROLINA NISSAN,1329 HUFFMAN MILL RD,BURLINGTON,NC,27215,(336) 584-0201,https://www.carolinanissan.com
CLASSIC NISSAN OF SANFORD,3305 NC HIGHWAY 87 SOUTH,SANFORD,NC,27332,(877) 399-4830,https://www.classicnissansanford.com
CROSSROADS NISSAN OF WAKE FOREST,11120 CAPITAL BLVD,WAKE FOREST,NC,27587,(919) 435-5700,https://www.crossroadsnissanwf.com
DEACON JONES NISSAN,3305 MCLAIN STREET,GOLDSBORO,NC,27534,(919) 734-2411,https://www.deaconjonesnissan.com
DISCOVERY NISSAN,631 S POST RD,SHELBY,NC,28152,(980) 295-1600,https://www.discoverynissan.com
DON WILLIAMSON NISSAN,310 WESTERN BLVD,JACKSONVILLE,NC,28546,(910) 353-7700,https://www.dwnissan.com
EAST CHARLOTTE NISSAN,6901 E INDEPENDENCE BLVD,CHARLOTTE,NC,28227,(704) 535-4012,https://www.eastcharlottenissan.com
FLOW NISSAN OF FAYETTEVILLE,4559 RAEFORD ROAD,FAYETTEVILLE,NC,28304,(910) 323-4400,https://www.flownissanfayetteville.com
FLOW NISSAN OF STATESVILLE,949 FOLGER DRIVE,STATESVILLE,NC,28625,(704) 872-8500,https://www.flownissanstatesville.com
FRED ANDERSON NISSAN OF ASHEVILLE,629 BREVARD ROAD,ASHEVILLE,NC,28806,(828) 252-0000,https://www.andersonnissan.com
FRED ANDERSON NISSAN OF RALEIGH,9225 GLENWOOD AVE,RALEIGH,NC,27617,(919) 787-0254,https://www.nissanofraleigh.com
FRIENDSHIP NISSAN OF FOREST CITY,156 OAK STREET EXTENSION,FOREST CITY,NC,28043,(828) 245-1661,https://www.friendshipnissan.com
GASTONIA NISSAN,2275 E FRANKLIN BLVD,GASTONIA,NC,28054,(704) 867-0000,https://www.mygastonianissan.com
GREENSBORO NISSAN,3900 W WENDOVER AVE,GREENSBORO,NC,27407,(336) 292-9191,https://www.greensboronissan.com
GREENVILLE NISSAN,991 GREENVILLE BLVD SW,GREENVILLE,NC,27834,(252) 756-1738,https://www.greenvillenissan.com
GRIFFIN NISSAN,1780 E. BROAD AVE,ROCKINGHAM,NC,28379,(910) 997-5516,https://www.griffinnissan.com
LEE NISSAN,4170 RALEIGH RD PKWY WEST,WILSON,NC,27896,(252) 237-4400,https://www.leenissan.com
LEITH NISSAN,2100 AUTO PARK BLVD,CARY,NC,27511,(919) 589-0029,https://www.leithnissan.com
MCNEILL NISSAN OF WILKESBORO,1933 US HIGHWAY 421B,WILKESBORO,NC,28697,(336) 838-3167,https://www.mcneillnissan.com
MICHAEL JORDAN NISSAN,3930 CHAPEL HILL BLVD,DURHAM,NC,27707,(919) 489-3800,https://www.michaeljordannissan.com
MODERN NISSAN,5795 UNIVERSITY PKWY,WINSTON-SALEM,NC,27105,(336) 767-8260,https://www.modernnissanofwinstonsalem.com
MODERN NISSAN OF CONCORD,967 CONCORD PKWY S,CONCORD,NC,28027,(704) 788-2110,https://www.modernnissanofconcord.com
MODERN NISSAN OF HICKORY,840 US HIGHWAY 70 SE,HICKORY,NC,28602,(828) 324-5040,https://www.modernnissanofhickory.com
MODERN NISSAN OF LAKE NORMAN,18615 STATESVILLE RD,CORNELIUS,NC,28031,(704) 237-5100,https://www.modernnissanoflakenorman.com
MONROE NISSAN,5510 WEST HWY 74,INDIAN TRAIL,NC,28110,(980) 313-8400,https://www.monroenissan.com
MOUNT AIRY NISSAN,1994 ROCKFORD ST,MOUNT AIRY,NC,27030,(336) 786-8371,https://www.mountairynissan.com
NISSAN OF BOONE,135 INNOVATION DRIVE,BOONE,NC,28607,(828) 264-7726,https://www.nissanofboone.com
NISSAN OF CLINTON,412 SOUTHEAST BLVD,CLINTON,NC,28328,(910) 590-2005,https://www.nissanofclinton.com
NISSAN OF ELIZABETH CITY,1712 N ROAD STREET,ELIZABETH CITY,NC,27909,(252) 338-5161,https://www.nissanofelizabethcity.com
NISSAN OF HENDERSONVILLE,1340 SPARTANBURG HWY,HENDERSONVILLE,NC,28792,(828) 697-2222,https://www.nissanofhendersonville.com
NISSAN OF LUMBERTON,1949 ROBERTS AVE,LUMBERTON,NC,28358,(910) 739-8371,https://www.nissanoflumberton.com
NISSAN OF ROANOKE RAPIDS,407 PREMIER BLVD,ROANOKE RAPIDS,NC,27870,(252) 537-1041,https://www.nissanroanokerapids.com
NISSAN OF ROCKY MOUNT,851 N WESLEYAN BLVD,ROCKY MOUNT,NC,27804,(252) 977-9600,https://www.nissanrockymount.com
REIDSVILLE NISSAN,1123 FREEWAY DRIVE,REIDSVILLE,NC,27320,(336) 342-5741,https://www.reidsvillenissan.com
RIVERSIDE NISSAN OF NEW BERN,3315 US HIGHWAY 70 E,NEW BERN,NC,28560,(252) 636-1000,https://www.riversidenissannewbern.com
SOUTH CHARLOTTE NISSAN,9215 SOUTH BLVD,CHARLOTTE,NC,28273,(704) 552-9191,https://www.scottclarknissan.com
SOUTHERN PINES NISSAN,10910 S US HWY 15-501,SOUTHERN PINES,NC,28387,(910) 684-1010,https://www.southernpinesnissan.com
VANN YORK'S HIGH POINT NISSAN,1810 S MAIN ST,HIGH POINT,NC,27260,(336) 884-4122,https://www.vannyorknissan.com
GATEWAY NISSAN,441 38TH STREET SOUTH,FARGO,ND,58103,(701) 232-8442,https://www.fargonissan.com
NISSAN OF BISMARCK,1026 NE 57TH AVENUE,BISMARCK,ND,58503,(701) 258-1944,https://www.nissanofbismarck.com
RYAN NISSAN,3915 S BROADWAY,MINOT,ND,58701,(701) 852-3915,https://www.ryannissan.com
RYDELL NISSAN OF GRAND FORKS,3220 S WASHINGTON ST,GRAND FORKS,ND,58201,(701) 746-9323,https://www.gfnissan.com
BILL SUMMERS NISSAN,3301 S JEFFERS ST,NORTH PLATTE,NE,69101,(308) 532-2500,https://www.billsummersnissan.com
CORNHUSKER NISSAN OF NORFOLK,2125 KRENZIEN DR,NORFOLK,NE,68701,(402) 371-3002,https://www.cornhuskernissan.com
NISSAN OF OMAHA,17410 BURT STREET,OMAHA,NE,68118,(402) 493-4000,https://www.nissanofomaha.com
SID DILLON NISSAN,2627 KENDRA LANE,LINCOLN,NE,68512,(402) 464-6500,https://www.siddillonnissan.com
WOODHOUSE NISSAN,7801 NEBRASKA DR,BELLEVUE,NE,68005,(402) 731-2622,https://www.woodhousenissan.com
WOODHOUSE PLACE NISSAN,8508 S 145TH STREET,OMAHA,NE,68138,(402) 592-1065,https://www.woodhouseplacenissan.com
CONCORD NISSAN,175 MANCHESTER ST,CONCORD,NH,3301,(603) 224-1300,https://www.concordnissan.com
ECODRIVE NISSAN OF GORHAM,485 MAIN ST,GORHAM,NH,3581,(603) 752-6644,https://www.ecodriveautomall.com
MCFARLAND NISSAN,45 PORTSMOUTH AVE,STRATHAM,NH,3885,(603) 580-4500,https://www.mcfarlandnissan.com
NISSAN OF LEBANON,51 EVANS DR,LEBANON,NH,3766,(603) 448-3500,https://www.nissanoflebanonnh.com
NUCAR NISSAN OF KEENE,544 MONADNOCK HWY,SWANZEY,NH,3446,(603) 357-7945,https://www.nucarnissankeene.com
NUCAR NISSAN OF TILTON,40 EAST MAIN ST,TILTON,NH,3276,(603) 286-3500,https://www.nucarnissantilton.com
PETER'S NISSAN OF NASHUA,280 AMHERST ST,NASHUA,NH,3063,(603) 889-1166,https://www.petersnissanofnashua.com
PORT CITY NISSAN,120 SPAULDING TURNPIKE,PORTSMOUTH,NH,3801,(603) 431-6500,https://www.portcitynissan.com
SALEM NISSAN,93 S BROADWAY,SALEM,NH,3079,(603) 894-4300,https://www.salemnissan.com
SOMERSWORTH NISSAN,285 ROUTE 108,SOMERSWORTH,NH,3878,(603) 692-5200,https://www.somersworthnissan.com
TEAM NISSAN,70 KELLER ST,MANCHESTER,NH,3103,(603) 644-8326,https://www.teamnissannh.com
ACME NISSAN,2050 U.S. 130,SOUTH BRUNSWICK,NJ,8852,(732) 821-9300,https://www.acmenissan.com
BRIDGEWATER NISSAN,1400 ROUTE 22,BRIDGEWATER,NJ,8807,(908) 722-3600,https://www.bridgewaternissan.com
CAUSEWAY NISSAN,435 ROUTE 72 WEST,MANAHAWKIN,NJ,8050,(609) 978-6700,https://www.causewaynissan.com
CHERRY HILL NISSAN,RT 38 AND CHURCH ROAD,CHERRY HILL,NJ,8002,(856) 667-8300,https://www.cherryhillnissan.com
EDISON NISSAN,401 U.S. ROUTE 1,EDISON,NJ,8817,(732) 867-0400,https://www.myedisonnissan.com
EMPIRE NISSAN OF HILLSIDE,56 ROUTE 22 EAST,HILLSIDE,NJ,7205,(908) 964-8700,https://www.shopempirenissanofhillside.com
FRED BEANS NISSAN OF FLEMINGTON,172 US HIGHWAY 202,FLEMINGTON,NJ,8822,(908) 336-0099,https://www.fredbeansnissanflemington.com
GENERATION NISSAN,545 ROUTE 22 W,NORTH PLAINFIELD,NJ,7060,(908) 755-6400,https://www.generationnissan.com
HILLTOP NISSAN,258 ROUTE 10,EAST HANOVER,NJ,7936,(973) 887-5400,https://www.hilltopnissan.com
HUDSON NISSAN,585 STATE ROUTE 440,JERSEY CITY,NJ,7305,(201) 435-2003,https://www.hudsonnissan.com
LYNNES NISSAN CITY,318 BLOOMFIELD AVE,BLOOMFIELD,NJ,7003,(973) 743-2111,https://www.lynnesnissan.com
MATT BLATT NISSAN,6021 BLACK HORSE PIKE,EGG HARBOR TWNSHP,NJ,8234,(609) 383-6100,https://mattblattnissan.com
MOUNT HOLLY NISSAN,1513 ROUTE 38,HAINESPORT,NJ,8036,(609) 267-2886,https://www.mthollynissan.com
NIELSEN NISSAN,59 ROUTE 206,STANHOPE,NJ,7874,(973) 347-2200,https://www.nielsennissan.com
NISSAN 46,440 ROUTE 46,TOTOWA,NJ,7512,(973) 256-1200,https://www.route46nissan.com
NISSAN CITY OF RED BANK,120 NEWMAN SPRINGS RD E,RED BANK,NJ,7701,(732) 741-2433,https://www.nissancitynj.com
NISSAN CITY OF SPRINGFIELD,146-162 RT 22 WEST,SPRINGFIELD,NJ,7081,(973) 376-8821,https://www.springfieldnissan.com
NISSAN OF TURNERSVILLE,3400 ROUTE 42,TURNERSVILLE,NJ,8012,(856) 629-1900,https://www.nissanofturnersville.com
PINE BELT AUTOMOTIVE,229 ROUTE 37 EAST,TOMS RIVER,NJ,8753,(732) 349-3030,https://www.nissan37.com
PINE BELT NISSAN/KEYPORT,111 STATE ROUTE 36,KEYPORT,NJ,7735,(732) 264-4333,https://www.nissan36.com
RACEWAY NISSAN OF FREEHOLD,4039-4041 ROUTE 9 N,FREEHOLD,NJ,7728,(732) 780-3600,https://www.racewaynissannj.com
RAMSEY NISSAN,401 ROUTE 17 SOUTH,UPPER SADDLE RIV,NJ,7458,(201) 825-4040,https://www.ramseynissan.com
RIVERSIDE NISSAN,400 RIVER STREET,HACKENSACK,NJ,7601,(201) 489-6330,https://www.riversidenissanauto.com/index.cfm
ROCK RIDGE NISSAN,3057 ROUTE 10,DENVILLE,NJ,7834,(973) 442-0500,https://www.rockridgenissan.com
ROUTE 17 NISSAN,45 ROUTE 17 SOUTH,HASBROUCK HEIGHTS,NJ,7604,(201) 796-5050,https://www.route17nissan.com
ROUTE 23 NISSAN,1567 ROUTE 23,BUTLER,NJ,7405,(973) 283-8700,https://www.route23nissan.com
ROUTE 33 NISSAN,951 US HWY 33,HAMILTON SQUARE,NJ,8690,(609) 586-1900,https://www.route33nissan.com
SANSONE JR'S 66 NISSAN,3401 ROUTE 66,NEPTUNE,NJ,7753,(732) 922-1050,https://www.66nissan.com
SANSONE JR'S WINDSOR NISSAN,590 ROUTE 130,EAST WINDSOR,NJ,8520,(609) 448-1411,https://www.windsornissan.com
SANSONE NISSAN,90-100 ROUTE 1,AVENEL,NJ,7001,(732) 815-2500,https://www.sansonesnissan.com
TEAM NISSAN,1715 S DELSEA DR,VINELAND,NJ,8360,(856) 696-2277,https://www.teamnissan.com
WOODBURY NISSAN,439 MANTUA AVE,WOODBURY,NJ,8096,(856) 853-0150,https://www.woodburynissan.com
ANIMAS NISSAN,4300 E MAIN ST,FARMINGTON,NM,87402,(505) 327-0366,https://www.animasnissan.com
FIESTA NISSAN,2005 SAINT MICHAELS DRIVE,SANTA FE,NM,87505,(505) 955-1000,https://www.fiestanissansantafe.com
MELLOY NISSAN,7707 LOMAS BLVD NE,ALBUQUERQUE,NM,87110,(505) 265-8721,https://www.melloynissan.com
NISSAN OF LAS CRUCES,1801 SOUTH MAIN ST,LAS CRUCES,NM,88005,(575) 523-5571,https://www.nissanoflascruces.com
PENA BENDER HONDA NISSAN,3000 MABRY DR,CLOVIS,NM,88101,(575) 762-3701,https://www.penabendernissan.com
PERMIAN NISSAN,3600 N GRIMES STREET,HOBBS,NM,88240,(575) 393-1711,https://www.permiannissan.com
RELIABLE NISSAN,9951 COORS BLVD NW,ALBUQUERQUE,NM,87114,(505) 404-9869,https://www.reliablenissan.com
ROSWELL NISSAN,2111 WEST 2ND STREET,ROSWELL,NM,88201,(575) 625-2111,https://www.roswellnissan.com
777 NISSAN,8056 RAFAEL RIVERA WAY,LAS VEGAS,NV,89113,(725) 696-0777,https://www.777nissan.com
FINDLAY NISSAN HENDERSON,295 AUTO MALL DR,HENDERSON,NV,89014,(702) 558-5800,https://www.findlaynissanhenderson.com
GLORY NISSAN,5605 W SAHARA AVE,LAS VEGAS,NV,89146,(702) 307-0999,https://www.glorynissan.com
NISSAN CARSON CITY,2750 S CARSON ST,CARSON CITY,NV,89701,(775) 600-1500,https://www.nissancarsoncity.com
PLANET NISSAN,5850 CENTENNIAL CTR BLVD,LAS VEGAS,NV,89149,(702) 876-8000,https://www.planet-nissan.com
UNITED NISSAN,3025 E SAHARA AVE,LAS VEGAS,NV,89104,(702) 207-8000,https://www.unitednissan.com
UNITED NISSAN RENO,865 KIETZKE LN,RENO,NV,89502,(775) 322-3700,https://www.unitednissanreno.com
BOB JOHNSON NISSAN,3817 W HENRIETTA RD,ROCHESTER,NY,14623,(585) 334-9440,https://www.bobjohnsonnissan.com
BURDICK NISSAN,5885 E CIRCLE DR,CICERO,NY,13039,(315) 458-8915,https://www.burdicknissan.com
CENTRAL AVENUE NISSAN,1919 CENTRAL PARK AVE,YONKERS,NY,10710,(914) 961-3900,https://www.centralavenissan.com
COUNTRY CLUB NISSAN,55 ONEIDA STREET,ONEONTA,NY,13820,(607) 432-2800,https://www.countryclubnissan.com
DAVIDSON NISSAN,18423 US RT 11,WATERTOWN,NY,13601,(315) 782-7700,https://www.davidsonnissan.com
DESTINATION NISSAN,770 CENTRAL AVENUE,ALBANY,NY,12206,(518) 438-8461,https://www.destinationnissan.com
EMPIRE NISSAN OF BAY RIDGE,6501 5TH AVE,BROOKLYN,NY,11220,(718) 238-8000,https://www.shopempirenissan.com
FAMILY NISSAN,600 BURNSIDE AVE,INWOOD,NY,11096,(516) 239-0100,https://www.nissanfamily.com
HEIGHTS NISSAN,74-15 NORTHERN BLVD,JACKSON HEIGHTS,NY,11372,(718) 898-7800,https://www.heightsnissan.com
HOSELTON NISSAN,66 MARSH RD,EAST ROCHESTER,NY,14445,(585) 385-3560,https://www.hoseltonnissan.com
HUTTIG NISSAN,822 STATE ROUTE 3,PLATTSBURGH,NY,12901,(518) 561-1210,https://www.huttignissan.com
KINGS NISSAN,14-46 NEPTUNE AVE STE B,BROOKLYN,NY,11235,(718) 376-0538,https://www.kingsnissan.com
KRISHNA NISSAN,235 GLEN COVE RD,GREENVALE,NY,11548,(516) 621-2300,https://WWW.KRISHNANISSAN.COM
LEBRUN NISSAN,396 GRANT AVE,AUBURN,NY,13021,(315) 253-7700,https://www.lebrunnissan.com
LEGEND NISSAN,268 JERICHO TPKE,SYOSSET,NY,11791,(516) 496-8181,https://www.legendnissan.com
LIA NISSAN,2233 CENTRAL AVE,SCHENECTADY,NY,12304,(518) 579-2000,https://www.lianissanschenectady.com
LIA NISSAN OF GLENS FALLS,373 DIX AVENUE,QUEENSBURY,NY,12804,(518) 681-3800,https://www.lianissangf.com
LIA NISSAN OF SARATOGA,2906 ROUTE 9,MALTA,NY,12020,(518) 886-4800,https://www.lianissansaratoga.com
MAGUIRE NISSAN,17 UPTOWN ROAD,ITHACA,NY,14850,(607) 272-8000,https://www.maguirenissan.com
MAGUIRE NISSAN OF SYRACUSE,716 W GENESEE,SYRACUSE,NY,13204,(315) 802-4432,https://www.maguirenissanofsyracuse.com
MATTHEWS NISSAN,3101 VESTAL PKWY E,VESTAL,NY,13850,(607) 729-3511,https://www.matthewsnissanny.com
MATTHEWS NISSAN OF CLAY,3893 ROUTE 31,LIVERPOOL,NY,13090,(315) 944-3200,https://www.matthewsnissanclay.com
MIKE BARNEY NISSAN,3676 SHERIDAN DR,AMHERST,NY,14226,(716) 833-9888,https://www.mikebarneynissan.com
NISSAN 112 SALES CORP,730 ROUTE 112,PATCHOGUE,NY,11772,(631) 289-9100,https://www.nissan112.com
NISSAN CITY OF PORT CHESTER,225 BOSTON POST RD,PORT CHESTER,NY,10573,(914) 937-1777,https://www.nissancityny.com
NISSAN OF BAY SHORE,1521 SUNRISE HIGHWAY,BAY SHORE,NY,11706,(631) 206-5500,https://www.nissanofbayshore.com
NISSAN OF GARDEN CITY,316 N FRANKLIN ST,HEMPSTEAD,NY,11550,(516) 483-5150,https://WWW.NISSANOFGARDENCITY.COM
NISSAN OF HUNTINGTON,850 E. JERICHO TURNPIKE,HUNTINGTON STA,NY,11746,(631) 439-7000,https://www.nissanofhuntington.com
NISSAN OF MIDDLETOWN,4961 ROUTE 17M,NEW HAMPTON,NY,10958,(845) 374-6555,https://www.nissanmiddletownny.com
NISSAN OF NEW ROCHELLE,2533 PALMER AVE,NEW ROCHELLE,NY,10801,(914) 576-7600,https://www.nissanofnewrochelle.com
NISSAN OF QUEENS,93-25 ROCKAWAY BLVD,OZONE PARK,NY,11417,(718) 835-8300,https://www.nissanofqueens.com
NISSAN OF ROCKVILLE CENTRE,700 SUNRISE HIGHWAY,ROCKVILLE CENTRE,NY,11570,(516) 504-3007,https://www.nissanofrockvillecentre.com
NISSAN OF STATEN ISLAND,1976 HYLAN BLVD,STATEN ISLAND,NY,10306,(718) 447-3800,https://www.nissanofstatenisland.com
NISSAN OF WESTBURY,939 OLD COUNTRY ROAD,WESTBURY,NY,11590,(516) 338-5600,https://nissanofwestbury.com
NISSAN OF WHITE PLAINS,500 TARRYTOWN ROAD,WHITE PLAINS,NY,10607,(914) 246-5220,https://www.nissanofwp.com
ORCHARD NISSAN OF LATHAM,976 NEW LOUDON ROAD,LATHAM,NY,12110,(518) 250-4380,https://orchardnissanny.com
POUGHKEEPSIE NISSAN,1445 ROUTE 9,WAPPINGERS FALLS,NY,12590,(845) 297-4314,https://www.poughkeepsienissan.com
RIVERHEAD AUTO MALL,1800 OLD COUNTRY RD,RIVERHEAD,NY,11901,(631) 369-0600,https://www.riverheadnissan.com
ROCKLAND NISSAN,608 ROUTE 303,BLAUVELT,NY,10913,(845) 358-6700,https://www.rocklandnissan.com
ROMEO NISSAN,140 ROUTE 28,KINGSTON,NY,12401,(845) 338-3100,https://www.romeonissan.com
ROYAL NISSAN-SUBARU,3901 ROUTE 281,CORTLAND,NY,13045,(607) 753-9774,https://www.royalmotornissan.com
SHULTS NISSAN SUBARU,311 FLUVANNA AVENUE,JAMESTOWN,NY,14701,(716) 664-0100,https://www.shultsnissan.com
SIMMONS ROCKWELL NISSAN,224 COLONIAL DRIVE,HORSEHEADS,NY,14845,(607) 398-6666,https://www.simmonsrockwellnissan.com
SIMMONS ROCKWELL NISSAN OF HORNELL,1151 COUNTY ROUTE 66,HORNELL,NY,14843,(607) 324-4444,https://www.simmonsrockwellnissanofhornell.com
SMITHTOWN NISSAN,960 MIDDLE COUNTRY ROAD,SAINT JAMES,NY,11780,(631) 361-9696,https://www.smithtownnissan.com
SOUTH SHORE NISSAN,200 SUNRISE HIGHWAY,AMITYVILLE,NY,11701,(516) 799-2800,https://www.southshorenissan.com
STAR NISSAN,20602 NORTHERN BLVD,BAYSIDE,NY,11361,(718) 423-0500,https://www.starnissanofbayside.com
STEET PONTE NISSAN,4967 COMMERCIAL DR,YORKVILLE,NY,13495,(315) 624-0402,https://www.steetpontenissan.com
STELLY NISSAN OF YORKTOWN HEIGHTS,3495 OLD CROMPOND RD,YORKTOWN HEIGHTS,NY,10598,(914) 737-3500,https://www.stellynissan.com
TEDDY NISSAN,3660 BOSTON ROAD,BRONX,NY,10469,(718) 515-1111,https://www.teddynissan.com
THRUWAY NISSAN,79 ROUTE 17K,NEWBURGH,NY,12550,(845) 562-1000,https://www.thruwaynissan.com
VISION NISSAN CANANDAIGUA,2409 STATE ROUTE 332,CANANDAIGUA,NY,14424,(585) 393-0042,https://www.visionnissancanandaigua.com
VISION NISSAN GREECE,4000 WEST RIDGE ROAD,ROCHESTER,NY,14626,(585) 227-3800,https://www.visionnissangreece.com
VISION NISSAN WEBSTER,785 RIDGE ROAD,WEBSTER,NY,14580,(585) 787-2000,https://www.visionnissanwebster.com
WEST HERR NISSAN OF LOCKPORT,6069 S TRANSIT RD,LOCKPORT,NY,14094,(716) 625-8889,https://www.nissanlockport.com
WEST HERR NISSAN OF WILLIAMSVILLE,8137 MAIN ST,WILLIAMSVILLE,NY,14221,(716) 633-9900,https://www.nissanwilliamsville.com
WEST-HERR NISSAN,3580 SOUTHWESTERN BLVD,ORCHARD PARK,NY,14127,(716) 662-8008,https://www.nissanorchardpark.com
#1 COCHRAN NISSAN BOARDMAN,7809 MARKET ST,BOARDMAN,OH,44512,(330) 726-5555,https://www.cochrannissanboardman.com
BEAU TOWNSEND NISSAN,1050 W NATIONAL RD,VANDALIA,OH,45377,(937) 898-6200,https://www.btnissan.com
BEDFORD NISSAN,18115 ROCKSIDE RD,BEDFORD,OH,44146,(440) 439-5785,https://www.bedfordnissan.com
BUCKEYE NISSAN,3820 PARKWAY LN,HILLIARD,OH,43026,(614) 771-2345,https://www.buckeyenissan.com
BUSAM MOTOR SALES,1501 E KEMPER RD,CINCINNATI,OH,45246,(513) 771-8100,https://www.busamnissan.com
COUGHLIN NISSAN,1459 HEBRON RD,HEATH,OH,43056,(740) 915-8501,https://www.coughlinnissan.com
DUTRO NISSAN,131 S 5TH ST,ZANESVILLE,OH,43701,(740) 452-6334,https://www.dutronissan.com
FRED MARTIN NISSAN,3388 S ARLINGTON RD,AKRON,OH,44312,(330) 644-8888,https://www.fredmartinnissan.com
GERMAIN NISSAN,4300 MORSE RD,COLUMBUS,OH,43230,(614) 418-4500,https://www.germainnissan.com
HUGH WHITE NISSAN ATHENS,250 COLUMBUS ROAD,ATHENS,OH,45701,(740) 594-6632,https://www.hughwhitenissanathens.com
HUGH WHITE NISSAN LANCASTER,2480 N MEMORIAL DR,LANCASTER,OH,43130,(740) 653-2091,https://www.hughwhitenissanlancaster.com
I-90 NISSAN,5013 DETROIT ROAD,SHEFFIELD VILLAGE,OH,44054,(440) 934-6001,https://www.bignissani90.com
JEFF SCHMITT NISSAN,725 ALPHA RD,BEAVERCREEK,OH,45434,(937) 306-0041,https://www.jeffschmittnissan.com
JEFF WYLER KINGS NISSAN,9819 KINGS AUTO MALL RD,CINCINNATI,OH,45249,(513) 697-9770,https://www.jeffwylerkingsnissan.com
JEFF WYLER NISSAN,1117 STATE ROUTE 32,BATAVIA,OH,45103,(513) 752-3447,https://www.jeffwylereastgatenissan.com
JEFF WYLER NISSAN FAIRFIELD,5829 DIXIE HWY,FAIRFIELD,OH,45014,(513) 682-2500,https://www.jeffwylerfairfieldnissan.com
JEFF WYLER NISSAN OF CINCINNATI,8680 COLERAIN AVE,CINCINNATI,OH,45251,(513) 385-1400,https://www.jeffwylernissanofcincinnati.com
KEN GANLEY NISSAN,5180 MONTVILLE DR,MEDINA,OH,44256,(330) 721-0500,https://www.kenganleynissan.com
KEN GANLEY NISSAN MAYFIELD,6060 MAYFIELD RD,MAYFIELD HEIGHTS,OH,44124,(440) 449-9500,https://www.mayfieldnissan.com
MATT CASTRUCCI NISSAN,3013 MALL PARK DR,DAYTON,OH,45459,(937) 434-4723,https://www.mattcastruccinissan.com
MEARS NISSAN,4825 TUSCARAWAS STREET W,CANTON,OH,44708,(330) 639-4411,https://www.mearsnissan.com
MENTOR NISSAN,6960 CENTER STREET,MENTOR,OH,44060,(440) 951-1100,https://www.mentornissan.com
NISSAN OF NORTH OLMSTED,28500 LORAIN RD,NORTH OLMSTED,OH,44070,(440) 734-6900,https://www.bignissannortholmsted.com
NISSAN OF STREETSBORO,885 CLASSIC DR,STREETSBORO,OH,44241,(330) 422-7300,https://www.nissanstreetsboro.com
NISSAN/NORTH,8645 NORTH HIGH ST,WORTHINGTON,OH,43085,(614) 846-8100,https://www.nissanofcolumbus.com
NOURSE NISSAN,423 N BRIDGE ST,CHILLICOTHE,OH,45601,(740) 773-7913,https://www.noursenissan.com
PARKWAY NISSAN,877 COMMERCIAL PARKWAY,DOVER,OH,44622,(330) 364-6659,https://www.iloveparkway.com
RICART NISSAN,4255 S HAMILTON RD,GROVEPORT,OH,43125,(614) 836-6251,https://www.ricartnissan.com
RON MARHOFER NISSAN,247 HOWE AVENUE,CUYAHOGA FALLS,OH,44221,(330) 923-8000,https://www.ronmarhofernissan.com
SPITZER NISSAN,1070 BRIGHT ROAD,FINDLAY,OH,45840,(419) 423-7161,https://www.spitzernissanfindlay.com
THAYER NISSAN,18039 N DIXIE HWY,BOWLING GREEN,OH,43402,(419) 353-5271,https://www.thayernissan.com
YARK NISSAN,5957 W CENTRAL AVE,TOLEDO,OH,43615,(800) 848-9275,https://www.yarknissan.com
ADA NISSAN,420 LONNIE ABBOTT BLVD,ADA,OK,74820,(580) 332-2233,https://www.adanissan.com
BOB HOWARD NISSAN,13200 BROADWAY EXT,OKLAHOMA CITY,OK,73114,(405) 478-5380,https://www.bobhowardnissan.com
BOB MOORE NISSAN / NORMAN,3901 JOURNEY PARKWAY,NORMAN,OK,73072,(405) 217-7000,https://www.bobmoorenissan.com
FENTON NISSAN,1441 S GEORGE NIGH EXPWAY,MCALESTER,OK,74501,(918) 423-0964,https://www.fentonnissan.com
GRUBBS NISSAN OF TULSA,8190 E SKELLY DR,TULSA,OK,74129,(918) 233-8190,https://www.grubbsnissantulsa.com
JACKIE COOPER NISSAN,9898 S MEMORIAL DR,TULSA,OK,74133,(918) 249-9393,https://www.jackiecoopernissan.com
NELSON NISSAN,800 W QUEENS ST,BROKEN ARROW,OK,74012,(918) 258-6581,https://www.nelsonnissan.com
NISSAN OF LAWTON,201 W GORE BLVD,LAWTON,OK,73501,(580) 353-2244,https://www.nissanoflawton.com
NISSAN OF MUSKOGEE,841 N MAIN ST,MUSKOGEE,OK,74401,(918) 683-6605,https://www.nissanofmuskogee.com
ORR NISSAN CENTRAL,200 E I 240 SERVICE RD,OKLAHOMA CITY,OK,73149,(405) 631-7771,https://www.orrnissancentral.com
ORR NISSAN EAST,5108 SE 15TH STREET,DEL CITY,OK,73115,(405) 600-7900,https://www.orrnissaneast.com
ORR NISSAN WEST,8800 NW EXPRESSWAY,OKLAHOMA CITY,OK,73162,(405) 495-4700,https://www.orrnissanwest.com
RED RIVER NISSAN,1625 N ROCKFORD RD,ARDMORE,OK,73401,(580) 223-1500,https://www.redrivernissan.com
STUART NISSAN,301 N INDEPENDENCE ST,ENID,OK,73701,(580) 237-5616,https://www.stuartnissanofenid.com
WINDY NISSAN,114 ACCESS RD,ELK CITY,OK,73644,(580) 225-3344,https://www.windynissan.com
BEAVERTON NISSAN,3855 SW CEDAR HILLS BLVD,BEAVERTON,OR,97005,(503) 643-8676,https://www.beavertonnissan.com
CAPITOL NISSAN OF SALEM,3235 CHERRY AVENUE NE,SALEM,OR,97301,(503) 581-3849,https://www.capitol-nissan.com
CHUCK COLVIN NISSAN,1925 N HIGHWAY 99W,MCMINNVILLE,OR,97128,(503) 472-6124,https://www.colvinnissan.com
DICK HANNAH NISSAN,19505 MCLOUGHLIN BLVD,GLADSTONE,OR,97027,(503) 486-4751,https://www.dickhannahnissan.com
GRANTS PASS NISSAN,1601 NE 7TH ST,GRANTS PASS,OR,97526,(541) 476-0811,https://www.grantspassnissan.com
KIEFER NISSAN,900 NW FOURTH STREET,CORVALLIS,OR,97330,(541) 753-1694,https://www.kiefernissanofcorvallis.com
LITHIA NISSAN OF EUGENE,2060 MARTIN LUTHER KING,EUGENE,OR,97401,(541) 686-2211,https://www.lithianissaneugene.com
MEDFORD NISSAN,4560 GRUMMAN DRIVE,MEDFORD,OR,97504,(541) 773-3655,https://www.medfordnissan.com
RUSTOM NISSAN OF PORTLAND,1212 NE 122ND AVE,PORTLAND,OR,97230,(503) 251-3349,https://www.nissanofportland.com
TONKIN NISSAN,26700 SW 95TH AVE,WILSONVILLE,OR,97070,(503) 222-2277,https://www.tonkinwilsonvillenissan.com
UNDERRINER NISSAN OF THE DALLES,2400 W 6TH ST,THE DALLES,OR,97058,(541) 296-4613,https://www.underrinernissanofthedalles.com
#1 COCHRAN NISSAN CRANBERRY,22030 PERRY HWY,ZELIENOPLE,PA,16063,(724) 452-7200,https://www.cochrannissancranberry.com
#1 COCHRAN NISSAN MONROEVILLE,3355 WILLIAM PENN HWY,PITTSBURGH,PA,15235,(412) 824-9020,https://www.cochrannissanmonroeville.com
#1 COCHRAN NISSAN WEST HILLS,7900 UNIVERSITY BLVD,MOON TOWNSHIP,PA,15108,(412) 262-9020,https://www.cochrannissanwest.com
ABELOFF NISSAN,3259 ROUTE 611,BARTONSVILLE,PA,18321,(570) 517-0200,https://www.abeloffnissan.com
BEAVER COUNTY NISSAN,2777 CONSTITUTION BLVD,BEAVER FALLS,PA,15010,(724) 846-1660,https://www.beavercountynissan.com
BLAISE ALEXANDER NISSAN,10 ALEXANDER DRIVE,MUNCY,PA,17756,(570) 546-4925,https://www.alexandernissan.com
BOWSER NISSAN,1001 CLAIRTON BLVD,PLEASANT HILLS,PA,15236,(412) 469-2100,https://www.bowsernissan.com
BUSH NISSAN OF EXTON,200 WEST LINCOLN HIGHWAY,EXTON,PA,19341,(610) 594-7400,https://www.extonnissan.com
CHAPMAN NISSAN,6723 ESSINGTON AVE,PHILADELPHIA,PA,19153,(215) 492-1200,https://www.chapmannissan.com
CIOCCA NISSAN OF QUAKERTOWN,321 S WEST END BLVD,QUAKERTOWN,PA,18951,(267) 733-9550,https://www.cioccanissanofquakertown.com
CIOCCA NISSAN OF YORK,1212 LOUCKS ROAD,YORK,PA,17404,(717) 755-9504,https://www.cioccanissanofyork.com
COLONIAL NISSAN,117 BUSTLETON PIKE,FEASTERVILLE,PA,19053,(215) 364-1100,https://www.colonialnissan.com
CONCORDVILLE NISSAN,452 WILMINGTON W CHESTER,GLEN MILLS,PA,19342,(610) 459-8900,https://www.concordvillenissan.com
CONICELLI NISSAN,1222 W. RIDGE PIKE,CONSHOHOCKEN,PA,19428,(610) 825-4200,https://www.conicellinissan.com
COURTESY MOTOR SALES,3100 PLEASANT VALLEY BLVD,ALTOONA,PA,16602,(814) 944-2076,https://www.courtesynissanaltoona.net
DELANEY NISSAN OF GREENSBURG,5200 STATE ROUTE 30,GREENSBURG,PA,15601,(724) 834-6100,https://www.delaneynissangreensburg.com/
FAULKNER NISSAN,900 OLD YORK ROAD,JENKINTOWN,PA,19046,(215) 887-8870,https://www.faulknernissanjenkintown.com
FAULKNER NISSAN,3925 PAXTON ST,HARRISBURG,PA,17111,(717) 558-8220,https://www.faulknernissan.com
FAULKNER NISSAN OF MECHANICSBURG,6627 CARLISLE PIKE,MECHANICSBURG,PA,17050,(717) 697-8400,https://www.faulknernissanmechanicsburg.com
FERRARIO NISSAN,200 SPRING STREET,SAYRE,PA,18840,(570) 888-2135,https://www.ferrarionissan.com
FITZGERALD NISSAN,1436 LINCOLN WAY E,CHAMBERSBURG,PA,17201,(717) 264-3359,https://www.fitzgeraldnissan.com
FRED BEANS NISSAN OF DOYLESTOWN,4469 W SWAMP ROAD,DOYLESTOWN,PA,18902,(215) 345-6900,https://www.nissanofdoylestown.com
HANOVER NISSAN,75 W. EISENHOWER DRIVE,HANOVER,PA,17331,(717) 637-1121,https://www.hanovernissan.com
INTERSTATE NISSAN,8890 PEACH STREET,ERIE,PA,16509,(814) 860-8377,https://www.interstatenissan.com
JOHN SISSON NISSAN,470 WASHINGTON RD,WASHINGTON,PA,15301,(724) 223-8600,https://www.johnsissonnissan.com
KELLY NISSAN,3830 EASTON NAZARETH HWY,EASTON,PA,18045,(610) 258-8600,https://www.kellynissanofroute33.com
KEN POLLOCK NISSAN,229 MUNDY ST,WILKES-BARRE,PA,18702,(570) 819-0730,https://www.kenpollocknissan.com
LANCASTER NISSAN,5340 MANHEIM PIKE,EAST PETERSBURG,PA,17520,(717) 569-1333,https://www.lancasternissan.net
LAUREL NISSAN,1880 BEDFORD STREET,JOHNSTOWN,PA,15902,(814) 266-2886,https://www.laurelnissan.com
LOUGHEAD NISSAN,755 S CHESTER RD,SWARTHMORE,PA,19081,(610) 328-1500,https://www.lougheadnissan.com
MARK ARBUCKLE NISSAN,1080 PHILADELPHIA ST,INDIANA,PA,15701,(724) 465-3100,https://www.markarbucklenissan.com
MONTGOMERYVILLE NISSAN,ROUTE 309 AT STUMP ROAD,MONTGOMERYVILLE,PA,18936,(215) 661-9300,https://www.montgomeryvillenissan.com
MONTROSE NISSAN,1455 N HERMITAGE RD,HERMITAGE,PA,16148,(724) 962-1433,https://www.montrose-nissan.com
MOYER NISSAN,6210 PENN AVE,WERNERSVILLE,PA,19565,(610) 678-8071,https://www.moyernissan.com
MOYER NISSAN OF LEBANON,2001 CUMBERLAND STREET,LEBANON,PA,17042,(717) 272-7671,https://www.moyernissanoflebanon.com
NISSAN 422 OF LIMERICK,55 AUTOPARK BLVD,LIMERICK,PA,19468,(610) 495-1856,https://www.nissan422oflimerick.com
NUCAR NISSAN OF ALLENTOWN,1648 PLAZA LANE,ALLENTOWN,PA,18104,(610) 439-8485,https://www.nucarnissanallentown.com
O'NEIL NISSAN,849 W STREET RD,WARMINSTER,PA,18974,(215) 674-9300,https://www.oneilnissan.com
PERUZZI NISSAN,165 LINCOLN HWY,FAIRLESS HILLS,PA,19030,(215) 943-6200,https://www.peruzzinissan.com
PIAZZA NISSAN OF ARDMORE,265 E LANCASTER AVE,ARDMORE,PA,19003,(610) 649-4400,https://www.piazzanissanofardmore.com
PREMIER NISSAN UNIONTOWN,4 SUPERIOR WAY,UNIONTOWN,PA,15401,(724) 430-1920,https://www.premiernissanofpa.com
REEDMAN TOLL NISSAN OF DREXEL HILL,5018 TOWNSHIP LINE RD,DREXEL HILL,PA,19026,(610) 449-2800,https://www.reedmantollnissanofdrexelhill.com
STUCKEY NISSAN,3280 W COLLEGE AVE,STATE COLLEGE,PA,16801,(814) 325-9100,https://www.stuckeynissan.com
TOM HESSER NISSAN,900 O'NEILL HIGHWAY,DUNMORE,PA,18512,(570) 558-2000,https://www.tomhessernissan.com
W&L NISSAN,3819 N SUSQUEHANNA TRAIL,SHAMOKIN DAM,PA,17876,(570) 884-1135,https://www.wandlnissan.com
WALLY'S NISSAN OF HAZLETON,661 AIRPORT ROAD,HAZLE TOWNSHIP,PA,18202,(570) 535-3427,https://www.hazletonnissan.com
WRIGHT AUTOMOTIVE GROUP,10520 PERRY HWY,WEXFORD,PA,15090,(724) 935-4646,https://www.wrightnissan.com
ANCHOR NISSAN,1041 EDDIE DOWLING HWY,NORTH SMITHFIELD,RI,2896,(401) 767-5000,https://www.anchor-nissan.com
BALISE NISSAN,1350 POST RD,WARWICK,RI,2888,(401) 780-3790,https://www.balisenissanri.com
SPEEDCRAFT NISSAN,885 QUAKER LN,WEST WARWICK,RI,2893,(401) 824-2259,https://www.speedcraftnissan.com
TASCA NISSAN EAST PROVIDENCE,845 TAUNTON AVENUE,EAST PROVIDENCE,RI,2914,(401) 432-2000,https://www.tascanissan.com
BENSON NISSAN,4676 CALHOUN MEMORIAL HWY,EASLEY,SC,29640,(864) 850-6440,https://www.nissaneasley.com
BENSON NISSAN OF SPARTANBURG,1100 N PINE ST,SPARTANBURG,SC,29303,(864) 585-3611,https://www.bensonnissan.com
COASTAL NISSAN,8519 OCEAN HWY,PAWLEYS ISLAND,SC,29585,(843) 979-3500,https://www.mycoastalnissan.com
ESCUDE NISSAN OF GREER,14125 E WADE HAMPTON BLVD,GREER,SC,29651,(864) 877-7678,https://www.escudenissan.com
FIVE STAR NISSAN OF FLORENCE,311 N CASHUA DRIVE,FLORENCE,SC,29501,(843) 665-8467,https://www.fivestarnissanofflorence.com
GRAINGER NIS OF ANDERSON,3510 CLEMSON BLVD,ANDERSON,SC,29621,(864) 328-1188,https://www.graingernissanofanderson.com
GRAINGER NISSAN BEAUFORT,219 ROBERT SMALLS PKWY,BEAUFORT,SC,29906,(843) 473-6500,https://www.graingernissanofbeaufort.com
GRAND STRAND NISSAN,4701 HIGHWAY 501,MYRTLE BEACH,SC,29579,(843) 236-2191,https://www.grandstrandnissan.com
HUDSON NISSAN OF CHARLESTON,1714 SAVANNAH HWY,CHARLESTON,SC,29407,(843) 571-2810,https://www.charlestonnissan.com
HUDSON NISSAN OF NORTH CHARLESTON,7331 RIVERS AVE,NORTH CHARLESTON,SC,29406,(843) 553-1000,https://www.hudsonnissannorthcharleston.com
HUDSON NISSAN OF SUMMERVILLE,370 HOLIDAY DRIVE,SUMMERVILLE,SC,29483,(843) 486-8700,https://www.summervillenissan.com
LUGOFF NISSAN,873 US HIGHWAY 1 SOUTH,LUGOFF,SC,29078,(803) 572-4550,https://www.shoplugoffnissan.com
MIRACLE NISSAN OF NORTH AUGUSTA,5590 JEFFERSON DAVIS HWY,BEECH ISLAND,SC,29842,(803) 489-1111,https://www.bobrichardsnissan.com
NISSAN GREENVILLE,2712 LAURENS RD,GREENVILLE,SC,29607,(864) 254-7700,https://www.nissangreenville.com
NISSAN OF ORANGEBURG,2827 ST MATTHEWS RD,ORANGEBURG,SC,29118,(803) 813-1000,https://www.nissanorangeburg.com
NISSAN OF SUMTER,2600 BROAD STREET,SUMTER,SC,29150,(803) 469-3424,https://www.nissansumtersc.com
NORTH STRAND NISSAN,2592 SC-9,LITTLE RIVER,SC,29566,(843) 390-7777,https://www.northstrandnissan.com
QUALITY NISSAN OF GREENWOOD,1724 MONTAGUE AVE EXT,GREENWOOD,SC,29649,(864) 223-0586,https://www.qualitynissansc.com
ROCK HILL NISSAN,550 GALLERIA BLVD,ROCK HILL,SC,29730,(803) 366-8171,https://www.rockhillnissan.com
VADEN NISSAN OF HILTON HEAD,200 FORDING ISLAND RD,BLUFFTON,SC,29910,(843) 208-2700,https://www.vadennissanofhiltonhead.com
BILLION NISSAN,4400 W 12TH STREET,SIOUX FALLS,SD,57107,(605) 361-1818,https://www.billionnissanofsiouxfalls.com
GRANITE NISSAN,2626 E MALL DRIVE,RAPID CITY,SD,57701,(606) 342-3400,https://www.granitenissan.com
HARR MOTORS,4255 6TH AVE,ABERDEEN,SD,57401,(605) 225-3078,https://www.harrnissan.com
AUTONATION NISSAN MEMPHIS,4140 HACKS CROSS ROAD,MEMPHIS,TN,38125,(901) 209-1318,https://www.autonationnissanmemphis.com
BENTON NISSAN OF COLUMBIA,1525 NASHVILLE HIGHWAY,COLUMBIA,TN,38401,(931) 388-2023,https://www.bentonnissanofcolumbia.com
CHUCK HUTTON NISSAN,495 VANN DR,JACKSON,TN,38305,(731) 422-4658,https://www.chuckhuttonnissan.com
DOWNTOWN NASHVILLE NISSAN,25 VANTAGE WAY,NASHVILLE,TN,37228,(615) 248-5100,https://www.downtownnashvillenissan.com
GATEWAY NISSAN,1055 W ANDREW JOHNSON HWY,GREENEVILLE,TN,37745,(423) 639-5151,https://www.gatewaynissangreeneville.com
JIM KERAS NISSAN,2080 COVINGTON PIKE,MEMPHIS,TN,38128,(901) 373-2800,https://www.jimkerasnissan.com
JOHN ROBERTS NISSAN,2747 HILLSBORO BLVD,MANCHESTER,TN,37355,(931) 728-2212,https://www.johnrobertsnissan.com
JOHNSON CITY NISSAN,3526 BRISTOL HWY,JOHNSON CITY,TN,37601,(423) 282-4731,https://www.johnsoncitynissan.com
JONES NISSAN,1260 WAYNE RD,SAVANNAH,TN,38372,(731) 925-0367,https://www.jonesmotorconissan.com
MATHEWS NISSAN,185 HIGHWAY 76,CLARKSVILLE,TN,37043,(931) 552-7555,https://www.mathewsnissan.com
MORRISTOWN NISSAN,5496 W ANDREW JOHNSON HWY,MORRISTOWN,TN,37814,(423) 587-2506,https://www.morristownnissan.com
MTN VIEW NISSAN,2100 S. MARKET ST.,CHATTANOOGA,TN,37408,(423) 756-1500,https://www.mtnviewnissan.com
MTN VIEW NISSAN OF BRISTOL,2536 W STATE ST UNIT 200,BRISTOL,TN,37620,(423) 989-6700,https://www.nissanofbristol.com
MTN VIEW NISSAN OF CLEVELAND,131 PLEASANT GROVE RD,MCDONALD,TN,37353,(423) 790-3700,https://www.cleveland-nissan.com
MURFREESBORO NISSAN,814 MEMORIAL BLVD,MURFREESBORO,TN,37129,(615) 893-0252,https://www.murfreesboronissan.com
NEWTON NISSAN OF GALLATIN,1461 NASHVILLE PIKE,GALLATIN,TN,37066,(615) 451-6827,https://www.newtonnissan.com
NEWTON NISSAN SOUTH,2801 HIGHWAY 231 N,SHELBYVILLE,TN,37160,(931) 684-6811,https://www.newtonnissansouth.com
NISSAN OF CHATTANOOGA EAST,2121 CHAPMAN RD,CHATTANOOGA,TN,37421,(423) 899-2525,https://www.nissanofchattanoogaeast.com
NISSAN OF COOKEVILLE,501 NEAL STREET,COOKEVILLE,TN,38501,(931) 528-7715,https://www.nissanofcookeville.com
NISSAN OF COOL SPRINGS,212 COMTIDE COURT,FRANKLIN,TN,37067,(615) 790-2500,https://www.nissanofcoolsprings.com
NISSAN OF DYERSBURG,2700 PARR AVE,DYERSBURG,TN,38024,(731) 285-6294,https://www.nissanofdyersburg.com
NISSAN OF PARIS,1490 MINERAL WELLS AVE,PARIS,TN,38242,(731) 642-0601,https://www.nissanofparis.us
NISSAN OF RIVERGATE,1550 GALLATIN RD N,MADISON,TN,37115,(615) 865-7220,https://www.nissanofrivergate.com
OAK RIDGE NISSAN,101 S ILLINOIS AVE,OAK RIDGE,TN,37830,(865) 482-5489,https://www.oakridgenissan.com
RUSTY WALLACE NISSAN,4500 CLINTON HIGHWAY,KNOXVILLE,TN,37912,(865) 687-6111,https://www.rustywallacenissan.com
TED RUSSELL NISSAN,8565 KINGSTON PIKE,KNOXVILLE,TN,37919,(865) 223-6744,https://www.tedrussellnissan.com
TWIN CITY NISSAN,3247 AIRPORT HWY,ALCOA,TN,37701,(865) 970-4132,https://www.twincitynissan.com
VICTORY NISSAN OF DICKSON,2219 HIGHWAY 46 SOUTH,DICKSON,TN,37055,(615) 446-7070,https://www.victorynissanwest.com
VICTORY NISSAN OF NASHVILLE,307 THOMPSON LN,NASHVILLE,TN,37211,(615) 834-8244,https://www.victorynissannashville.com
WALLACE NISSAN OF KINGSPORT,2733 E STONE DR,KINGSPORT,TN,37660,(423) 288-5500,https://www.wallacenissan.com
WEAKLEY COUNTY MTRS,841 N LINDELL ST,MARTIN,TN,38237,(731) 587-3141,https://www.weakleycomotors.net
WOLFCHASE NISSAN,2956 N GERMANTOWN RD,BARTLETT,TN,38133,(901) 255-3800,https://www.wolfchasenissan.com
ANCIRA NISSAN,10835 IH 10 W,SAN ANTONIO,TX,78230,(210) 558-5001,https://www.anciranissansa.com
BAKER NISSAN NORTH,19630 NORTHWEST FWY,HOUSTON,TX,77065,(281) 890-5656,https://www.bakernissan.com
BATES NISSAN,5501 E. CEN-TEX EXPY,KILLEEN,TX,76543,(254) 699-7181,https://www.batesnissan.com
BERT OGDEN NISSAN,721 N JACKSON RD,MCALLEN,TX,78501,(956) 631-6666,https://bertogden-nissan.com
BRAVO NISSAN,5755 EAST FREEWAY,BAYTOWN,TX,77521,(281) 421-7442,https://www.bravonissan.com
BROWN NISSAN OF DEL RIO,2300 VETERANS BLVD,DEL RIO,TX,78840,(830) 775-0566,https://www.brownnissandelrio.com
BURLESON NISSAN,300 N BURLESON BLVD,BURLESON,TX,76028,(817) 484-3500,https://www.burlesonnissan.com
CASA NISSAN,5855 MONTANA AVE,EL PASO,TX,79925,(915) 772-1488,https://www.casanissan.com
CAVENDER NISSAN OF ROCKWALL,1700 E INTERSTATE 30,ROCKWALL,TX,75087,(972) 961-9888,https://www.cavendernissanrockwall.com
CAVENDER NISSAN SAN MARCOS,2980 S INTERSTATE 35,SAN MARCOS,TX,78666,(512) 353-5116,https://www.cavendernissansanmarcos.com
CENTRAL HOUSTON NISSAN,2901 SOUTH LOOP WEST,HOUSTON,TX,77054,(713) 661-9955,https://www.centralhoustonnissan.com
CHAMPION NISSAN NEW BRAUNFELS,2077 IH-35 NORTH,NEW BRAUNFELS,TX,78130,(210) 277-5000,https://www.championnissannb.com
CHARLIE CLARK NISSAN,3500 W EXPRESSWAY 83,HARLINGEN,TX,78552,(956) 423-6975,https://www.charlieclarknissanharlingen.com
CHARLIE CLARK NISSAN BROWNSVILLE,2547 N EXPRESSWAY 77/83,BROWNSVILLE,TX,78520,(956) 214-2500,https://www.charlieclarknissanbrownsville.com
CHARLIE CLARK NISSAN EL PASO,6451 S DESERT BLVD,EL PASO,TX,79932,(915) 706-4100,https://www.charlieclarknissanelpaso.net
CITY LIMITS NISSAN,4914 S I H 35,AUSTIN,TX,78745,(512) 444-1400,https://www.citylimitsnissan.com
CLARK NISSAN,818 E OVERLAND TRAIL,ABILENE,TX,79601,(325) 695-2970,https://www.abilenenissan.com
CLAY COOLEY NISSAN,39690 LBJ FREEWAY,DALLAS,TX,75237,(972) 709-2000,https://www.ClayCooleyNissan.com
CLAY COOLEY NISSAN IRVING,1000 E AIRPORT FWY,IRVING,TX,75062,(972) 554-2200,https://www.irvingnissan.com
CLAY COOLEY NISSAN RICHARDSON,1777 N CENTRAL EXPY,RICHARDSON,TX,75080,(972) 231-2600,https://www.courtesynissan.com
CLEAR LAKE NISSAN,2150 GULF FREEWAY,LEAGUE CITY,TX,77573,(281) 557-5303,https://www.clearlakenissan.com
COLLEGE STATION NISSAN,1001 EARL RUDDER FWY S,COLLEGE STATION,TX,77845,(979) 764-7726,https://www.collegestationnissan.com
CREST NISSAN OF FRISCO,6600 STATE HIGHWAY 121,FRISCO,TX,75034,(469) 606-4093,https://www.crestnissan.com
DOGGETT NISSAN,1515 I-10 SOUTH,BEAUMONT,TX,77701,(409) 833-7100,https://www.doggettnissanbeaumont.com
DON DAVIS NISSAN,1320 E INTERSTATE 20,ARLINGTON,TX,76018,(817) 588-5475,https://www.dondavisnissan.com
DOUGLASS NISSAN OF WACO,5605 LEGENDLAKE PARKWAY,WACO,TX,76712,(254) 776-8016,https://www.douglassnissanofwaco.com
ED HICKS NISSAN,3000 S PADRE ISLAND DR,CORPUS CHRISTI,TX,78415,(361) 654-1955,https://www.edhicksnissan.com
FIESTA NISSAN,5001 S I-69C,EDINBURG,TX,78539,(956) 383-2552,https://www.fiestanissan.com
FORT WORTH NISSAN,3451 W. LOOP 820 S.,FORT WORTH,TX,76116,(817) 560-9000,https://www.fortworthnissan.com
FOUR STARS NISSAN OF DENTON,5650 S INTERSTATE 35E,CORINTH,TX,76210,(940) 270-9000,https://www.Fourstarsnissanofdenton.com
FRED HAAS NISSAN,24202 TOMBALL PKWY  SH249,TOMBALL,TX,77375,(281) 516-6700,https://www.fredhaasnissan.com
GARLYN SHELTON NISSAN,5620 S GENERAL BRUCE DR,TEMPLE,TX,76502,(254) 773-4828,https://www.garlynsheltonnissan.com
GILLMAN NISSAN,26001 SOUTHWEST FWY,ROSENBERG,TX,77471,(281) 633-5555,https://www.gillmannissan.com
GRANBURY NISSAN,4925 E HWY 377,GRANBURY,TX,76049,(817) 736-8200,https://www.granburynissan.com
GROUP 1 NISSAN CEDAR PARK,2121 SOUTH BELL BLVD,CEDAR PARK,TX,78613,(512) 620-7200,https://www.cedarparknissan.com
GROUP 1 NISSAN ROUND ROCK,3050 N IH 35,ROUND ROCK,TX,78681,(512) 244-8500,https://www.roundrocknissan.com
GROUP 1 NISSAN SOUTHWEST HOUSTON,12230 SOUTHWEST FWY,STAFFORD,TX,77477,(281) 243-8600,https://www.sterlingmccallnissan.com
GULF COAST NISSAN,3000 NORTH 288 FREEWAY,ANGLETON,TX,77515,(888) 828-7200,https://www.gulfcoastnissan.com
GUNN NISSAN,750 NE LOOP 410,SAN ANTONIO,TX,78209,(210) 496-0806,https://www.gunnnissan.com
HACIENDA NISSAN,2501 S US HWY 77,KINGSVILLE,TX,78363,(361) 592-2661,https://www.haciendanissan.com
HICKS FAMILY NISSAN,3002 IH 69 ACCESS ROAD,ROBSTOWN,TX,78380,(361) 651-5910,https://www.hicksfamilynissan.com
INGRAM PARK NISSAN,6990 NW LOOP 410,SAN ANTONIO,TX,78238,(210) 681-6300,https://www.ingramparknissan.com
JIM BASS NISSAN,4052 W HOUSTON HARTE EXPY,SAN ANGELO,TX,76901,(325) 949-4621,https://www.jimbassnissan.com
KEATING NISSAN,333 INTERSTATE 45 S,CONROE,TX,77301,(936) 760-2446,https://www.keatingnissan.com
LONGHORN NISSAN,310 AIRPORT FWY,BEDFORD,TX,76022,(817) 268-1000,https://www.longhornnissan.com
LOVING NISSAN,1433 SOUTH MEDFORD DR,LUFKIN,TX,75901,(936) 634-4488,https://www.lovingnissan.com
MATHEWS NISSAN OF PARIS,3411 NE LOOP 286,PARIS,TX,75460,(903) 706-5100,https://www.parisnissan.com
MCGAVOCK NISSAN,6312 MILWAUKEE AVE,LUBBOCK,TX,79424,(806) 783-8484,https://www.mcgavocknissanlubbock.com
MCGAVOCK NISSAN/AMARILLO,4700 SONCY ROAD,AMARILLO,TX,79119,(806) 354-3550,https://www.mcgavocknissanamarillo.com
METRO NISSAN OF DALLAS,4707 LYNDON B JOHNSON FWY,FARMERS BRANCH,TX,75244,(972) 450-2400,https://www.metronissandallas.com
MOSSY NISSAN,12150 KATY FREEWAY,HOUSTON,TX,77079,(281) 496-2200,https://www.mossynissanhouston.com
NISSAN OF BOERNE,31805 INTERSTATE HWY 10 W,BOERNE,TX,78006,(830) 368-4600,https://www.nissanboerne.com
NISSAN OF GREENVILLE,6403 I-30,GREENVILLE,TX,75402,(903) 454-1930,https://www.nissanofgreenville.com
NISSAN OF LEWISVILLE,1601 S STEMMONS FWY,LEWISVILLE,TX,75067,(972) 420-9500,https://www.nissanoflewisville.com
NISSAN OF MCKINNEY,3800 S CENTRAL EXPRESSWAY,MCKINNEY,TX,75070,(214) 390-5370,https://www.nissanofmckinney.com
NISSAN OF MIDLAND,4800 WEST LOOP 250,MIDLAND,TX,79707,(432) 694-9558,https://www.nissanofmidland.com
NISSAN OF SILSBEE,3480 HWY 96 BYPASS,SILSBEE,TX,77656,(409) 299-3221,https://www.silsbeenissan.com
NISSAN OF VICTORIA,6003 N NAVARRO STREET,VICTORIA,TX,77904,(361) 578-5000,https://www.victorianissan.com
NISSAN OF WICHITA FALLS,4000 KELL BLVD,WICHITA FALLS,TX,76309,(940) 691-6888,https://www.nissanofwichitafalls.com
NORTH AUSTIN NISSAN,8408 SHOAL CREEK BLVD,AUSTIN,TX,78757,(512) 381-4050,https://www.northaustinnissan.com
PATTERSON NISSAN,3707 SUMMERHILL RD,TEXARKANA,TX,75503,(903) 793-5661,https://www.pattersonnissan.com
PATTERSON NISSAN OF LONGVIEW,3114 N EASTMAN ROAD,LONGVIEW,TX,75605,(903) 758-4135,https://www.longviewnissan.com
PELTIER NISSAN,3201 SSW LOOP 323,TYLER,TX,75701,(903) 561-7300,https://www.peltiernissan.net
PLATINUM NISSAN OF TEXOMA,2010 US HIGHWAY 75 NORTH,DENISON,TX,75020,(903) 463-9800,https://www.platinumnissantx.com
RELIANCE NISSAN,3485 FM 528 RD,ALVIN,TX,77511,(832) 862-2500,https://www.reliancenissan.com
ROBBINS NISSAN,18711 HIGHWAY 59 NORTH,HUMBLE,TX,77338,(281) 446-3181,https://www.robbinsnissan.com
SAMES LAREDO NISSAN,3701 E SAUNDERS ST,LAREDO,TX,78041,(956) 523-8888,https://www.sameslaredonissan.com
SHOTTENKIRK NISSAN KATY,25550 KINGSLAND BLVD,KATY,TX,77494,(281) 644-1100,https://www.shottenkirknissankaty.com
SOUTH HOUSTON NISSAN,11911 GULF FWY,HOUSTON,TX,77034,(713) 941-0600,https://www.southhoustonnissan.com
SOUTH PARK NISSAN,8606 S IH 35,SAN ANTONIO,TX,78211,(210) 964-3400,https://www.southparknissan.com
SOUTHWEST NISSAN,3050 FORT WORTH HWY,WEATHERFORD,TX,76087,(817) 596-3811,https://www.southwestnissantx.com
TEXAS NISSAN OF GRAPEVINE,1401 W STATE HIGHWAY 114,GRAPEVINE,TX,76051,(817) 380-4082,https://www.texasnissan.com
TOM PEACOCK NISSAN,15300 NORTH FWY,HOUSTON,TX,77090,(281) 821-4000,https://www.tompeacocknissan.com
TROPHY NISSAN,5031 N GALLOWAY AVE,MESQUITE,TX,75150,(214) 390-9250,https://www.trophynissan.com
TWIN CITY NISSAN,10549 HWY 69,PORT ARTHUR,TX,77640,(409) 727-2779,https://www.twincityclassicnissan.com
VIVA NISSAN,1310 N ZARAGOZA RD,EL PASO,TX,79936,(915) 629-5500,https://www.vivanissan.com
WAXAHACHIE NISSAN,1900 W HWY 287 BYPASS,WAXAHACHIE,TX,75167,(972) 938-0444,https://www.waxahachienissan.com
WEST TEXAS NISSAN LLLP,4307 N JOHN BEN SHEPPERD,ODESSA,TX,79762,(432) 550-3333,https://www.westtexasnissan.com
WORLD CAR NISSAN,12908 INTERSTATE HWY 35 N,SAN ANTONIO,TX,78233,(210) 599-5959,https://www.worldcarnissan.net
KEN GARFF NISSAN OF OREM,285 W UNIVERSITY PKWY,OREM,UT,84058,(801) 494-8694,https://www.kengarffnissanorem.com
KEN GARFF NISSAN OF SALT LAKE,777 S WEST TEMPLE,SALT LAKE CITY,UT,84101,(801) 933-1882,https://www.kengarffnissanslc.com
STEPHEN WADE AUTO CENTER,230 WEST HILTON DRIVE,SAINT GEORGE,UT,84770,(435) 634-4500,https://www.stephenwadenissan.com
TIM DAHLE NISSAN,4528 S STATE ST,MURRAY,UT,84107,(801) 262-5521,https://www.timdahlemurray.com
TIM DAHLE NISSAN BOUNTIFUL,955 N 400 E,N SALT LAKE CITY,UT,84054,(801) 693-7100,https://www.timdahlebountiful.com
TIM DAHLE NISSAN SOUTHTOWNE,11155 S JORDAN GATEWAY,SOUTH JORDAN,UT,84095,(801) 495-3800,https://www.timdahlesouthtowne.com
WILSON NISSAN,328 NORTH MAIN STREET,LOGAN,UT,84321,(435) 752-7355,https://www.wilsonmotornissan.com
YOUNG NISSAN,615 W RIVERDALE RD,RIVERDALE,UT,84405,(877) 452-2981,https://www.youngnissanriverdale.com
AUTO GIANTS NISSAN,14777 RICHMOND HWY,WOODBRIDGE,VA,22191,(703) 497-3000,https://www.agnissanwoodbridge.com
BANISTER NISSAN OF CHESAPEAKE,930 BATTLEFIELD BLVD N,CHESAPEAKE,VA,23320,(757) 644-3405,https://www.banisternissanofchesapeake.com
BANISTER NISSAN OF NORFOLK,1250 N. MILITARY HWY,NORFOLK,VA,23502,(757) 600-5990,https://www.banisternissanofnorfolk.com
CLASSIC NISSAN NEWPORT NEWS,12925 JEFFERSON AVENUE,NEWPORT NEWS,VA,23608,(757) 369-6600,https://www.classicnissannewportnews.com
CLASSIC NISSAN WILLIAMSBURG,6390 RICHMOND RD,WILLIAMSBURG,VA,23188,(757) 234-8800,https://www.classicnissanwilliamsburg.com
CMA'S COLONIAL NISSAN,200 MYERS DR,CHARLOTTESVILLE,VA,22901,(434) 978-3711,https://www.cmascolonialnissan.com
CMA'S VALLEY NISSAN,297 LEE JACKSON HWY,STAUNTON,VA,24401,(540) 213-9600,https://www.cmasvalleynissan.com
DUTCH MILLER NISSAN OF WYTHEVILLE,1405 E MAIN STREET,WYTHEVILLE,VA,24382,(276) 228-8621,https://www.dutchmillernissanofwytheville.com
GREENBRIER NISSAN,1915 HOT SPRINGS RD,COVINGTON,VA,24426,(540) 962-7853,https://www.covingtownnissan.com
GUNTER NISSAN OF MARTINSVILLE,4760 GREENSBORO RD,RIDGEWAY,VA,24148,(276) 956-1212,https://www.gunternissanofmartinsville.com
HALL NISSAN VIRGINIA BEACH,3757 BONNEY RD,VIRGINIA BEACH,VA,23452,(757) 631-7600,https://www.hallnissanofvirginiabeach.com
HYMAN BROS NISSAN,11841 MIDLOTHIAN TURNPIKE,MIDLOTHIAN,VA,23113,(804) 378-3000,https://www.hymanbrosnissan.com
LOYALTY NISSAN,16301 LOYALTY WAY,CHESTER,VA,23831,(804) 414-1700,https://www.loyaltynissanrichmond.com
LOYALTY NISSAN SHORT PUMP,11401 WEST BROAD STREET,RICHMOND,VA,23233,(804) 346-4200,https://www.loyaltynissanshortpump.com
LYNCHBURG NISSAN,18588 FOREST RD,FOREST,VA,24551,(434) 385-7733,https://www.lynchburgnissan.com
NISSAN OF HAMPTON,1134 W MERCURY BLVD,HAMPTON,VA,23666,(757) 838-6111,https://www.nissanofhampton.com
PASSPORT NISSAN OF ALEXANDRIA,150 S PICKETT ST,ALEXANDRIA,VA,22304,(703) 823-9000,https://www.passportnissanva.com
POHANKA NISSAN,10655 PATRIOT HIGHWAY,FREDERICKSBURG,VA,22408,(540) 898-5200,https://www.pohanka-nissan.com
POHANKA NISSAN OF STAFFORD,1 COACHMAN CIRCLE,STAFFORD,VA,22554,(540) 628-2500,https://www.pohankanissanofstafford.com
PRIORITY NISSAN CHANTILLY,14840 STONECROFT CENTER C,CHANTILLY,VA,20151,(703) 889-3700,https://www.prioritynissanchantilly.com
ROBERT WOODALL NISSAN,132 UNION ST BRIDGE RD,DANVILLE,VA,24540,(434) 797-1411,https://www.woodallnissan.com
SHEEHY NISSAN OF MANASSAS,9010 LIBERIA AVE,MANASSAS,VA,20110,(703) 361-5161,https://www.sheehynissanofmanassas.com
SOUTHERN NISSAN CHESAPEAKE,3417 WESTERN BRANCH BLVD,CHESAPEAKE,VA,23321,(757) 673-8000,https://www.southernnissanchesapeake.com
SOUTHERN TEAM NISSAN OF NEW RIVER VALLEY,2130 N FRANKLIN ST,CHRISTIANSBURG,VA,24073,(540) 382-2903,https://www.southernteamnissanofnewrivervalley.com
SOUTHERN TEAM NISSAN OF ROANOKE,6520 PETERS CREEK RD,ROANOKE,VA,24019,(540) 362-4800,https://www.southernteamnissan.com
STEVEN NISSAN,2275 E MARKET ST,HARRISONBURG,VA,22801,(540) 564-1111,https://www.stevennissan.com
TRI-STATE NISSAN,1230 MILLWOOD PIKE,WINCHESTER,VA,22602,(540) 667-6800,https://www.tristatenissan.com
VICTORY NISSAN OF MECHANICSVILLE,6564 MECHANICSVILLE PIKE,MECHANICSVILLE,VA,23111,(804) 417-1012,https://www.victorymechanicsville.com
FORMULA NISSAN,1504 US ROUTE 302,BARRE,VT,5641,(802) 479-2277,https://www.formulanissan.com
FREEDOM NISSAN,1095 SHELBURNE ROAD,SOUTH BURLINGTON,VT,5403,(802) 864-7400,https://www.freedomnissan.com
GARVEY NISSAN,78 ROUTE 7B NORTH EXT,CLARENDON,VT,5759,(802) 775-2355,https://www.garveynissan.com
NISSAN OF BENNINGTON,24 PERFORMANCE DR,BENNINGTON,VT,5201,(802) 447-2301,https://www.benningtonnissan.com
ADVANTAGE NISSAN,5101 AUTO CENTER BLVD,BREMERTON,WA,98312,(360) 373-6300,https://www.advantagenissan.com
ALAN WEBB NISSAN,3608 NE AUTO MALL DR,VANCOUVER,WA,98662,(360) 892-9004,https://www.alanwebbnissan.com
BELLEVUE NISSAN,14762 SE EASTGATE WAY,BELLEVUE,WA,98007,(425) 688-8800,https://WWW.BELLEVUENISSAN.COM
BELLINGHAM NISSAN,1516 IOWA STREET,BELLINGHAM,WA,98229,(360) 733-7300,https://www.bellinghamnissan.com
BILL KORUM'S PUYALLUP NISSAN,101 VALLEY AVE NW,PUYALLUP,WA,98371,(253) 848-4507,https://www.puyallupnissan.com
BILL ROBERTSON NISSAN,928 N. 28TH AVENUE,PASCO,WA,99301,(509) 545-3000,https://www.billrobertsonnissan.com
BURIEN NISSAN,16042 FIRST AVENUE SOUTH,BURIEN,WA,98148,(206) 242-7070,https://www.buriennissan.com
CAMPBELL NISSAN OF EDMONDS,24325 HIGHWAY 99,EDMONDS,WA,98026,(425) 774-2174,https://www.campbellnissanofedmonds.com
CORTES NISSAN,6901 E SPRAGE AVE,SPOKANE VALLEY,WA,99212,(509) 309-8911,https://www.cortesnissan.com
DAN WILDER NISSAN,53 JETTA WAY,PORT ANGELES,WA,98362,(360) 452-9268,https://www.wildernissan.com
KARMART NISSAN,655 AUTO BLVD,BURLINGTON,WA,98233,(360) 757-2277,https://www.karmartnissan.com
LEE JOHNSON NISSAN OF KIRKLAND,13400 NE 124TH ST,KIRKLAND,WA,98034,(425) 821-1400,https://www.kirklandnissan.com
NISSAN OF EVERETT,10500 HIGHWAY 99 SOUTH,EVERETT,WA,98204,(425) 347-5763,https://www.nissanofeverett.com
NISSAN OF WALLA WALLA,1395 DALLES MILITARY RD,WALLA WALLA,WA,99362,(509) 529-7000,https://www.nissanwallawalla.com
OLYMPIA NISSAN,2220 CARRIAGE DR SW,OLYMPIA,WA,98502,(360) 754-5525,https://www.olympianissan.com
PRICE NISSAN OF YAKIMA VALLEY,1010 S 1ST STREET,YAKIMA,WA,98901,(877) 351-6536,https://www.pricenissanofyakimavalley.com
RAIRDON'S NISSAN OF AUBURN,713 35TH STREET NE,AUBURN,WA,98002,(253) 833-4700,https://www.nissanofauburn.com
SPECK NISSAN,61 E ALLEN RD,SUNNYSIDE,WA,98944,(509) 837-5501,https://www.specknissan.com
TACOMA NISSAN,4030 S. TACOMA WAY,TACOMA,WA,98409,(253) 579-1200,https://www.tacomanissan.com
WENDLE NISSAN,9000 N DIVISION ST,SPOKANE,WA,99218,(509) 468-9000,https://www.wendlenissan.com
YOUNKER NISSAN,3401 EAST VALLEY ROAD,RENTON,WA,98057,(425) 251-8100,https://www.younkernissan.com
BERGSTROM NISSAN,3265 S WASHBURN ST,OSHKOSH,WI,54904,(920) 236-1000,https://www.bergstromnissanoshkosh.com
BERGSTROM NISSAN OF APPLETON,2925 VICTORY LANE,APPLETON,WI,54913,(920) 749-3232,https://www.appletonnissan.com
BOB ROHRMAN KENOSHA NISSAN,8050 120TH AVENUE,KENOSHA,WI,53142,(262) 891-3457,https://www.kenoshanissan.com
BOUCHER NISSAN/WAUKESHA,1451 E MORELAND BLVD,WAUKESHA,WI,53186,(262) 542-5500,https://www.waukeshanissan.com
EAU CLAIRE NISSAN,3214 MALL DR,EAU CLAIRE,WI,54701,(715) 833-7777,https://www.eauclairenissan.com
GANDRUD NISSAN,1001 AUTO PLAZA DRIVE,GREEN BAY,WI,54302,(920) 593-1892,https://www.gandrudnissan.com
GORDIE BOUCHER NISSAN,4141 S. 108TH STREET,GREENFIELD,WI,53228,(414) 543-1234,https://www.bouchernissangreenfield.com
JANESVILLE NISSAN,2627 MORSE STREET,JANESVILLE,WI,53545,(608) 314-0808,https://www.janesvillenissan.com
KOCOUREK NISSAN,2700 N. 20TH AVENUE,WAUSAU,WI,54401,(715) 298-7283,https://kocoureknissan.com
NISSAN LAKE COUNTRY,N48W36216 WISCONSIN AVE,OCONOMOWOC,WI,53066,(262) 522-7200,https://www.nissanlakecountry.com
PISCHKE MOTORS NISSAN,517 SOUTH 3RD STREET,LA CROSSE,WI,54601,(608) 791-3000,https://www.pischkenissan.com
ROSEN NISSAN,5505 S 27TH STREET,MILWAUKEE,WI,53221,(414) 282-9300,https://www.rosennissan.com
ROSEN NISSAN/ MADISON,2510 W BELTLINE HWY,MADISON,WI,53713,(608) 276-0335,https://www.rosennissanmadison.com
RUSS DARROW NIS WEST BEND,2665 WEST WASHINGTON ST,WEST BEND,WI,53095,(262) 346-9050,https://www.russdarrownissanofwestbend.com
RUSS DARROW NISSAN,11212 W. METRO AUTO MALL,MILWAUKEE,WI,53224,(414) 246-4693,https://www.russdarrowmilwaukeenissan.com
VAN HORN NISSAN SHEBOYGAN,5515 RACETRACK RD,SHEBOYGAN,WI,53081,(920) 457-8844,https://www.vhnissansheboygan.com
VAN HORN NISSAN STEVENS POINT,301 GREEN AVENUE NORTH,STEVENS POINT,WI,54481,(715) 254-0200,https://www.vhnissanstevenspoint.com
ZIMBRICK NISSAN,5330 HIGH CROSSING BLVD,MADISON,WI,53718,(608) 241-1122,https://www.zimbricknissan.com
COLE NISSAN,RT 460 GREEN VALLEY,BLUEFIELD,WV,24701,(304) 327-0511,https://www.colenissan.com
HARRY GREEN CHEVROLET,1858 E PIKE STREET,CLARKSBURG,WV,26301,(304) 624-6304,https://www.harrygreennissan.com
LEWIS NISSAN,1 PLAZA CENTER,BECKLEY,WV,25801,(304) 253-2755,https://www.lewisnissan.com
MOSES NISSAN,3301 US ROUTE 60,HUNTINGTON,WV,25705,(304) 736-5291,https://www.moses-nissan.com
MOSES NISSAN ST ALBANS,300 MACCORKLE AVE,SAINT ALBANS,WV,25177,(304) 727-2921,https://www.mosesnissan.com
PREMIER NISSAN MORGANTOWN,5394 UNIVERSITY TOWN CTRE,MORGANTOWN,WV,26501,(304) 418-3200,https://www.premiernissanofwv.com
STRAUB NISSAN,205 STRAUB DRIVE,TRIADELPHIA,WV,26059,(304) 232-3250,https://www.straubnissan.com
WHARTON NISSAN,1237 7TH STREET,PARKERSBURG,WV,26102,(304) 485-7511,https://www.whartonnissan.com
BROWER BROTHERS NISSAN,1525 DEWAR DR,ROCK SPRINGS,WY,82901,(307) 382-9515,https://www.browerbrothersnissan.com
HALLADAY NISSAN,1880 WESTLAND RD,CHEYENNE,WY,82001,(307) 634-1511,https://www.halladaynissan.com
VISTA NISSAN,111 SE WYOMING BLVD,CASPER,WY,82609,(307) 462-5260,https://www.vistanissan.com
