Dealer Name,Address,City,State,Zip,Phone,Contact Name,Contact Email,Website,Domains,Notes
SWICKARD CHEVROLET BUICK GMC  OF ANCHORAGE,1300 E 5th Avenue,Anchorage,AK,99501,(907) 279-9641,Wendy Wilkins,,https://www.swickardbuickgmcanchorage.com/,swickardbuickgmcanchorage.com,Title: General Manager | Website: https://www.swickardbuickgmcanchorage.com/ | Source: https://www.swickardbuickgmcanchorage.com/staff (no email published for this contact) | Brand: Buick
ACTION BUICK GMC,211 ROSS CLARK CIRCLE NORTHEAST,DOTHAN,AL,36303,(866) 926-2457,Rex Windsor,,https://www.actionofdothan.com/,actionofdothan.com,Title: General Sales Manager | Website: https://www.actionofdothan.com/ | Source: https://www.actionofdothan.com/staff (no email published for this contact) | Brand: Buick
"BARKLEY BUICK GMC CADILLAC, INC",3575 Skyland Boulevard East,Tuscaloosa,AL,35405,(205) 556-6600,William Adams,,https://www.barkleygmc.com/,barkleygmc.com,Title: Dealer Principal | Website: https://www.barkleygmc.com/ | Source: https://www.barkleygmc.com/dealership/staff.htm (no email published for this contact) | Brand: Buick
BENTLEY BUICK GMC,2120 Drake Ave SW,Huntsville,AL,35805,(256) 536-2475,Lamont Wright,lamont@bentleyauto.com,https://www.bentleygmc.com/,bentleygmc.com,Title: New Car Sales Manager | Website: https://www.bentleygmc.com/ | Source: https://www.bentleygmc.com/staff | Brand: Buick
"BILL SMITH BUICK-GMC, INC.",1940 2nd Avenue NW,Cullman,AL,35055,(866) 734-1884,,,https://www.billsmithbuickgmc.com/,billsmithbuickgmc.com,Website: https://www.billsmithbuickgmc.com/ | Staff page: no_staff_page | Brand: Buick
CARL CANNON INC.,299 Carl Cannon Blvd,Jasper,AL,35501,(205) 384-5561,,,http://www.carlcannonbuickgmc.com/,carlcannonbuickgmc.com,Website: http://www.carlcannonbuickgmc.com/ | Staff page: no_staff_page | Brand: Buick
DEVAN LOWE BUICK GMC,801 W GRAND AVE,RAINBOW CITY,AL,35906,(256) 399-4843,,,https://www.devanloweinc.com/,devanloweinc.com,Website: https://www.devanloweinc.com/ | Staff page: no_staff_page | Brand: Buick
"HOWARD BENTLEY BUICK GMC, INC.",4321 US HIGHWAY 431,ALBERTVILLE,AL,35950,(256) 894-4488,Greg Nettles,,https://www.howardbentleyauto.com/,howardbentleyauto.com,Title: General Sales Manager | Website: https://www.howardbentleyauto.com/ | Source: https://www.howardbentleyauto.com/dealership/staff.htm (no email published for this contact) | Brand: Buick
JIMMY SMITH BUICK-GMC,24450 US 72 E,Athens,AL,35613,(256) 278-4540,,,https://www.jimmysmithbuickgmc.com/,jimmysmithbuickgmc.com,Website: https://www.jimmysmithbuickgmc.com/ | Staff page: blocked | Brand: Buick
MULLINAX BUICK GMC,833 Eastern Blvd,Montgomery,AL,36117,(888) 336-3816,Esteban Ramirez,,https://www.mullinaxbuickgmc.com/,mullinaxbuickgmc.com,Title: General Manager | Website: https://www.mullinaxbuickgmc.com/ | Source: https://www.mullinaxbuickgmc.com/about-us/staff/ (no email published for this contact) | Brand: Buick
"ROYAL AUTOMOTIVE, INC.",3010 Columbiana Rd,Vestavia Hills,AL,35216,(205) 823-3100,Ed Murphy,emurphy@royalautomotive.net,https://www.royalbuickgmc.net/,royalbuickgmc.net,Title: General Sales Manager | Website: https://www.royalbuickgmc.net/ | Source: https://www.royalbuickgmc.net/staff | Brand: Buick
SAM BOSWELL BUICK GMC,1309 Boll Weevil Circle,Enterprise,AL,36330,(334) 347-2266,,,https://www.samboswellbuickgmc.com/,samboswellbuickgmc.com,Website: https://www.samboswellbuickgmc.com/ | Staff page: no_staff_page | Brand: Buick
TAMERON BUICK GMC,27161 HWY 98,DAPHNE,AL,36526,(251) 626-2641,,,https://tameronbuickgmc.com/,tameronbuickgmc.com,Website: https://tameronbuickgmc.com/ | Staff page: blocked | Brand: Buick
ALLEN TILLERY CHEVROLET BUICK GMC,4573 CENTRAL AVE,HOT SPRINGS,AR,71913,(501) 881-4468,,,https://www.allentilleryauto.com/,allentilleryauto.com,Website: https://www.allentilleryauto.com/ | Brand: Buick
"CAVENAUGH AUTO WORLD, INC.",3487 US 67,Walnut Ridge,AR,72476,(870) 886-3561,,,https://www.cavenaughbuickgmc.com/,cavenaughbuickgmc.com,Website: https://www.cavenaughbuickgmc.com/ | Staff page: no_staff_page | Brand: Buick
CENTRAL BUICK GMC,2907 E PARKER,JONESBORO,AR,72404,(870) 738-9381,Josh Ade,,https://www.centralbuickgmc.com/,centralbuickgmc.com,Title: General Sales Manager | Website: https://www.centralbuickgmc.com/ | Source: https://www.centralbuickgmc.com/staff (no email published for this contact) | Brand: Buick
CRAIN BUICK GMC,710 South Amity Road,Conway,AR,72032,(501) 226-1092,Nate Brown,,https://www.crainteamconway.com/,crainteamconway.com,Title: General Sales Manager | Website: https://www.crainteamconway.com/ | Source: https://www.crainteamconway.com/staff (no email published for this contact) | Brand: Buick
CRAIN BUICK GMC OF SPRINGDALE,6372 West Sunset Avenue,Springdale,AR,72762,(479) 368-0339,Jimmy Minks,,https://www.crainbuickgmcofspringdale.com/,crainbuickgmcofspringdale.com,Title: General Sales Manager | Website: https://www.crainbuickgmcofspringdale.com/ | Source: https://www.crainbuickgmcofspringdale.com/staff (no email published for this contact) | Brand: Buick
DAVIS BUICK GMC,200 HWY 412/65 BYP S,Harrison,AR,72601,(877) 241-9635,,,https://www.davisonline.com/,davisonline.com,Website: https://www.davisonline.com/ | Staff page: no_staff_page | Brand: Buick
EVERETT BUICK GMC,21115 I-30,Bryant,AR,72022,(501) 315-7100,Jerry Odom,jodom@everettbgmc.com,https://www.everettbgmc.com/,everettbgmc.com,Title: General Manager | Website: https://www.everettbgmc.com/ | Source: https://www.everettbgmc.com/staff | Brand: Buick
GLEN SAIN CHEVROLET-BUICK-GMC PARAGOULD,6345 Highway 49 South,Paragould,AR,72450,(870) 565-4353,Tim Roswell,,https://www.glensainbuickgmcparagould.com/,glensainbuickgmcparagould.com,Title: General Manager | Website: https://www.glensainbuickgmcparagould.com/ | Source: https://www.glensainbuickgmcparagould.com/staff (no email published for this contact) | Brand: Buick
GWATNEY BUICK GMC,5700 Landers Road,North Little Rock,AR,72117,(501) 945-4444,Justin Ludwig,,https://www.gwatneybuickgmc.com/,gwatneybuickgmc.com,Title: General Sales Manager | Website: https://www.gwatneybuickgmc.com/ | Source: https://www.gwatneybuickgmc.com/about-us/staff/ (no email published for this contact) | Brand: Buick
"HARRY ROBINSON BUICK-GMC, INC.",6000 S 36th Street,Fort Smith,AR,72908,(479) 646-8600,PHILLIPS Internet,,https://www.harryrobinsonbuickgmc.com/,harryrobinsonbuickgmc.com,Title: Sales Manager | Website: https://www.harryrobinsonbuickgmc.com/ | Source: https://www.harryrobinsonbuickgmc.com/staff (no email published for this contact) | Brand: Buick
MCLARTY DANIEL BUICK GMC,2517 SE BEST LANE,BENTONVILLE,AR,72712,(866) 812-3307,,,https://www.bentonvillebuickgmc.com/,bentonvillebuickgmc.com,Website: https://www.bentonvillebuickgmc.com/ | Staff page: no_staff_page | Brand: Buick
ORR CHEVROLET BUICK GMC,1000 Truman Baker Dr,Searcy,AR,72143,(501) 593-4486,,,https://www.orrgmsuperstore.com/,orrgmsuperstore.com,Website: https://www.orrgmsuperstore.com/ | Staff page: no_staff_page | Brand: Buick
SMART CHEVROLET BUICK GMC,#3 SMART DRIVE,WHITE HALL,AR,71602,(870) 619-4786,,,https://www.smartbuickgmc.com/,smartbuickgmc.com,Website: https://www.smartbuickgmc.com/ | Staff page: no_staff_page | Brand: Buick
STANLEY WOOD CHEVROLET BUICK GMC,1674 BATESVILLE BLVD,BATESVILLE,AR,72501,(870) 376-0177,Phil Brissey,,https://www.stanleywoodbuickgmc.com/,stanleywoodbuickgmc.com,Title: General Manager | Website: https://www.stanleywoodbuickgmc.com/ | Source: https://www.stanleywoodbuickgmc.com/staff (no email published for this contact) | Brand: Buick
SUPERIOR BUICK GMC,4264 NORTH COLLEGE AVENUE,fayetteville,AR,72703,(866) 219-1157,,,https://www.superiorgmcnwa.com/,superiorgmcnwa.com,Website: https://www.superiorgmcnwa.com/ | Staff page: no_staff_page | Brand: Buick
"COULTER CADILLAC, INC.",1188 E CAMELBACK RD,PHOENIX,AZ,85014,(602) 714-3112,Paul Glans,,https://www.coulteroncamelback.com/,coulteroncamelback.com,Title: General Manager | Website: https://www.coulteroncamelback.com/ | Source: https://www.coulteroncamelback.com/dealership/staff.htm (no email published for this contact) | Brand: Buick
EARNHARDT BUICK GMC,6315 E AUTO PARK DR,MESA,AZ,85206,(480) 924-0123,Rod Yamamoto,Rodney.Yamamoto@Earnhardt.com,https://www.earnhardtbuickgmc.com/,earnhardtbuickgmc.com,Title: General Sales Manager | Website: https://www.earnhardtbuickgmc.com/ | Source: https://www.earnhardtbuickgmc.com/staff | Brand: Buick
HENRY BROWN BUICK GMC,1550 E Drivers Way,Gilbert,AZ,85297,(866) 634-5693,Kelsey Brown,,https://www.henrybrowngmc.com/,henrybrowngmc.com,Title: Sales Manager | Website: https://www.henrybrowngmc.com/ | Source: https://www.henrybrowngmc.com/staff (no email published for this contact) | Brand: Buick
JONES BUICK GMC CASA GRANDE,2425 E Florence Blvd Ste C,Casa Grande,AZ,85194,(520) 836-3100,,,https://www.jonesbuickgmccasagrande.com/,jonesbuickgmccasagrande.com,Website: https://www.jonesbuickgmccasagrande.com/ | Staff page: no_staff_page | Brand: Buick
"LIBERTY BUICK, INC.",8737 W Bell Rd,Peoria,AZ,85382,(602) 714-3118,SIMON MINDRUT,,https://www.libertybuick.com/,libertybuick.com,Title: General Sales Manager | Website: https://www.libertybuick.com/ | Source: https://www.libertybuick.com/about-us/staff/ (no email published for this contact) | Brand: Buick
QUEBEDEAUX BUICK-GMC,3566 E SPEEDWAY,TUCSON,AZ,85716,(520) 795-5550,,,https://www.qbuickgmc.com/,qbuickgmc.com,Website: https://www.qbuickgmc.com/ | Staff page: no_staff_page | Brand: Buick
ROYAL BUICK GMC – Tucson,815 W Auto Mall Dr,Tucson,AZ,85705,(520) 448-2088,John Donnes,,https://www.royalbuickgmc.com/,royalbuickgmc.com,Title: General Sales Manager | Website: https://www.royalbuickgmc.com/ | Source: https://www.royal-buick-gmc.com/staff (no email published for this contact) | Brand: Buick
TEMPE BUICK GMC,7780 S Autoplex Loop,Tempe,AZ,85284,(480) 302-9780,,,https://www.coultertempe.com/,coultertempe.com,Website: https://www.coultertempe.com/ | Staff page: blocked | Brand: Buick
VAN CHEVROLET BUICK GMC,8585 E Frank Lloyd Wright Blvd,Scottsdale,AZ,85260,(480) 676-4871,,,https://www.vanbuickgmc.com/,vanbuickgmc.com,Website: https://www.vanbuickgmc.com/ | Staff page: blocked | Brand: Buick
YATES BUICK GMC INC.,13845 W Test Drive,Goodyear,AZ,85338,(623) 748-0839,Matthew Van Horne,,https://www.yatesbuickgmc.com/,yatesbuickgmc.com,Title: General Sales Manager | Website: https://www.yatesbuickgmc.com/ | Source: https://www.yatesbuickgmc.com/staff (no email published for this contact) | Brand: Buick
CAPOSIO BUICK GMC,14555 civic dr,victorville,CA,92394,(866) 205-7435,,,https://www.caposio.com/,caposio.com,Website: https://www.caposio.com/ | Staff page: blocked | Brand: Buick
CASA DE CADILLAC BUICK GMC SHERMAN OAKS,14401 VENTURA BLVD,SHERMAN OAKS,CA,91423,(818) 981-2000,JORGE VIRGEN,,https://www.buickgmcshermanoaks.com/,buickgmcshermanoaks.com,Title: Sales Manager | Website: https://www.buickgmcshermanoaks.com/ | Source: https://www.buickgmcshermanoaks.com/dealership/staff.htm (no email published for this contact) | Brand: Buick
DUBLIN BUICK GMC,4400 John Monego Ct,Dublin,CA,94568,(925) 560-4400,Joseph Mesa,,https://www.dublinbuickgmc.com/,dublinbuickgmc.com,Title: General Manager | Website: https://www.dublinbuickgmc.com/ | Source: https://www.dublinbuickgmc.com/staff (no email published for this contact) | Brand: Buick
DUTTON MOTOR COMPANY,8201 Auto Dr.,RIVERSIDE,CA,92504,(951) 643-7012,,,https://www.duttonbuickgmc.com/,duttonbuickgmc.com,Website: https://www.duttonbuickgmc.com/ | Staff page: no_staff_page | Brand: Buick
ELK GROVE BUICK GMC,8450 Laguna Grove Dr.,ELK GROVE,CA,95757,(916) 691-2700,,,https://www.elkgrovebuickgmc.com/,elkgrovebuickgmc.com,Website: https://www.elkgrovebuickgmc.com/ | Staff page: no_staff_page | Brand: Buick
FOLSOM BUICK GMC,12640 AUTO MALL CIR,FOLSOM,CA,95630,(916) 355-1414,Joel Banuelos,jbanuelos@folsombuickgmc.com,https://www.folsombuickgmc.com/,folsombuickgmc.com,Title: Sales & Leasing Consultant | Website: https://www.folsombuickgmc.com/ | Source: https://www.folsombuickgmc.com/staff | Brand: Buick
FREMONT BUICK GMC CADILLAC,5939 AUTO MALL PARKWAY,FREMONT,CA,94538,(510) 270-2972,,,https://www.fremontbuickgmc.com/,fremontbuickgmc.com,Website: https://www.fremontbuickgmc.com/ | Staff page: no_staff_page | Brand: Buick
FRESNO BUICK GMC,5515 N BLACKSTONE AVE,Fresno,CA,93710,(559) 257-4014,JEFF KAERCHER,,https://www.fresnobuickgmc.com/,fresnobuickgmc.com,Title: General Sales Manager | Website: https://www.fresnobuickgmc.com/ | Source: https://www.fresnobuickgmc.com/about-us/staff/ (no email published for this contact) | Brand: Buick
HARDIN BUICK GMC,1321 Auto Center Drive,Anaheim,CA,92806,(866) 653-8850,Manuel Garcia,mgarcia@hardin.com,https://www.hardinbuickgmc.com/,hardinbuickgmc.com,Title: Sales Manager | Website: https://www.hardinbuickgmc.com/ | Source: https://www.hardinbuickgmc.com/staff | Brand: Buick
HATFIELD BUICK GMC,301 E Redlands Blvd,Redlands,CA,92373,(909) 793-3238,Rod Shelffo,,https://www.hatfieldbuick.com/,hatfieldbuick.com,Title: General Sales Manager | Website: https://www.hatfieldbuick.com/ | Source: https://www.hatfieldbuick.com/dealership/staff.htm (no email published for this contact) | Brand: Buick
JESSUP AUTO PLAZA,68111 E PALM CANYON DR,CATHEDRAL CITY,CA,92234,(760) 904-0525,Dan Jessup,,https://www.jessupbuickgmc.com/,jessupbuickgmc.com,Title: General Manager | Website: https://www.jessupbuickgmc.com/ | Source: https://www.jessupbuickgmc.com/staff (no email published for this contact) | Brand: Buick
MARK CHRISTOPHER AUTO CENTER,2131 convention center way,ontario,CA,91764,(888) 964-5407,,,https://www.markchristopherbuickgmc.com/,markchristopherbuickgmc.com,Website: https://www.markchristopherbuickgmc.com/ | Staff page: blocked | Brand: Buick
MARVIN K. BROWN BUICK,1441 Camino Del Rio South,San Diego,CA,92108,(800) 640-0204,Eddie Lopez,,https://www.mkb.com/,mkb.com,Title: General Sales Manager | Website: https://www.mkb.com/ | Source: https://www.mkb.com/about-us/staff/ (no email published for this contact) | Brand: Buick
MOTOR CITY BUICK GMC,3101 Pacheco Rd,Bakersfield,CA,93313,(661) 412-0258,MIGUEL HEREDIA,,https://www.motorcitygmc.com/,motorcitygmc.com,Title: General Sales Manager | Website: https://www.motorcitygmc.com/ | Source: https://www.motorcitygmc.com/dealership/staff.htm (no email published for this contact) | Brand: Buick
PENSKE BUICK GMC OF CERRITOS,18400 S STUDEBAKER RD,CERRITOS,CA,90703,(877) 900-7513,Amiri Executive,,https://www.cerritosgm.com/,cerritosgm.com,Title: General Manager | Website: https://www.cerritosgm.com/ | Source: https://www.cerritosgm.com/staff (no email published for this contact) | Brand: Buick
PENSKE CADILLAC BUICK GMC SOUTH BAY,18600 Hawthorne Blvd,Torrance,CA,90504,(310) 697-1800,Amiri Executive,,https://www.torrancegm.com/,torrancegm.com,Title: General Manager | Website: https://www.torrancegm.com/ | Source: https://www.torrancegm.com/staff (no email published for this contact) | Brand: Buick
PREMIER BUICK GMC OF CARLSBAD,5556 Pasedo Del Norte,Carlsbad,CA,92008,(888) 902-0507,,,https://www.carlsbadbuickgmc.com/,carlsbadbuickgmc.com,Website: https://www.carlsbadbuickgmc.com/ | Staff page: no_staff_page | Brand: Buick
RELIABLE CADILLAC,400 Automall Dr,Roseville,CA,95661,(916) 783-5233,Insurance Ryan,,https://www.reliablebuickgmc.com/,reliablebuickgmc.com,Title: General Sales Manager | Website: https://www.reliablebuickgmc.com/ | Source: https://www.reliablebuickgmc.com/staff (no email published for this contact) | Brand: Buick
SIMPSON BUICK GMC OF BUENA PARK,6600 AUTO CENTER DR,BUENA PARK,CA,90621,(714) 252-4514,Riyaz Mansuri,,https://www.simpsonbuickgmcbuenapark.com/,simpsonbuickgmcbuenapark.com,Title: General Sales Manager | Website: https://www.simpsonbuickgmcbuenapark.com/ | Source: https://www.simpsonbuickgmcbuenapark.com/dealership/staff.htm (no email published for this contact) | Brand: Buick
STONE CHEVROLET BUICK GMC,2100 E TULARE AVE,TULARE,CA,93274,(559) 366-4465,JASON MARTIN,,https://www.stonebuickgmc.com/,stonebuickgmc.com,Title: General Sales Manager | Website: https://www.stonebuickgmc.com/ | Source: https://www.stonebuickgmc.com/staff (no email published for this contact) | Brand: Buick
STOWASSER BUICK GMC,600 E Betteravia Rd,Santa Maria,CA,93454,(805) 354-5232,Donald W. Kemp,,https://www.stowassergmc.com/,stowassergmc.com,Title: General Sales Manager | Website: https://www.stowassergmc.com/ | Source: https://www.stowassergmc.com/staff (no email published for this contact) | Brand: Buick
SWICKARD BUICK GMC OF THOUSAND OAKS,601 Auto Mall Dr,Thousand Oaks,CA,91362,(805) 691-2325,Omar Gulam,,https://www.swickardbuickgmcthousandoaks.com/,swickardbuickgmcthousandoaks.com,Title: General Manager | Website: https://www.swickardbuickgmcthousandoaks.com/ | Source: https://www.swickardbuickgmcthousandoaks.com/staff (no email published for this contact) | Brand: Buick
TEMECULA VALLEY BUICK GMC,27420 YNEZ RD,Temecula,CA,92591,(951) 643-8834,,,,,Brand: Buick
"THOMPSON CHEVROLET BUICK GMC, INC.","701, S. 2nd ST.",PATTERSON,CA,95363,(209) 892-3311,Ray Salinas,,https://www.thompsonbuickgmc.com/,thompsonbuickgmc.com,Title: Sales Manager | Website: https://www.thompsonbuickgmc.com/ | Source: https://www.thompsonbuickgmc.com/staff (no email published for this contact) | Brand: Buick
THORSON BUICK GMC,3456 E COLORADO BLVD,PASADENA,CA,91107,(626) 314-1139,Josh Levine,jlevine@thorsonmotorcenter.com,https://www.thorsonmotorcenter.com/,thorsonmotorcenter.com,Title: General Sales Manager | Website: https://www.thorsonmotorcenter.com/ | Source: https://www.thorsonmotorcenter.com/staff | Brand: Buick
TUSTIN BUICK GMC,1 AUTO CENTER DR,TUSTIN,CA,92782,(714) 669-3699,Emil Cain,,https://www.tustingmc.com/,tustingmc.com,Title: General Sales Manager | Website: https://www.tustingmc.com/ | Source: https://www.tustingmc.com/dealership/staff.htm (no email published for this contact) | Brand: Buick
ALPINE BUICK GMC,3106 WEST COUNTY LINE ROAD,Littleton,CO,80129,(720) 826-7170,Emilie Metzler,,https://www.alpinebuickgmc.com/,alpinebuickgmc.com,Title: General Sales Manager | Website: https://www.alpinebuickgmc.com/ | Source: https://www.alpinebuickgmc.com/staff (no email published for this contact) | Brand: Buick
"ALPINE BUICK GMC SOUTH, INC",1313 MOTOR CITY DR,COLORADO SPRINGS,CO,80905,(719) 636-3881,Scott Murphy,,https://www.alpinebuickgmcsouth.com/,alpinebuickgmcsouth.com,Title: Sales Consultant | Website: https://www.alpinebuickgmcsouth.com/ | Source: https://www.alpinebuickgmcsouth.com/staff (no email published for this contact) | Brand: Buick
AUTONATION BUICK GMC PARK MEADOWS,8101 PARKWAY DRIVE,LONE TREE,CO,80124,(720) 836-7095,,,https://www.autonationbuickgmcparkmeadows.com/,autonationbuickgmcparkmeadows.com,Website: https://www.autonationbuickgmcparkmeadows.com/ | Staff page: no_staff_page | Brand: Buick
AUTONATION BUICK GMC WEST,16400 W COLFAX AVE,GOLDEN,CO,80401,(303) 578-6095,,,https://www.autonationbuickgmcwest.com/,autonationbuickgmcwest.com,Website: https://www.autonationbuickgmcwest.com/ | Staff page: no_staff_page | Brand: Buick
"JOE FERGUSON BUICK GMC,  INC",950 S. Academy Blvd,Colorado Springs,CO,80910,(719) 896-2773,Stephan Larson,,https://www.joefergusonbuickgmc.com/,joefergusonbuickgmc.com,Title: General Sales Manager | Website: https://www.joefergusonbuickgmc.com/ | Source: https://www.joefergusonbuickgmc.com/staff (no email published for this contact) | Brand: Buick
"JOHNSON AUTO PLAZA, INC.",12410 E 136th ave,brighton,CO,80601,(303) 418-4008,,,https://www.johnsongmcbuick.com/,johnsongmcbuick.com,Website: https://www.johnsongmcbuick.com/ | Staff page: blocked | Brand: Buick
LOVELAND BUICK GMC,4175 Byrd Drive,Loveland,CO,80538,(970) 292-5324,,,https://www.lovelandbuickgmc.com/,lovelandbuickgmc.com,Website: https://www.lovelandbuickgmc.com/ | Staff page: no_staff_page | Brand: Buick
MARKLEY BUICK GMC,3325 South College Avenue,Fort Collins,CO,80525,(877) 847-9815,PAUL BUTTERMORE,,https://www.markleygm.com/,markleygm.com,Title: General Sales Manager | Website: https://www.markleygm.com/ | Source: https://www.markleygm.com/about-us/staff/ (no email published for this contact) | Brand: Buick
SHORTLINE BUICK GMC,1301 South Havana Street,Aurora,CO,80012,(303) 751-3400,Jovany Hidrogo,jhidrogo@shortlineauto.com,https://www.shortlinebuickgmc.com/,shortlinebuickgmc.com,Title: Sales Manager | Website: https://www.shortlinebuickgmc.com/ | Source: https://www.shortlinebuickgmc.com/staff | Brand: Buick
"BRUSTOLON BUICK GMC, INC.",47 STONINGTON WESTERLY ROAD,MYSTIC,CT,06355,(860) 536-2626,Kevin Tobey,Ktobey@brustolon.com,https://www.brustolon.com/,brustolon.com,Title: Sales Manager | Website: https://www.brustolon.com/ | Source: https://www.brustolon.com/staff | Brand: Buick
D'ADDARIO BUICK GMC,329 Bridgeport Avenue,Shelton,CT,06484,(203) 929-5391,Kestenbaum GM,,https://www.mariodaddario.com/,mariodaddario.com,Title: General Sales Manager | Website: https://www.mariodaddario.com/ | Source: https://www.mariodaddario.com/staff (no email published for this contact) | Brand: Buick
INGERSOLL AUTO OF DANBURY,84 Federal Rd,Danbury,CT,06810,(203) 730-5766,Jim LeBlanc,,https://www.ingersollbuickgmcofdanbury.com/,ingersollbuickgmcofdanbury.com,Title: Sales Manager | Website: https://www.ingersollbuickgmcofdanbury.com/ | Source: https://www.ingersollbuickgmcofdanbury.com/staff (no email published for this contact) | Brand: Buick
"VACHON BUICK GMC, INC.",225 Middlesex Tpke,Old Saybrook,CT,06475,(860) 388-9166,Steven Doss,,https://www.checkvachonbuickgmc.com/,checkvachonbuickgmc.com,Title: General Sales Manager | Website: https://www.checkvachonbuickgmc.com/ | Source: https://www.checkvachonbuickgmc.com/staff (no email published for this contact) | Brand: Buick
"HERTRICH BUICK GMC, INC.",26953 Sussex Highway,Seaford,DE,19973,(302) 990-8736,THOMPSON III,,https://www.hertrichgmcbuick.com/,hertrichgmcbuick.com,Title: General Manager | Website: https://www.hertrichgmcbuick.com/ | Source: https://www.hertrichgmcbuick.com/dealership/staff.htm (no email published for this contact) | Brand: Buick
IG BURTON LEWES CHEVROLET BUICK GMC,17861 COASTAL HWY,LEWES,DE,19958,(302) 645-6221,Chris Diaferio,cdiaferio@igburton.com,https://www.igburtonbuickgmclewes.com/,igburtonbuickgmclewes.com,Title: General Manager | Website: https://www.igburtonbuickgmclewes.com/ | Source: https://www.igburtonbuickgmclewes.com/staff | Brand: Buick
KENT COUNTY MOTOR SALES CO.,2181 S Dupont Hwy,Dover,DE,19901,(302) 697-3000,Jay Whitby,,https://www.kentcountymotors.com/,kentcountymotors.com,Title: General Manager | Website: https://www.kentcountymotors.com/ | Source: https://www.kentcountymotors.com/about-us/staff/ (no email published for this contact) | Brand: Buick
UNION PARK BUICK GMC,1722 Pennsylvania Avenue,Wilmington,DE,19806,(302) 429-5629,Buick GMC,,https://www.unionparkbuickgmc.com/,unionparkbuickgmc.com,Title: General Manager | Website: https://www.unionparkbuickgmc.com/ | Source: https://www.unionparkbuickgmc.com/staff (no email published for this contact) | Brand: Buick
"ARCADIA CHEVROLET BUICK, INC.",210 S BREVARD,ARCADIA,FL,34266,(877) 228-6168,,,https://www.arcadiabuick.com/,arcadiabuick.com,Website: https://www.arcadiabuick.com/ | Staff page: no_staff_page | Brand: Buick
BRICKELL BUICK & GMC,665 SW 8TH ST,Miami,FL,33130,(877) 844-1641,,,https://www.brickellbuickgmc.com/,brickellbuickgmc.com,Website: https://www.brickellbuickgmc.com/ | Staff page: blocked | Brand: Buick
BUICK GMC BROOKSVILLE,15164 Cortez Blvd,Brooksville,FL,34613,(352) 796-3554,Joseph Gyuricsko,,https://www.buickgmcbrooksville.com/,buickgmcbrooksville.com,Title: General Sales Manager | Website: https://www.buickgmcbrooksville.com/ | Source: https://www.buickgmcbrooksville.com/about-us/staff/ (no email published for this contact) | Brand: Buick
BUICK GMC OF NORTH MIAMI,21200 NW 2nd Ave,Miami,FL,33169,(786) 701-7900,Hebert Costafreda,,https://www.buickgmcofnorthmiami.com/,buickgmcofnorthmiami.com,Title: General Manager | Website: https://www.buickgmcofnorthmiami.com/ | Source: https://www.buickgmcofnorthmiami.com/about-us/staff/ (no email published for this contact) | Brand: Buick
BUICK LAKELAND,5210 Florida Ave S,Lakeland,FL,33813,(863) 315-9871,Glen McGuire,,https://www.buicklakeland.com/,buicklakeland.com,Title: General Sales Manager | Website: https://www.buicklakeland.com/ | Source: https://www.buicklakeland.com/about-us/staff/ (no email published for this contact) | Brand: Buick
CARL BLACK CHEVROLET BUICK GMC OF ORLANDO,11500 East Colonial Drive,Orlando,FL,32817,(888) 502-0763,Bryan Levitt,,https://www.carlblackoforlandobuickgmc.com/,carlblackoforlandobuickgmc.com,Title: General Sales Manager | Website: https://www.carlblackoforlandobuickgmc.com/ | Source: https://www.carlblackoforlandobuickgmc.com/about-us/staff/ (no email published for this contact) | Brand: Buick
"CENTRAL BUICK, GMC, INC.",1555 1ST ST S,WINTER HAVEN,FL,33880,(863) 508-6693,Brandon Huston,,https://www.centralbuickgmctruck.com/,centralbuickgmctruck.com,Title: Sales Manager | Website: https://www.centralbuickgmctruck.com/ | Source: https://www.centralbuickgmctruck.com/staff (no email published for this contact) | Brand: Buick
CENTURY BUICK GMC,3308 West Hillsborough Ave,Tampa,FL,33614,(813) 574-6855,Mark Chernowski,,https://www.centurybuickgmc.com/,centurybuickgmc.com,Title: Sales Manager | Website: https://www.centurybuickgmc.com/ | Source: https://www.centurybuickgmc.com/staff.aspx (no email published for this contact) | Brand: Buick
COAST BUICK GMC,10133 US 19,Port Richey,FL,34668,(727) 862-5411,CHRISTIAN WEST,cwest@coastbgc.com,https://www.coastbuickgmc.com/,coastbuickgmc.com,Title: General Sales Manager | Website: https://www.coastbuickgmc.com/ | Source: https://www.coastbuickgmc.com/staff | Brand: Buick
COGGIN BUICK-GMC OF ORANGE PARK,7245 Blanding Blvd,Jacksonville,FL,32244,(904) 682-9278,Chris Sheets,,https://www.cogginbuickgmc.com/,cogginbuickgmc.com,Title: General Sales Manager | Website: https://www.cogginbuickgmc.com/ | Source: https://www.cogginbuickgmc.com/dealership/staff.htm (no email published for this contact) | Brand: Buick
CONLEY BUICK GMC,800 CORTEZ RD W,Bradenton,FL,34207,(941) 348-6449,Kyle Levins,klevins@conleybuickgmc.com,https://www.conleybuickgmc.com/,conleybuickgmc.com,Title: General Sales Manager | Website: https://www.conleybuickgmc.com/ | Source: https://www.conleybuickgmc.com/staff | Brand: Buick
CORAL SPRINGS BUICK GMC,9300 W ATLANTIC BLVD,Coral Springs,FL,33065,(954) 507-4921,,,https://www.coralspringsgmcbuick.com/,coralspringsgmcbuick.com,Website: https://www.coralspringsgmcbuick.com/ | Staff page: no_staff_page | Brand: Buick
CROWN BUICK GMC,5237 34th st n,Saint Petersburg,FL,33714,(727) 498-1424,,,https://www.crowngmcbuick.com/,crowngmcbuick.com,Website: https://www.crowngmcbuick.com/ | Staff page: blocked | Brand: Buick
DALE EARNHARDT JR. BUICK GMC CADILLAC,1850 Capital Cir NE,Tallahassee,FL,32308,(850) 391-5472,,,https://www.daleearnhardtjrbuickgmc.com/,daleearnhardtjrbuickgmc.com,Website: https://www.daleearnhardtjrbuickgmc.com/ | Staff page: no_staff_page | Brand: Buick
DAVID SCOTT LEE BUICK GMC,4300 S Ferdon Blvd,Crestview,FL,32536,(850) 683-8411,,,https://www.crestviewbuickgmc.com/,crestviewbuickgmc.com,Website: https://www.crestviewbuickgmc.com/ | Staff page: blocked | Brand: Buick
DELRAY BUICK GMC,2400 S FEDERAL HWY,Delray Beach,FL,33483,(561) 778-7185,Kevin Connolly,,https://www.delraybuickgmc.com/,delraybuickgmc.com,Title: General Manager | Website: https://www.delraybuickgmc.com/ | Source: https://www.delraybuickgmc.com/dealership/staff.htm (no email published for this contact) | Brand: Buick
DEVOE BUICK GMC,1411 Solana Rd,Naples,FL,34103,(239) 603-6915,JOHN SHEPHERD,jshepherd@devoeauto.com,https://www.devoebuickgmc.com/,devoebuickgmc.com,Title: General Manager | Website: https://www.devoebuickgmc.com/ | Source: https://www.devoebuickgmc.com/staff | Brand: Buick
"DIXIE BUICK GMC TRUCK, INC.",14565 S TAMIAMI TRAIL,Fort Myers,FL,33912,(239) 489-0600,Jamie Wood,,https://www.dixiebg.com/,dixiebg.com,Title: General Manager | Website: https://www.dixiebg.com/ | Source: https://www.dixiebg.com/dealership/staff.htm (no email published for this contact) | Brand: Buick
"EAGLE BUICK-GMC, INC.",1275 S. Suncoast Blvd.,Homosassa,FL,34448,(352) 436-4797,Ron Elson,,https://www.eaglebuickgmc.com/,eaglebuickgmc.com,Title: General Sales Manager | Website: https://www.eaglebuickgmc.com/ | Source: https://www.eaglebuickgmc.com/staff (no email published for this contact) | Brand: Buick
ED MORSE SAWGRASS AUTO MALL,14351 West Sunrise Blvd.,Sunrise,FL,33323,(844) 385-2995,Jordan Schear,,https://www.edmorsesawgrassbuickgmc.com/,edmorsesawgrassbuickgmc.com,Title: General Sales Manager | Website: https://www.edmorsesawgrassbuickgmc.com/ | Source: https://www.edmorsesawgrassbuickgmc.com/staff (no email published for this contact) | Brand: Buick
FERMAN BUICK GMC,24252 State Rd 54,Lutz,FL,33559,(813) 544-2879,Jay Cadwallader,,https://www.fermanbuickgmc.com/,fermanbuickgmc.com,Title: General Manager | Website: https://www.fermanbuickgmc.com/ | Source: https://www.fermanbuickgmc.com/about-us/staff/ (no email published for this contact) | Brand: Buick
FOUNTAIN BUICK GMC,8701 s obt,orlando,FL,32809,(866) 542-9135,,,https://www.fountainbuickgmctruck.com/,fountainbuickgmctruck.com,Website: https://www.fountainbuickgmctruck.com/ | Staff page: no_staff_page | Brand: Buick
GARBER BUICK GMC OF FT. PIERCE,5255 S US HWY 1,Fort Pierce,FL,34982,(772) 732-4354,Zach Swarthout,,https://www.garberbuickgmc.com/,garberbuickgmc.com,Title: General Sales Manager | Website: https://www.garberbuickgmc.com/ | Source: https://www.garberbuickgmc.com/dealership/staff.htm (no email published for this contact) | Brand: Buick
"GARBER CHEVROLET BUICK GMC, INC.",3340 HIGHWAY 17,Green Cove Springs,FL,32043,(904) 650-5629,Shane Gault,,https://www.garberautomallbuickgmc.com/,garberautomallbuickgmc.com,Title: General Manager | Website: https://www.garberautomallbuickgmc.com/ | Source: https://www.garberautomallbuickgmc.com/dealership/staff.htm (no email published for this contact) | Brand: Buick
GETTEL CHEVROLET BUICK GMC,1901 Tamiami Trail,Punta Gorda,FL,33950,(941) 347-9911,,,https://www.gettelbuickgmc.com/,gettelbuickgmc.com,Website: https://www.gettelbuickgmc.com/ | Staff page: no_staff_page | Brand: Buick
JACK HANANIA BUICK GMC,2250 U.S. 1,St. Augustine,FL,32086,(904) 850-8588,,,https://www.jackhananiabuickgmc.com/,jackhananiabuickgmc.com,Website: https://www.jackhananiabuickgmc.com/ | Staff page: blocked | Brand: Buick
"KELLEY BUICK GMC, INC.",255 West Van Fleet Dr,Bartow,FL,33830,(888) 572-1839,Brandon Wundrow,bwundrow@kelleybuickgmc.com,https://www.kelleybuickgmc.com/,kelleybuickgmc.com,Title: New Car Sales Manager | Website: https://www.kelleybuickgmc.com/ | Source: https://www.kelleybuickgmc.com/staff | Brand: Buick
KEY BUICK GMC,4660 Southside Blvd,Jacksonville,FL,32216,(904) 642-6060,Derek Archer,,https://www.keybuickgmc.com/,keybuickgmc.com,Title: General Sales Manager | Website: https://www.keybuickgmc.com/ | Source: https://www.keybuickgmc.com/dealership/staff.htm (no email published for this contact) | Brand: Buick
LINUS CADILLAC BUICK GMC,1401 U.S. 1,Vero Beach,FL,32960,(772) 562-1700,,,https://www.linusautomotive.com/,linusautomotive.com,Website: https://www.linusautomotive.com/ | Staff page: no_staff_page | Brand: Buick
LORENZO BUICK GMC,8447 NW 12TH ST,MIAMI,FL,33126,(786) 801-2470,,,https://www.lorenzobuickgmc.com/,lorenzobuickgmc.com,Website: https://www.lorenzobuickgmc.com/ | Staff page: no_staff_page | Brand: Buick
MCKENZIE BUICK-GMC,6500 Caroline St,Milton,FL,32570,(850) 623-3481,,,https://www.mckenziemotors.com/,mckenziemotors.com,Website: https://www.mckenziemotors.com/ | Staff page: blocked | Brand: Buick
NIMNICHT BUICK GMC,11503 Philips Hwy,JACKSONVILLE,FL,32256,(904) 425-0822,Jackie Lynch,,https://www.nimnichtbuickgmc.com/,nimnichtbuickgmc.com,Title: General Manager | Website: https://www.nimnichtbuickgmc.com/ | Source: https://www.nimnichtbuickgmc.com/meet-our-staff/ (no email published for this contact) | Brand: Buick
ORANGE BUICK GMC,3883 W Colonial Dr.,Orlando,FL,32808,(407) 584-9070,,,https://www.orangebuickgmc.com/,orangebuickgmc.com,Website: https://www.orangebuickgmc.com/ | Staff page: blocked | Brand: Buick
"PHILLIPS BUICK-GMC TRUCK, INC.",2160 US-441 #27,FRUITLAND PARK,FL,34731,(352) 728-1212,T. Costas,,https://www.phillipsbuickgmctruck.com/,phillipsbuickgmctruck.com,Title: General Manager | Website: https://www.phillipsbuickgmctruck.com/ | Source: https://www.phillipsbuickgmctruck.com/staff.aspx (no email published for this contact) | Brand: Buick
RITCHEY BUICK GMC,932 N NOVA RD,DAYTONA BEACH,FL,32117,(386) 867-8196,Brett Serbousek,,https://www.ritcheybuickgmc.com/,ritcheybuickgmc.com,Title: General Manager | Website: https://www.ritcheybuickgmc.com/ | Source: https://www.ritcheybuickgmc.com/staff (no email published for this contact) | Brand: Buick
RIVARD BUICK GMC,9740 ADAMO DR,TAMPA,FL,33619,(813) 620-6500,Justin Ramer,j.ramer@rivardbuickgmc.com,https://www.rivardbuickgmc.com/,rivardbuickgmc.com,Title: General Sales Manager | Website: https://www.rivardbuickgmc.com/ | Source: https://www.rivardbuickgmc.com/staff | Brand: Buick
"RON ANDERSON CHEVROLET BUICK GMC, INC.",464054 E State Rd 200,Yulee,FL,32097,(904) 261-6821,,,https://www.ronandersonbuickgmc.comronandersonchevy.com/,ronandersonbuickgmc.comronandersonchevy.com,Website: https://www.ronandersonbuickgmc.comronandersonchevy.com/ | Staff page: no_staff_page | Brand: Buick
SAM BOSWELL BUICK GMC MT. DORA,17605 US Hwy 441,Mt Dora,FL,32757,(352) 357-4181,,,https://www.samboswellbuickgmcmtdora.com/,samboswellbuickgmcmtdora.com,Website: https://www.samboswellbuickgmcmtdora.com/ | Staff page: blocked | Brand: Buick
SCHUMACHER BUICK GMC,3031 OKEECHOBEE BLVD,WEST PALM BEACH,FL,33409,(561) 693-1090,Dean Lead,,https://www.schumacherpalmbeach.com/,schumacherpalmbeach.com,Title: Sales Manager | Website: https://www.schumacherpalmbeach.com/ | Source: https://www.schumacherpalmbeach.com/dealership/staff.htm (no email published for this contact) | Brand: Buick
SCHUMACHER CHEVROLET-BUICK-GMC,3720 northlake blvd.,Lake Park,FL,33403,(561) 760-1492,,,https://www.schumacherlakepark.com/,schumacherlakepark.com,Website: https://www.schumacherlakepark.com/ | Staff page: blocked | Brand: Buick
"SHEEHAN BUICK GMC, INC.",2800 N. Federal Highway,LIGHTHOUSE POINT,FL,33064,(754) 224-3254,Buick GMC,,https://www.sheehanbuickgmc.com/,sheehanbuickgmc.com,Title: Sales Manager | Website: https://www.sheehanbuickgmc.com/ | Source: https://www.sheehanbuickgmc.com/staff (no email published for this contact) | Brand: Buick
STARLING BUICK GMC OF STUART,2445 SE Federal Hwy,Stuart,FL,34994,(772) 919-4768,,,https://www.starlingbuickgmcstuart.com/,starlingbuickgmcstuart.com,Website: https://www.starlingbuickgmcstuart.com/ | Staff page: no_staff_page | Brand: Buick
STEP ONE BUICK GMC PENSACOLA,5651 Pensacola Blvd,Pensacola,FL,32505,(850) 433-7671,Steve Massey,smassey@steponeauto.com,https://www.buickgmcpensacola.com/,buickgmcpensacola.com,Title: General Manager | Website: https://www.buickgmcpensacola.com/ | Source: https://www.buickgmcpensacola.com/meet-the-team/ | Brand: Buick
SULLIVAN BUICK GMC TRUCK,4000 SW COLLEGE RD,OCALA,FL,34474,(352) 620-0008,Zach Ellis,,https://www.ocalabuickgmc.com/,ocalabuickgmc.com,Title: General Manager | Website: https://www.ocalabuickgmc.com/ | Source: https://www.ocalabuickgmc.com/about-us/staff/ (no email published for this contact) | Brand: Buick
SUNSET CHEVROLET-BUICK-GMC,1800 BAY RD,SARASOTA,FL,34239,(941) 366-7800,Michael Freeman,,https://www.sunsetbuickgmc.com/,sunsetbuickgmc.com,Title: General Manager | Website: https://www.sunsetbuickgmc.com/ | Source: https://www.sunsetbuickgmc.com/dealership/staff.htm (no email published for this contact) | Brand: Buick
TASCA BUICK GMC – MELBOURNE,510 E NASA BLVD,MELBOURNE,FL,32901,(321) 247-7124,Tim Strom,,https://www.tascabuickgmcmelbourne.com/,tascabuickgmcmelbourne.com,Title: General Sales Manager | Website: https://www.tascabuickgmcmelbourne.com/ | Source: https://www.tascabuickgmc.com/about-us/staff/ (no email published for this contact) | Brand: Buick
TASCA BUICK GMC CLEARWATER,18200 US HWY 19 N,CLEARWATER,FL,33764,(888) 241-8032,Joe Clagg,,https://www.tascabuickgmcclearwater.com/,tascabuickgmcclearwater.com,Title: General Manager | Website: https://www.tascabuickgmcclearwater.com/ | Source: https://www.tascabuickgmcclearwater.com/about-us/staff/ (no email published for this contact) | Brand: Buick
TASCA BUICK GMC PALM HARBOR,30777 US HWY 19 N,PALM HARBOR,FL,34684,(877) 701-7890,JASON AUSTIN,,https://www.tascabuickgmcpalmharbor.com/,tascabuickgmcpalmharbor.com,Title: Bdc Manager | Website: https://www.tascabuickgmcpalmharbor.com/ | Source: https://www.tascabuickgmcpalmharbor.com/about-us/staff/ (no email published for this contact) | Brand: Buick
VERA CADILLAC BUICK GMC,300 S University Drive,Pembroke Pines,FL,33025,(954) 362-9458,,,https://www.verabuickgmc.com/,verabuickgmc.com,Website: https://www.verabuickgmc.com/ | Staff page: blocked | Brand: Buick
WILLIAMSON BUICK GMC,7815 SW 104 Street,Miami,FL,33156,(305) 670-7340,Beny Ledesma,,https://www.williamsonautomotivegroup.com/,williamsonautomotivegroup.com,Title: General Sales Manager | Website: https://www.williamsonautomotivegroup.com/ | Source: https://www.williamsonbuickgmc.com/staff (no email published for this contact) | Brand: Buick
"CAPITAL BUICK GMC, LLC",2150 Cobb Parkway SE,Smyrna,GA,30080,(770) 872-0704,Steffon Stevenson,,https://www.capitalbpg.com/,capitalbpg.com,Title: General Sales Manager | Website: https://www.capitalbpg.com/ | Source: https://www.capitalbpg.com/staff (no email published for this contact) | Brand: Buick
"CARL BLACK BUICK GMC, LLC",11225 Alpharetta Hwy,Roswell,GA,30076,(888) 491-7859,Matt Hernandez,,https://www.carlblackroswell.com/,carlblackroswell.com,Title: General Sales Manager | Website: https://www.carlblackroswell.com/ | Source: https://www.carlblackroswell.com/about-us/staff/ (no email published for this contact) | Brand: Buick
"CARL BLACK CHEVROLET BUICK GMC, INC.",1110 Roberts Blvd NW,Kennesaw,GA,30144,(888) 457-2417,Louis Spaeth,,https://www.carlblackkennesawbuickgmc.com/,carlblackkennesawbuickgmc.com,Title: General Sales Manager | Website: https://www.carlblackkennesawbuickgmc.com/ | Source: https://www.carlblackkennesawbuickgmc.com/about-us/staff/ (no email published for this contact) | Brand: Buick
COLONIAL BUICK GMC,3965 Atlanta Hwy,Loganville,GA,30052,(770) 962-1200,Phil Cook,,https://www.colonialgmc.com/,colonialgmc.com,Title: General Sales Manager | Website: https://www.colonialgmc.com/ | Source: https://www.colonialgmc.com/dealership/staff.htm (no email published for this contact) | Brand: Buick
"CRITZ, INC.",7000 Abercorn Street,Savannah,GA,31406,(912) 470-5373,Wes Asselin,,https://www.critzbuickgmc.com/,critzbuickgmc.com,Title: General Sales Manager | Website: https://www.critzbuickgmc.com/ | Source: https://www.critzbuickgmc.com/dealership/staff.htm (no email published for this contact) | Brand: Buick
"HAYES CHEVROLET, BUICK, GMC, CADILLAC",3656 HWY 365,ALTO,GA,30510,(877) 255-2794,Adam Ramey,,https://www.hayesbuickgmc.com/,hayesbuickgmc.com,Title: Sales Manager | Website: https://www.hayesbuickgmc.com/ | Source: https://www.hayesbuickgmc.com/dealership/staff.htm (no email published for this contact) | Brand: Buick
JIM ELLIS BUICK GMC,5862 PEACHTREE  BLVD.,atlanta,GA,30341,(770) 676-3287,Patrick Bernard,,https://www.jimellisbuickgmcatlanta.com/,jimellisbuickgmcatlanta.com,Title: General Sales Manager | Website: https://www.jimellisbuickgmcatlanta.com/ | Source: https://www.jimellisbuickgmcatlanta.com/about-us/staff/ (no email published for this contact) | Brand: Buick
JIM ELLIS BUICK GMC MALL OF GEORGIA,3600 BUFORD DR,BUFORD,GA,30519,(770) 872-0884,Jason Dowdy,,https://www.jimellisbuickgmcmog.com/,jimellisbuickgmcmog.com,Title: General Manager | Website: https://www.jimellisbuickgmcmog.com/ | Source: https://www.jimellisbuickgmcmog.com/about-us/staff/ (no email published for this contact) | Brand: Buick
"JIM HARDMAN BUICK GMC, INC.",1592 Browns Bridge Rd,Gainesville,GA,30501,(770) 718-3154,,,https://www.hardmancars.com/,hardmancars.com,Website: https://www.hardmancars.com/ | Staff page: no_staff_page | Brand: Buick
JOHN MILES CHEVROLET BUICK GMC,950 Dogwood Dr,Conyers,GA,30012,(678) 374-4691,,,https://www.johnmileschevy.com/,johnmileschevy.com,Website: https://www.johnmileschevy.com/ | Brand: Buick
JOHN THORNTON BUICK GMC,1492 N Park St,Carrollton,GA,30117,(770) 832-9602,RYAN DODSON,,https://www.johnthorntonbuickgmc.com/,johnthorntonbuickgmc.com,Title: General Sales Manager | Website: https://www.johnthorntonbuickgmc.com/ | Source: https://www.johnthorntonbuickgmc.com/dealership/staff.htm (no email published for this contact) | Brand: Buick
"MASTER BUICK GMC, INC.",3710 Washington Rd,Augusta,GA,30907,(706) 955-2237,Frank Ward,fward@masterautomotive.com,https://www.masterbuickgmc.com/,masterbuickgmc.com,Title: General Sales Manager | Website: https://www.masterbuickgmc.com/ | Source: https://www.masterbuickgmc.com/meet-the-team/ | Brand: Buick
RICK HENDRICK BUICK GMC,3244 Commerce Ave NW,Duluth,GA,30096,(678) 389-4650,Michael Dinardi,,https://www.rickhendrickbuickgmcatlanta.com/,rickhendrickbuickgmcatlanta.com,Title: General Manager | Website: https://www.rickhendrickbuickgmcatlanta.com/ | Source: https://www.rickhendrickbuickgmcatlanta.com/about-us/staff/ (no email published for this contact) | Brand: Buick
SOUTHTOWNE CHEVROLET BUICK GMC,695 Bullsboro Dr.,Newnan,GA,30265,(678) 619-4902,MARK LENTZ,,https://www.southtownebuickgmc.com/,southtownebuickgmc.com,Title: General Sales Manager | Website: https://www.southtownebuickgmc.com/ | Source: https://www.southtownebuickgmc.com/about-us/staff/ (no email published for this contact) | Brand: Buick
"BILLION COMMUNITY, INC.",2733 MORMAN TREK,IOWA CITY,IA,52240,(319) 900-4355,Tyson Williams,,https://www.billioncommunitybuickgmc.com/,billioncommunitybuickgmc.com,Title: General Sales Manager | Website: https://www.billioncommunitybuickgmc.com/ | Source: https://www.billioncommunitybuickgmc.com/staff (no email published for this contact) | Brand: Buick
BOB BROWN BUICK GMC,1405 SE Oralabor Rd,Ankeny,IA,50021,(877) 229-5482,Dallas Buck,,https://www.bobbrownbuickgmc.com/,bobbrownbuickgmc.com,Title: General Sales Manager | Website: https://www.bobbrownbuickgmc.com/ | Source: https://www.bobbrownbuickgmc.com/about-us/staff/ (no email published for this contact) | Brand: Buick
"BROWN'S SALES AND LEASING, INC.",109 Gunder Road,Elkader,IA,52043,(563) 245-2505,,,https://www.brownselkaderbuick.com/,brownselkaderbuick.com,Website: https://www.brownselkaderbuick.com/ | Staff page: blocked | Brand: Buick
"COMMUNITY BUICK GMC, INC.",4030 LOWES BLVD,Waterloo,IA,50701,(319) 234-5300,Tom Bell,,https://www.communitybuickgmc.com/,communitybuickgmc.com,Title: Sales Manager | Website: https://www.communitybuickgmc.com/ | Source: https://www.communitybuickgmc.com/about-us/staff/ (no email published for this contact) | Brand: Buick
ED MORSE CHEVROLET BUICK GMC – MUSCATINE,501 W BYP 61,MUSCATINE,IA,52761,(563) 272-2306,Mark Wood,,https://www.edmorsebuickgmcmuscatine.com/,edmorsebuickgmcmuscatine.com,Title: General Manager | Website: https://www.edmorsebuickgmcmuscatine.com/ | Source: https://www.edmorsebuickgmcrolla.com/staff (no email published for this contact) | Brand: Buick
EDWARDS CHEVROLET BUICK GMC,3400 South Expressway Street,Council Bluffs,IA,51501,(877) 623-2166,,,https://www.edwardsbuickgmc.com/,edwardsbuickgmc.com,Website: https://www.edwardsbuickgmc.com/ | Staff page: blocked | Brand: Buick
GREEN BUICK GMC INC.,3210 E Kimberly,Davenport,IA,52807,(563) 823-5973,Jim Anderson,,https://www.greenbuickgmc.com/,greenbuickgmc.com,Title: General Manager | Website: https://www.greenbuickgmc.com/ | Source: https://www.greenbuickgmc.com/about-us/staff/ (no email published for this contact) | Brand: Buick
"GREGG YOUNG BUICK GMC, LLC",3001 N Jefferson Way,Indianola,IA,50125,(515) 961-7461,Sean O'leary,,https://www.gybuickgmc.net/,gybuickgmc.net,Title: General Manager | Website: https://www.gybuickgmc.net/ | Source: https://www.gybuickgmc.net/dealership/staff.htm (no email published for this contact) | Brand: Buick
H & N CHEVROLET-BUICK CO.,713 N Grand Ave,Spencer,IA,51301,(877) 668-0545,Adam Hart,harthnchevy@gmail.com,https://www.hnchevy.com/,hnchevy.com,Title: General Manager | Website: https://www.hnchevy.com/ | Source: https://www.hnchevy.com/staff | Brand: Buick
"HI-WAY CHEVROLET BUICK, INC.",1427 10th st,Rock Valley,IA,51247,(800) 344-7087,Vanden Bosch,,https://www.hiwaychevrolet.com/,hiwaychevrolet.com,Title: General Manager | Website: https://www.hiwaychevrolet.com/ | Source: https://www.hiwaychevrolet.com/staff (no email published for this contact) | Brand: Buick
"JERRY ROLING MOTORS, INC.",1775 4th St SW,Waverly,IA,50677,(319) 352-1650,Craig Gunderson,,https://www.jerryrolingbuick.com/,jerryrolingbuick.com,Title: General Manager | Website: https://www.jerryrolingbuick.com/ | Source: https://www.jerryrolingbuick.com/staff (no email published for this contact) | Brand: Buick
KEMNA AUTO OF FORT DODGE,10 South 25th Street,Fort Dodge,IA,50501,(515) 515-0072,Bob Snider,bob@kemna.com,https://www.kemnabuickgmc.com/,kemnabuickgmc.com,Title: General Manager | Website: https://www.kemnabuickgmc.com/ | Source: https://www.Kemnabuickgmc.com/staff | Brand: Buick
LAUTERBACH BUICK-GMC,2900 1st Ave E,Newton,IA,50208,(877) 671-5838,JASON LAUTERBACH,,https://www.lauterbachcars.net/,lauterbachcars.net,Title: General Manager | Website: https://www.lauterbachcars.net/ | Source: https://www.lauterbachcars.net/staff (no email published for this contact) | Brand: Buick
MCGRATH BUICK GMC CADILLAC,1600A 51st ST NE,Cedar Rapids,IA,52402,(319) 243-3123,,,https://www.mcgrathbgc.com/,mcgrathbgc.com,Website: https://www.mcgrathbgc.com/ | Staff page: blocked | Brand: Buick
RICHARDSON BUICK-CADILLAC-GMC TRUCK,5400 Westside Dr,Dubuque,IA,52003,(563) 582-5411,Justin Hendrickson,,https://www.richardsongm.com/,richardsongm.com,Title: Sales Manager | Website: https://www.richardsongm.com/ | Source: https://www.richardsongm.com/dealership/staff.htm (no email published for this contact) | Brand: Buick
"SHOTTENKIRK, INC.",5031 AVENUE O,FORT MADISON,IA,52627,(319) 259-5048,Jamie Mundth,,https://www.shottenkirkbuickgmc.com/,shottenkirkbuickgmc.com,Title: General Manager | Website: https://www.shottenkirkbuickgmc.com/ | Source: https://www.shottenkirkbuickgmc.com/about-us/staff/ (no email published for this contact) | Brand: Buick
STEW HANSEN BUICK GMC,9060 Hickman Road,Clive,IA,50325,(515) 217-3590,,,https://www.stewhansenbuickgmc.com/,stewhansenbuickgmc.com,Website: https://www.stewhansenbuickgmc.com/ | Staff page: no_staff_page | Brand: Buick
VAUGHN AUTOMOTIVE,1311 VAUGHN DRIVE,OTTUMWA,IA,52501,(877) 243-1769,,,https://www.vaughnbuickgmc.com/,vaughnbuickgmc.com,Website: https://www.vaughnbuickgmc.com/ | Staff page: no_staff_page | Brand: Buick
HIRNING BUICK GMC,509 Yellowstone Ave,Pocatello,ID,83201,(866) 720-9580,Chris Sanders,,https://www.hirningauto.com/,hirningauto.com,Title: General Sales Manager | Website: https://www.hirningauto.com/ | Source: https://www.hirningauto.com/dealership/staff.htm (no email published for this contact) | Brand: Buick
KENDALL CHEVROLET BUICK GMC OF NAMPA,15700 Idaho Center Blvd,Nampa,ID,83687,(833) 927-0216,,,https://www.kendallgmcbuicknampa.com/,kendallgmcbuicknampa.com,Website: https://www.kendallgmcbuicknampa.com/ | Staff page: blocked | Brand: Buick
PETERSON CHEVROLET BUICK CADILLAC,12300 W FAIRVIEW AVE,BOISE,ID,83713,(208) 297-7167,,,https://www.petersonbuick.com/,petersonbuick.com,Website: https://www.petersonbuick.com/ | Staff page: no_staff_page | Brand: Buick
ROBIDEAUX MOTORS CO.,351 W Dalton Ave,Coeur d'Alene,ID,83815,(208) 664-8202,Tim Mee,,https://www.robideaux.com/,robideaux.com,Title: General Manager | Website: https://www.robideaux.com/ | Source: https://www.robideaux.com/staff (no email published for this contact) | Brand: Buick
WACKERLI AUTO CENTER,1363 N. Holmes Ave,Idaho Falls,ID,83401,(208) 522-6060,Garcia Assistant,giovannigarcia@gowackerli.com,https://www.wackerligm.com/,wackerligm.com,Title: Sales Manager | Website: https://www.wackerligm.com/ | Source: https://www.wackerligm.com/staff | Brand: Buick
ADVANTAGE BUICK GMC,6201 LAGRANGE RD,HODGKINS,IL,60525,(708) 579-5000,,,https://hodgkinsbuickgmc.com/,hodgkinsbuickgmc.com,Website: https://hodgkinsbuickgmc.com/ | Staff page: blocked | Brand: Buick
AL PIEMONTE BUICK GMC,364 W GRAND AVE,ELMHURST,IL,60126,(888) 408-3323,Dan Judd,,https://www.apbuickgmc.com/,apbuickgmc.com,Title: General Sales Manager | Website: https://www.apbuickgmc.com/ | Source: https://www.apbuickgmc.com/about-us/staff/ (no email published for this contact) | Brand: Buick
ARLINGTON HEIGHTS BUICK GMC,777 W Dundee Rd,Arlington Heights,IL,60004,(847) 392-6660,called in,,https://www.ahbuickgmc.com/,ahbuickgmc.com,Title: General Sales Manager | Website: https://www.ahbuickgmc.com/ | Source: https://www.ahbuickgmc.com/about-us/staff/ (no email published for this contact) | Brand: Buick
ARNIE BAUER BUICK GMC CADILLAC,5525 Miller Circle Dr,Matteson,IL,60443,(708) 843-9295,Brunious Internet,mbrunious@arniebauer.com,https://www.arniebauer.com/,arniebauer.com,Title: Sales Manager | Website: https://www.arniebauer.com/ | Source: https://www.arniebauer.com/staff | Brand: Buick
AUFFENBERG OF CARBONDALE,1015 E Walnut St.,Carbondale,IL,62901,(618) 319-4671,Aaron VanVooren,,https://www.auffenbergcarbondale.com/,auffenbergcarbondale.com,Title: General Sales Manager | Website: https://www.auffenbergcarbondale.com/ | Source: https://www.auffenbergcarbondale.com/about-us/staff/ (no email published for this contact) | Brand: Buick
BARKER MOTOR COMPANY,2030 Ireland Grove Rd,Bloomington,IL,61704,(888) 894-2851,Meads Yount,,https://www.barkermotorco.net/,barkermotorco.net,Title: General Sales Manager | Website: https://www.barkermotorco.net/ | Source: https://www.barkermotorco.net/about-us/staff/ (no email published for this contact) | Brand: Buick
BAUM CHEVROLET-BUICK COMPANY,810 W. Van Buren,Clinton,IL,61727,(217) 935-3156,SHAWN EVANS,,https://www.baumbuick.com/,baumbuick.com,Title: General Sales Manager | Website: https://www.baumbuick.com/ | Source: https://www.baumbuick.com/staff (no email published for this contact) | Brand: Buick
BILL KAY BUICK GMC,2300 Ogden Ave,Downers Grove,IL,60515,(630) 598-1028,,,https://www.billkaybuickgmc.com/,billkaybuickgmc.com,Website: https://www.billkaybuickgmc.com/ | Staff page: blocked | Brand: Buick
"BOB BRADY BUICK GMC, INC.",1500 Koester Dr,Forsyth,IL,62535,(217) 615-4554,Maurice Brown,,https://www.bobbradygm.com/,bobbradygm.com,Title: New Car Sales Manager | Website: https://www.bobbradygm.com/ | Source: https://www.bobbradygm.com/about-us/staff/ (no email published for this contact) | Brand: Buick
"BOB BROCKLAND BUICK GMC, INC.",580 Old State Route 3,Columbia,IL,62236,(618) 221-9870,Brent Ward,,https://www.brockland.com/,brockland.com,Title: General Manager | Website: https://www.brockland.com/ | Source: https://www.brockland.com/staff (no email published for this contact) | Brand: Buick
CARDINAL BUICK GMC INC.,3800 West State IL 15,Belleville,IL,62226,(618) 233-0303,,,https://www.cardinalbuickgmc.com/,cardinalbuickgmc.com,Website: https://www.cardinalbuickgmc.com/ | Staff page: no_staff_page | Brand: Buick
"CASTLE BUICK-GMC, INC.",7400 Cermak Rd,North Riverside,IL,60546,(708) 442-7474,,,https://www.castlebuickgmc.com/,castlebuickgmc.com,Website: https://www.castlebuickgmc.com/ | Staff page: blocked | Brand: Buick
D'ARCY BUICK-GMC,2022 ESSINGTON RD,Joliet,IL,60435,(815) 230-2064,Luke Sillar,,https://www.darcybuickgmc.com/,darcybuickgmc.com,Title: General Sales Manager | Website: https://www.darcybuickgmc.com/ | Source: https://www.darcybuickgmc.com/about-us/staff/ (no email published for this contact) | Brand: Buick
DIEPHOLZ CHEVROLET BUICK GMC,631 W Lincoln Ave,Charleston,IL,61920,(217) 348-0141,,,https://www.diepholzautobuickgmc.com/,diepholzautobuickgmc.com,Website: https://www.diepholzautobuickgmc.com/ | Staff page: blocked | Brand: Buick
"DRALLE CHEVROLET AND BUICK, INC",103 N HARLEM,PEOTONE,IL,60468,(708) 258-5209,,,https://www.drallebuick.com/,drallebuick.com,Website: https://www.drallebuick.com/ | Staff page: blocked | Brand: Buick
DRALLE CHEVROLET BUICK GMC,1090 E WALNUT ST,WATSEKA,IL,60970,(815) 432-4948,,,https://www.drallebuickgmc.com/,drallebuickgmc.com,Website: https://www.drallebuickgmc.com/ | Staff page: blocked | Brand: Buick
"EAGLESON AUTOMOTIVE CENTER, INC.",520 Whittle Avenue,Olney,IL,62450,(618) 241-0201,,,https://www.eaglesonbuickgmc.com/,eaglesonbuickgmc.com,Website: https://www.eaglesonbuickgmc.com/ | Staff page: no_staff_page | Brand: Buick
"HAGGERTY BUICK GMC, INC.",300 W ROOSEVELT ROAD,VILLA PARK,IL,60181,(630) 279-2000,Danny Haggerty,,https://www.haggertybuickgmc.com/,haggertybuickgmc.com,Title: Sales Manager | Website: https://www.haggertybuickgmc.com/ | Source: https://www.haggertybuickgmc.com/staff (no email published for this contact) | Brand: Buick
HOVE BUICK GMC INC.,1380 N Kinzie Ave,Bradley,IL,60915,(815) 614-1547,Jay Smith,,https://www.hovebuickgmc.com/,hovebuickgmc.com,Title: Sales Manager | Website: https://www.hovebuickgmc.com/ | Source: https://www.hovebuickgmc.com/staff (no email published for this contact) | Brand: Buick
JEFF PERRY BUICK GMC,1421 37th St,Peru,IL,61354,(815) 780-9741,Marla Pearson,marla@jeffperrygm.com,https://www.jeffperrygm.com/,jeffperrygm.com,Title: General Sales Manager | Website: https://www.jeffperrygm.com/ | Source: https://www.jeffperrygm.com/staff | Brand: Buick
K. C. SUMMERS BUICK GMC,117 S 19TH ST,MATTOON,IL,61938,(888) 550-4782,Mike Genta,,https://www.kcsummersbuickgmc.com/,kcsummersbuickgmc.com,Title: General Manager | Website: https://www.kcsummersbuickgmc.com/ | Source: https://www.kcsummersbuickgmc.com/staff (no email published for this contact) | Brand: Buick
"KEN NELSON AUTO PLAZA, INC.",1100 N GALENA AVE,DIXON,IL,61021,(815) 288-4455,,,https://www.kennelsonbuickgmc.com/,kennelsonbuickgmc.com,Website: https://www.kennelsonbuickgmc.com/ | Staff page: blocked | Brand: Buick
KEY AUTO MALL,3700 16th St,Moline,IL,61265,(309) 798-1581,,,https://www.keybuickgmcmoline.com/,keybuickgmcmoline.com,Website: https://www.keybuickgmcmoline.com/ | Staff page: blocked | Brand: Buick
"LANDMARK OF TAYLORVILLE, INC.",1531 W SPRINGFIELD RD,TAYLORVILLE,IL,62568,(217) 824-2255,Bill Pinkston,Bill.Pinkston@landmarkauto.com,https://www.landmarkbuickgmc.com/,landmarkbuickgmc.com,Title: General Manager | Website: https://www.landmarkbuickgmc.com/ | Source: https://www.landmarkbuickgmc.com/staff | Brand: Buick
"LAURA BUICK-GMC, INC.",903 North Bluff Road,Collinsville,IL,62234,(618) 312-1487,,,https://www.laurabuickgmc.com/,laurabuickgmc.com,Website: https://www.laurabuickgmc.com/ | Staff page: no_staff_page | Brand: Buick
LIGHTHOUSE BUICK GMC,100 W Jackson St,Morton,IL,61550,(309) 266-1919,Joel Brown,joelb@lighthousegmc.com,https://www.lighthousegmc.com/,lighthousegmc.com,Title: Sales & Leasing Consultant | Website: https://www.lighthousegmc.com/ | Source: https://www.lighthousegmc.com/staff | Brand: Buick
LOU BACHRODT CHEVROLET BUICK GMC,7070 Cherryvale N. Blvd,Rockford,IL,61112,(815) 332-3000,Dimitrios Maravelas,dimitrios.maravelas@bachrodt.com,https://www.bachrodtbuickgmc.com/,bachrodtbuickgmc.com,Title: General Sales Manager | Website: https://www.bachrodtbuickgmc.com/ | Source: https://www.bachrodtbuickgmc.com/staff | Brand: Buick
MARION CHEVROLET BUICK GMC,2604 W DEYOUNG,MARION,IL,62959,(618) 364-4741,,,https://www.buickgmcofmarion.com/,buickgmcofmarion.com,Website: https://www.buickgmcofmarion.com/ | Staff page: no_staff_page | Brand: Buick
"MIKE HAGGERTY BUICK GMC, INC.",9301 S CICERO AVE,OAK LAWN,IL,60453,(877) 879-8868,Ernesto Soule,esoule@haggertycars.com,https://www.haggertycars.com/,haggertycars.com,Title: Sales Associate | Website: https://www.haggertycars.com/ | Source: https://www.haggertycars.com/staff | Brand: Buick
NAPLETON BUICK GMC,6305 Northwest Highway,Crystal Lake,IL,60014,(815) 477-8600,Nick Ludford,,https://www.napletoncrystallake.com/,napletoncrystallake.com,Title: General Manager | Website: https://www.napletoncrystallake.com/ | Source: https://www.napletonbuickgmc.com/about/staff/ (no email published for this contact) | Brand: Buick
NAPLETON DOWNTOWN BUICK GMC,2720 S. Michigan Ave.,Chicago,IL,60616,(872) 225-0637,,,https://chicagochevybuickgmc.com/,chicagochevybuickgmc.com,Website: https://chicagochevybuickgmc.com/ | Staff page: no_staff_page | Brand: Buick
NAPLETON'S SCHAUMBURG BUICK GMC,100 West Golf Rd,Schaumburg,IL,60195,(847) 805-8231,Manny Herrera,mherrera@napletonmail.com,https://www.schaumburgbuickgmc.com/,schaumburgbuickgmc.com,Title: General Sales Manager | Website: https://www.schaumburgbuickgmc.com/ | Source: https://www.schaumburgbuickgmc.com/staff | Brand: Buick
"POAGE AUTO PLAZA, INC.",4300 Broadway,Quincy,IL,62305,(217) 617-4617,Chris Quinn,,https://www.poageautoplaza.com/,poageautoplaza.com,Title: General Manager | Website: https://www.poageautoplaza.com/ | Source: https://www.poageautoplaza.com/staff (no email published for this contact) | Brand: Buick
QUALITY BUICK GMC,1620 homer adams pkwy,Alton,IL,62002,(877) 875-0572,,,https://www.qualitygmcars.com/,qualitygmcars.com,Website: https://www.qualitygmcars.com/ | Staff page: blocked | Brand: Buick
"RAY DENNISON BUICK GMC CADILLAC, INC.",2220 N 8th,Pekin,IL,61554,(309) 346-1181,,,https://www.raydennsionbuickgmc.com/,raydennsionbuickgmc.com,Website: https://www.raydennsionbuickgmc.com/ | Staff page: no_staff_page | Brand: Buick
RIDINGS CHEVROLET-BUICK,500 W Center St,Monticello,IL,61856,(217) 762-2576,,,https://www.rickridingsbuick.com/,rickridingsbuick.com,Website: https://www.rickridingsbuick.com/ | Staff page: blocked | Brand: Buick
"RIZZA BUICK GMC CADILLAC, INC.",8425 W 159TH STREET,TINLEY PARK,IL,60487,(708) 840-7542,Jim Allegretti,,https://www.rizzabuickgmc.com/,rizzabuickgmc.com,Title: General Manager | Website: https://www.rizzabuickgmc.com/ | Source: https://www.rizzabuickgmc.com/about-us/staff/ (no email published for this contact) | Brand: Buick
RUSS BRAUNECKER BUICK GMC,2309 S BANKER,EFFINGHAM,IL,62401,(866) 705-8238,Matt Braunecker,,https://www.russbrauneckerautogroup.com/,russbrauneckerautogroup.com,Title: General Manager | Website: https://www.russbrauneckerautogroup.com/ | Source: https://www.russbrauneckerautogroup.com/staff (no email published for this contact) | Brand: Buick
"S & K BUICK-GMC, INC.",1400 S Dirksen Pkwy,Springfield,IL,62703,(217) 544-0771,,,https://www.skbuickgmc.com/,skbuickgmc.com,Website: https://www.skbuickgmc.com/ | Staff page: blocked | Brand: Buick
SERRA BUICK GMC CHAMPAIGN,1404 NORTH DUNLAP AVE,Savoy,IL,61874,(217) 373-6103,,,https://www.serrabuickgmcchampaign.com/,serrabuickgmcchampaign.com,Website: https://www.serrabuickgmcchampaign.com/ | Staff page: blocked | Brand: Buick
"STEVE SCHMITT, INC.",12631 STATE ROUTE 143,HIGHLAND,IL,62249,(618) 309-4866,CHRIS MARTZ,,https://www.steveschmittbuickgmc.com/,steveschmittbuickgmc.com,Title: General Manager | Website: https://www.steveschmittbuickgmc.com/ | Source: https://www.steveschmittbuickgmc.com/dealership/staff.htm (no email published for this contact) | Brand: Buick
WOODY BUICK GMC OF GURNEE,5589 Northridge Dr,Gurnee,IL,60031,(847) 693-4799,Daniel Dominguez,,https://www.woodybuickgmcgurnee.com/,woodybuickgmcgurnee.com,Title: Sales Manager | Website: https://www.woodybuickgmcgurnee.com/ | Source: https://www.woodybuickgmcgurnee.com/about-us/staff/ (no email published for this contact) | Brand: Buick
"WOODY BUICK-GMC, INC.",1585 W OGDEN AVE,NAPERVILLE,IL,60540,(630) 470-6426,Daniel Dominguez,,https://www.woodycars.com/,woodycars.com,Title: Sales Manager | Website: https://www.woodycars.com/ | Source: https://www.woodycars.com/about-us/staff/ (no email published for this contact) | Brand: Buick
YEMM CHEVROLET-BUICK-GMC,2195 N. Henderson St.,Galesburg,IL,61401,(309) 247-1657,Justin Wright,,https://www.yemmbuickgmc.com/,yemmbuickgmc.com,Title: General Sales Manager | Website: https://www.yemmbuickgmc.com/ | Source: https://www.yemmbuickgmc.com/dealership/staff.htm (no email published for this contact) | Brand: Buick
ZEIGLER BUICK GMC OF LINCOLNWOOD,6900 McCormick Boulevard,Lincolnwood,IL,60712,(847) 383-0282,Tony Kokaljari,,https://www.zeiglergmbuick.com/,zeiglergmbuick.com,Title: Sales Manager | Website: https://www.zeiglergmbuick.com/ | Source: https://www.zeiglergmbuick.com/about-us/staff/ (no email published for this contact) | Brand: Buick
"ANDY MOHR BUICK GMC, INC",9295 E 131st St,Fishers,IN,46038,(317) 489-0689,ERIC WILSON,,https://www.andymohrgmcbuick.com/,andymohrgmcbuick.com,Title: General Manager | Website: https://www.andymohrgmcbuick.com/ | Source: https://www.andymohrgmcbuick.com/staff (no email published for this contact) | Brand: Buick
"BOB LUEGERS MOTORS, INC.",1050 Wernsing Road,Jasper,IN,47546,(812) 482-5141,Dave Luegers,,https://www.bobluegers.com/,bobluegers.com,Title: General Sales Manager | Website: https://www.bobluegers.com/ | Source: https://www.bobluegers.com/about-us/staff/ (no email published for this contact) | Brand: Buick
"CIRCLE BUICK GMC, INC.",2440 45th St,Highland,IN,46322,(219) 865-4400,Druktenis Senior,,https://www.circleautomotive.com/,circleautomotive.com,Title: Sales Consultant | Website: https://www.circleautomotive.com/ | Source: https://www.circleautomotive.com/staff (no email published for this contact) | Brand: Buick
"CURRIE MOTORS BUICK GMC, INC.",1551 W US Hwy 30,Valparaiso,IN,46385,(219) 246-4505,Brenden Danford,,https://www.curriebuickgmc.com/,curriebuickgmc.com,Title: General Sales Manager | Website: https://www.curriebuickgmc.com/ | Source: https://www.curriebuickgmc.com/about-us/staff/ (no email published for this contact) | Brand: Buick
"CURRY AUTO CENTER, INC.",2906 E Buick Cadillac Blvd,Bloomington,IN,47401,(812) 355-6560,Mike Waymire,,https://www.currybuickgmc.com/,currybuickgmc.com,Title: Executive Manager | Website: https://www.currybuickgmc.com/ | Source: https://www.CurryBuickGMC.com/dealership/staff.htm (no email published for this contact) | Brand: Buick
ED MARTIN BUICK GMC,9896 N MICHIGAN RD,CARMEL,IN,46032,(317) 429-0359,Zach Frutiger,,https://www.edmartinbuickgmc.com/,edmartinbuickgmc.com,Title: General Manager | Website: https://www.edmartinbuickgmc.com/ | Source: https://www.edmartinbuickgmc.com/staff (no email published for this contact) | Brand: Buick
ED MARTIN BUICK GMC OF ANDERSON,2901 S SCATTERFIELD RD,ANDERSON,IN,46013,(765) 649-1253,,,https://edmartinbuickgmcofanderson.com/,edmartinbuickgmcofanderson.com,Website: https://edmartinbuickgmcofanderson.com/ | Staff page: no_staff_page | Brand: Buick
FUSON BUICK GMC,4325 US Highway 41 S,Terre Haute,IN,47802,(888) 635-0389,DAVID FUSON,,https://www.drivefuson.com/,drivefuson.com,Title: General Manager | Website: https://www.drivefuson.com/ | Source: https://www.drivefuson.com/dealership/staff.htm (no email published for this contact) | Brand: Buick
GREG HUBLER BUICK GMC,1101 N. Baldwin Ave.,Marion,IN,46952,(765) 662-3831,Michael Ambler,,https://www.greghublerbuickgmc.com/,greghublerbuickgmc.com,Title: General Manager | Website: https://www.greghublerbuickgmc.com/ | Source: https://www.greghublerbuickgmc.com/about-us/staff/ (no email published for this contact) | Brand: Buick
GURLEY-LEEP BUICK GMC,215 W. Douglas Road,Mishawaka,IN,46545,(574) 271-3700,Rocky Faragoi,,https://www.gurleyleepgmgiant.com/,gurleyleepgmgiant.com,Title: General Manager | Website: https://www.gurleyleepgmgiant.com/ | Source: https://www.gurleyleepgmgiant.com/about-us/staff/ (no email published for this contact) | Brand: Buick
"H. E. MCGONIGAL, INC.",2828 E Markland Ave,Kokomo,IN,46901,(765) 293-4101,TRAVIS SHEDRON,,https://mcgonigalgm.com/,mcgonigalgm.com,Title: General Sales Manager | Website: https://mcgonigalgm.com/ | Source: https://www.mcgonigalgm.com/dealership/staff.htm (no email published for this contact) | Brand: Buick
"HOBSON CHEVROLET BUICK GMC, LLC",655 W SOUTHVIEW DR,MARTINSVILLE,IN,46151,(765) 792-4476,,,https://www.hobsonbuickgmc.com/,hobsonbuickgmc.com,Website: https://www.hobsonbuickgmc.com/ | Staff page: blocked | Brand: Buick
"HUBBARD AUTO CENTER, INC.",901 W Broadway St,Monticello,IN,47960,(574) 583-7121,,,https://www.hubbardbuickgmc.com/,hubbardbuickgmc.com,Website: https://www.hubbardbuickgmc.com/ | Staff page: no_staff_page | Brand: Buick
"HUBLER AUTO CENTER, INC.",1700 N MAIN STREET,RUSHVILLE,IN,46173,(765) 570-4094,Jarrod Amyx,,https://www.hublerbuick.com/,hublerbuick.com,Title: General Sales Manager | Website: https://www.hublerbuick.com/ | Source: https://www.hublerbuick.com/staff (no email published for this contact) | Brand: Buick
HUBLER CHEVROLET BUICK GMC INC.,4687 Dixie Hwy,Bedford,IN,47421,(812) 275-4405,,,https://www.hublerbedfordbuickgmc.com/,hublerbedfordbuickgmc.com,Website: https://www.hublerbedfordbuickgmc.com/ | Staff page: no_staff_page | Brand: Buick
"LOCHMANDY MOTOR SALES, INC.",920 N. Nappanee St,Elkhart,IN,46514,(574) 369-5113,,,https://www.lochmandygm.com/,lochmandygm.com,Website: https://www.lochmandygm.com/ | Staff page: no_staff_page | Brand: Buick
POYNTER BUICK GMC,1209 E TIPTON ST,SEYMOUR,IN,47274,(800) 681-4080,CLINT WASKOM,,https://www.bobpoynterbuickgmc.com/,bobpoynterbuickgmc.com,Title: General Sales Manager | Website: https://www.bobpoynterbuickgmc.com/ | Source: https://www.bobpoynterbuickgmc.com/dealership/staff.htm (no email published for this contact) | Brand: Buick
RAY SKILLMAN GMC,8424 US 31 South,Indianapolis,IN,46227,(317) 888-9500,,,https://www.rayskillmanbuickgmc.com/,rayskillmanbuickgmc.com,Website: https://www.rayskillmanbuickgmc.com/ | Staff page: blocked | Brand: Buick
ROMAIN BUICK GMC,7600 E Division St,Evansville,IN,47715,(812) 266-2752,Enrique Lopez,,https://www.romainbuick.com/,romainbuick.com,Title: General Sales Manager | Website: https://www.romainbuick.com/ | Source: https://www.romainbuick.com/staff (no email published for this contact) | Brand: Buick
"SCHEPEL BUICK-GMC, INC.",3209 W Lincoln Hwy,Merrillville,IN,46410,(219) 769-6381,,,https://www.schepelbuick-gmc.com/,schepelbuick-gmc.com,Website: https://www.schepelbuick-gmc.com/ | Staff page: no_staff_page | Brand: Buick
STOOPS BUICK GMC – MUNCIE,4055 W CLARA LN,MUNCIE,IN,47304,(765) 288-1903,Daniel Meyers,,https://www.stoopsauto.com/,stoopsauto.com,Title: General Sales Manager | Website: https://www.stoopsauto.com/ | Source: https://www.stoopsbuickgmc.com/dealership/staff.htm (no email published for this contact) | Brand: Buick
STOOPS BUICK GMC – Plainfield,1251 Quaker Blvd,Plainfield,IN,46168,(317) 839-7771,Daniel Meyers,,https://www.stoopsbuickgmc.com/,stoopsbuickgmc.com,Title: General Sales Manager | Website: https://www.stoopsbuickgmc.com/ | Source: https://www.stoopsbuickgmc.com/dealership/staff.htm (no email published for this contact) | Brand: Buick
TOM KELLEY BUICK GMC,555 Grand National Drive,Fort Wayne,IN,46804,(260) 434-4733,Stephanie Hartman,,https://www.drivekelleybuickgmc.com/,drivekelleybuickgmc.com,Title: General Manager | Website: https://www.drivekelleybuickgmc.com/ | Source: https://www.drivekelleybuickgmc.com/dealership/staff.htm (no email published for this contact) | Brand: Buick
"YORK CHEVROLET-BUICK-GMC, INC.",1501 Indianapolis Rd.,Greencastle,IN,46135,(765) 276-3053,Rodney Osburn,,https://www.yorkbuickgmc.com/,yorkbuickgmc.com,Title: General Manager | Website: https://www.yorkbuickgmc.com/ | Source: https://www.yorkbuickgmc.com/about-us/staff/ (no email published for this contact) | Brand: Buick
BRIGGS BUICK GMC,2312 Stagg Hill Rd,Manhattan,KS,66502,(785) 537-8330,Kent Briggs,,https://www.briggsbuickgmc.com/,briggsbuickgmc.com,Title: Executive Manager | Website: https://www.briggsbuickgmc.com/ | Source: https://www.briggsbuickgmc.com/staff (no email published for this contact) | Brand: Buick
CABLE DAHMER OF TOPEKA,3731 SW Topeka Blvd,Topeka,KS,66609,(785) 289-1814,,,https://www.cabledahmerbuickgmctopeka.com/,cabledahmerbuickgmctopeka.com,Website: https://www.cabledahmerbuickgmctopeka.com/ | Staff page: no_staff_page | Brand: Buick
"DONOVAN AUTO & TRUCK CENTER, INC.",5800 W KELLOGG,WICHITA,KS,67209,(316) 768-4891,SHAWN STAFFORD,,https://www.donovandrive.com/,donovandrive.com,Title: General Sales Manager | Website: https://www.donovandrive.com/ | Source: https://www.donovandrive.com/dealership/staff.htm (no email published for this contact) | Brand: Buick
HATCHETT BUICK GMC,1333 N. Greenwich,Wichita,KS,67206,(316) 768-4950,Jason Hess,,https://www.hatchettbuickgmc.com/,hatchettbuickgmc.com,Title: General Manager | Website: https://www.hatchettbuickgmc.com/ | Source: https://www.hatchettbuickgmc.com/staff (no email published for this contact) | Brand: Buick
HENRY MARTENS CHEVROLET BUICK GMC,315 Choctaw,Leavenworth,KS,66048,(913) 828-4124,Dave Grauel,,https://www.henrymartensbuickgmc.com/,henrymartensbuickgmc.com,Title: Sales Manager | Website: https://www.henrymartensbuickgmc.com/ | Source: https://www.henrymartensbuickgmc.com/staff (no email published for this contact) | Brand: Buick
HOLM BUICK GMC,651 S Ohio,Salina,KS,67401,(785) 823-6372,,,,,Brand: Buick
"RANDY CURNOW BUICK GMC, INC.",7707 STATE AVENUE,KANSAS CITY,KS,66112,(913) 334-1166,,,https://www.randycurnow.com/,randycurnow.com,Website: https://www.randycurnow.com/ | Staff page: blocked | Brand: Buick
ROBERT BROGDEN'S OLATHE BUICK GMC INC.,1500 E. Santa Fe Street,Olathe,KS,66061,(913) 712-9342,,,https://www.robertbrogden.com/,robertbrogden.com,Website: https://www.robertbrogden.com/ | Staff page: no_staff_page | Brand: Buick
ADAMS BUICK GMC TRUCK,1017 Berea Rd,Richmond,KY,40475,(859) 623-8131,,,https://www.adamsgmctruck.com/,adamsgmctruck.com,Website: https://www.adamsgmctruck.com/ | Staff page: no_staff_page | Brand: Buick
COURTESY BUICK GMC – Louisville,7 Autocenter Drive,Louisville,KY,40299,(833) 291-7775,Johnny Meaux,jmeaux@courtesy-group.com,https://www.courtesybuickgmc.net/,courtesybuickgmc.net,Title: New Car Sales Manager | Website: https://www.courtesybuickgmc.net/ | Source: https://www.lafayettecourtesy.com/staff | Brand: Buick
DAN CUMMINS CHEVROLET BUICK OF GEORGETOWN,1470 Cherry Blossom Way,Georgetown,KY,40324,(502) 542-6488,Trey Congleton,,https://www.dancumminsbuickofgeorgetown.com/,dancumminsbuickofgeorgetown.com,Title: General Sales Manager | Website: https://www.dancumminsbuickofgeorgetown.com/ | Source: https://www.dancumminsbuickofgeorgetown.com/staff (no email published for this contact) | Brand: Buick
"DAN CUMMINS CHEVROLET-BUICK,INC.",1020 MARTIN LUTHER KING JR BLVD,PARIS,KY,40361,(859) 340-3163,Walter Johnson,,https://www.dancumminsbuick.com/,dancumminsbuick.com,Title: General Sales Manager | Website: https://www.dancumminsbuick.com/ | Source: https://www.dancumminsbuick.com/staff (no email published for this contact) | Brand: Buick
DON FRANKLIN BARDSTOWN CHEVROLET BUICK,120 W John Rowan Blvd,Bardstown,KY,40004,(502) 233-4459,David Brown,,https://www.donfranklinbardstownbuick.com/,donfranklinbardstownbuick.com,Title: General Manager | Website: https://www.donfranklinbardstownbuick.com/ | Source: https://www.donfranklinbardstownbuick.com/about-us/staff/ (no email published for this contact) | Brand: Buick
"DON FRANKLIN CHEVROLET, BUICK, AND GMC, INC.",345 S Hwy 27,Somerset,KY,42501,(606) 678-4141,Adam Bryant,,https://www.donfranklinsomersetbuickgmc.com/,donfranklinsomersetbuickgmc.com,Title: General Manager | Website: https://www.donfranklinsomersetbuickgmc.com/ | Source: https://www.donfranklinsomersetbuickgmc.com/about-us/staff/ (no email published for this contact) | Brand: Buick
DON FRANKLIN LEXINGTON BUICK GMC,3340 Richmond Rd,Lexington,KY,40509,(859) 559-0982,Eric McDonald,,https://www.donfranklinlexingtonbuickgmc.com/,donfranklinlexingtonbuickgmc.com,Title: General Sales Manager | Website: https://www.donfranklinlexingtonbuickgmc.com/ | Source: https://www.donfranklinlexingtonbuickgmc.com/about-us/staff/ (no email published for this contact) | Brand: Buick
JEFF WYLER FLORENCE BUICK GMC,1154 Burlington Pike,Florence,KY,41042,(859) 525-0102,,,https://jeffwylerflorencebuickgmc.com/,jeffwylerflorencebuickgmc.com,Website: https://jeffwylerflorencebuickgmc.com/ | Staff page: blocked | Brand: Buick
"LARRY STOVESAND BUICK GMC, INC",3300 Park Avenue,Paducah,KY,42001,(270) 442-2700,Paul Stovesand,,https://www.lsbuickgmc.com/,lsbuickgmc.com,Title: General Manager | Website: https://www.lsbuickgmc.com/ | Source: https://www.lsbuickgmc.com/staff (no email published for this contact) | Brand: Buick
LEACHMAN BUICK GMC CADILLAC,2012 Scottsville Rd,Bowling Green,KY,42134,(270) 842-4881,Nik Stanke,,https://www.leachmanauto.com/,leachmanauto.com,Title: General Manager | Website: https://www.leachmanauto.com/ | Source: https://www.leachmanauto.com/staff (no email published for this contact) | Brand: Buick
ALL STAR BUICK GMC,1180 E Napoleon St,Sulphur,LA,70663,(337) 527-6391,,,https://www.allstarbuickgmctruck.com/,allstarbuickgmctruck.com,Website: https://www.allstarbuickgmctruck.com/ | Staff page: blocked | Brand: Buick
BARKER BUICK GMC,6444 WEST MAIN ST.,HOUMA,LA,70360,(985) 868-4400,KEITH BARKER,,https://www.barkerbuickgmc.com/,barkerbuickgmc.com,Title: General Manager | Website: https://www.barkerbuickgmc.com/ | Source: https://www.barkerbuickgmc.com/staff (no email published for this contact) | Brand: Buick
COURTESY BUICK GMC – Lafayette,4750 Johnston St,Lafayette,LA,70503,(337) 326-4983,Johnny Meaux,jmeaux@courtesy-group.com,https://www.lafayettecourtesy.com/,lafayettecourtesy.com,Title: New Car Sales Manager | Website: https://www.lafayettecourtesy.com/ | Source: https://www.lafayettecourtesy.com/staff | Brand: Buick
"CROWN BUICK, LLC",2121 Clearview Parkway,Metairie,LA,70001,(866) 616-2513,Todd Leaumont,,https://www.crownbuickgmc.com/,crownbuickgmc.com,Title: General Manager | Website: https://www.crownbuickgmc.com/ | Source: https://www.crownbuickgmc.com/about-us/staff/ (no email published for this contact) | Brand: Buick
GERRY LANE BUICK,6615 Florida Blvd,Baton Rouge,LA,70806,(225) 341-4403,Keioike Lutcher,,https://www.gerrylanebuickgmc.com/,gerrylanebuickgmc.com,Title: General Sales Manager | Website: https://www.gerrylanebuickgmc.com/ | Source: https://www.gerrylanebuickgmc.com/staff (no email published for this contact) | Brand: Buick
JIM TAYLOR BUICK GMC LLC,500 N. 18th St.,Monroe,LA,71201,(318) 582-0943,Bobby Barton,,https://www.jimtaylorbuickgmc.com/,jimtaylorbuickgmc.com,Title: Executive Manager | Website: https://www.jimtaylorbuickgmc.com/ | Source: https://www.jimtaylorbuickgmc.com/about-us/staff/ (no email published for this contact) | Brand: Buick
LEGACY WESTBANK,3611 Lapalco Blvd,Harvey,LA,70058,(504) 754-8480,,,https://www.legacywestbank.com/,legacywestbank.com,Website: https://www.legacywestbank.com/ | Staff page: no_staff_page | Brand: Buick
"MORGAN BUICK GMC SHREVEPORT, INC.",8757 Business Park Drive,Shreveport,LA,71105,(318) 703-4466,,,https://www.morganbuickgmcshreveport.com/,morganbuickgmcshreveport.com,Website: https://www.morganbuickgmcshreveport.com/ | Staff page: no_staff_page | Brand: Buick
ROYAL BUICK GMC – Baton Rouge,11055 Airline Highway,Baton Rouge,LA,70816,(225) 293-3500,John Donnes,,https://www.royal-buick-gmc.com/,royal-buick-gmc.com,Title: General Sales Manager | Website: https://www.royal-buick-gmc.com/ | Source: https://www.royal-buick-gmc.com/staff (no email published for this contact) | Brand: Buick
STERLING BUICK-GMC,5853 I-49 SERVICE DRIVE S,OPELOUSAS,LA,70570,(337) 942-3516,Gabe Young,,https://www.sterlingbuickgmc.com/,sterlingbuickgmc.com,Title: General Sales Manager | Website: https://www.sterlingbuickgmc.com/ | Source: https://www.sterlingbuickgmc.com/about-us/staff/ (no email published for this contact) | Brand: Buick
STERLING BUICK/GMC,414 W FRED & RUTH ZIGLER MEMORIAL DRIVE,JENNINGS,LA,70546,(337) 824-4486,Justin Sonnier,,https://www.sterlingbuickgmcwest.com/,sterlingbuickgmcwest.com,Title: Sales Manager | Website: https://www.sterlingbuickgmcwest.com/ | Source: https://www.sterlingbuickgmcwest.com/about-us/staff/ (no email published for this contact) | Brand: Buick
VAUGHN CHEVROLET BUICK,1742 HIGHWAY 504,NATCHITOCHES,LA,71457,(318) 356-9000,,,https://www.vaughnbuick.com/,vaughnbuick.com,Website: https://www.vaughnbuick.com/ | Staff page: blocked | Brand: Buick
"ALBRECHT BUICK GMC OF WAKEFIELD, INC.",614 North Ave,Wakefield,MA,01880,(781) 365-9500,,,https://www.albrechtbuickgmcwakefield.com/,albrechtbuickgmcwakefield.com,Website: https://www.albrechtbuickgmcwakefield.com/ | Staff page: blocked | Brand: Buick
BATTLES BUICK GMC,50 MacArthur Blvd,Bourne,MA,02532,(508) 759-0500,Melanie Battles,,https://www.battlescapecod.com/,battlescapecod.com,Title: Executive Manager | Website: https://www.battlescapecod.com/ | Source: https://www.battlescapecod.com/staff (no email published for this contact) | Brand: Buick
"BOB PION BUICK-GMC, INC.",333 Memorial Drive,Chicopee,MA,01020,(413) 598-8377,Sara Kapinos,,https://www.bobpionbuickgmc.com/,bobpionbuickgmc.com,Title: Sales Manager | Website: https://www.bobpionbuickgmc.com/ | Source: https://www.bobpionbuickgmc.com/dealership/staff.htm (no email published for this contact) | Brand: Buick
CHEVROLET BUICK GMC OF ATTLEBORO,103 Washington Street,South Attleboro,MA,02703,(508) 761-4800,Paul DaSilva,,https://www.attleborobuickgmc.com/,attleborobuickgmc.com,Title: General Sales Manager | Website: https://www.attleborobuickgmc.com/ | Source: https://www.attleborobuickgmc.com/dealership/staff.htm (no email published for this contact) | Brand: Buick
GREATER LOWELL BUICK GMC INC,733 Rogers St,Lowell,MA,01852,(978) 513-0014,,,https://www.greaterlowell.net/,greaterlowell.net,Website: https://www.greaterlowell.net/ | Staff page: no_staff_page | Brand: Buick
QUIRK BUICK GMC OF BRAINTREE,442 Quincy Ave,Braintree,MA,02184,(781) 228-6851,Matthew Bille,,https://www.quirkbuickgmcofbraintree.com/,quirkbuickgmcofbraintree.com,Title: General Sales Manager | Website: https://www.quirkbuickgmcofbraintree.com/ | Source: https://www.quirkbuickgmcofbraintree.com/about-us/staff/ (no email published for this contact) | Brand: Buick
"VENDETTI MOTORS, INC.",411 W Central St,Franklin,MA,02038,(508) 528-3450,Sean Morrissey,,https://www.vendettimotors.com/,vendettimotors.com,Title: General Sales Manager | Website: https://www.vendettimotors.com/ | Source: https://www.vendettimotors.com/staff (no email published for this contact) | Brand: Buick
ANDERSON BUICK GMC,10125 York Rd,Cockeysville,MD,21030,(410) 403-1300,,,https://www.andersonofhuntvalley.com/,andersonofhuntvalley.com,Website: https://www.andersonofhuntvalley.com/ | Staff page: no_staff_page | Brand: Buick
ANDERSON BUICK GMC OF ABINGDON,3015 Emmorton Rd,Abingdon,MD,21009,(410) 569-1800,,,https://www.andersonofabingdon.com/,andersonofabingdon.com,Website: https://www.andersonofabingdon.com/ | Staff page: no_staff_page | Brand: Buick
BUICK GMC OF BRANDYWINE,15113 Crain Highway,Brandywine,MD,20613,(301) 372-8900,Collin Miles,,https://www.buickgmcofbrandywine.com/,buickgmcofbrandywine.com,Title: General Manager | Website: https://www.buickgmcofbrandywine.com/ | Source: https://www.buickgmcofbrandywine.com/staff (no email published for this contact) | Brand: Buick
"HERTRICH BUICK GMC OF SALISBURY, INC.",500 E Naylor Mill Road,Salisbury,MD,21804,(877) 871-0082,PAUL LONGAKER,,https://www.hertrichbuickgmcsalisbury.com/,hertrichbuickgmcsalisbury.com,Title: General Manager | Website: https://www.hertrichbuickgmcsalisbury.com/ | Source: https://www.hertrichbuickgmcsalisbury.com/dealership/staff.htm (no email published for this contact) | Brand: Buick
IDEAL BUICK GMC,5903 Urbana Pike,Frederick,MD,21704,(301) 663-3121,Dennis Dawson,,https://www.idealbuickgmc.com/,idealbuickgmc.com,Title: General Sales Manager | Website: https://www.idealbuickgmc.com/ | Source: https://www.dealerrater.com/sales/Ideal-Hyundai-Buick-GMC-Employees-35322 (no email published for this contact) | Brand: Buick
IG BURTON BUICK GMC OF ELKTON,1 AUTOMOTIVE BLVD,ELKTON,MD,21921,,Brandon Brockmeyer,bbrockmeyer@igburton.com,https://www.igburtonbuickgmcelkton.com/,igburtonbuickgmcelkton.com,Title: General Sales Manager | Website: https://www.igburtonbuickgmcelkton.com/ | Source: https://www.igburtonbuickgmcelkton.com/staff | Brand: Buick
IG BURTON BUICK GMC OF GLEN BURNIE,6913 Ritchie Hwy,Glen Burnie,MD,21061,(410) 762-4591,Joseph Beach,jbeach@igburton.com,https://www.igburtonbuickgmc.com/,igburtonbuickgmc.com,Title: General Sales Manager | Website: https://www.igburtonbuickgmc.com/ | Source: https://www.igburtonbuickgmc.com/staff | Brand: Buick
LEXINGTON PARK CHEVROLET BUICK GMC,22675 THREE NOTCH RD,CALIFORNIA,MD,20619,(301) 475-2355,Grant Williams,,https://www.lexingtonparkbuickgmc.com/,lexingtonparkbuickgmc.com,Title: General Sales Manager | Website: https://www.lexingtonparkbuickgmc.com/ | Source: https://www.lexingtonparkbuickgmc.com/staff (no email published for this contact) | Brand: Buick
STOLER CHEVROLET BUICK,11275 REISTERSTOWN ROAD,OWINGS MILLS,MD,21117,(410) 559-9190,Steve Knolle,,https://www.stolerbuickowingsmills.com/,stolerbuickowingsmills.com,Title: General Manager | Website: https://www.stolerbuickowingsmills.com/ | Source: https://www.stolerbuickowingsmills.com/staff (no email published for this contact) | Brand: Buick
BILL DODGE BUICK GMC,2 Saunders Way,Westbrook,ME,04092,(888) 464-1978,Patrick Sullivan,,https://www.billdodgewestbrook.com/,billdodgewestbrook.com,Title: General Manager | Website: https://www.billdodgewestbrook.com/ | Source: https://www.billdodgewestbrook.com/staff (no email published for this contact) | Brand: Buick
DARLING'S AUTO MALL,16 Kingsland Crossing,Ellsworth,ME,04605,(877) 568-7232,Darren Taylor,,https://www.darlingsbuickgmc.com/,darlingsbuickgmc.com,Title: General Sales Manager | Website: https://www.darlingsbuickgmc.com/ | Source: https://www.darlingsgmc.com/dealership/staff.htm (no email published for this contact) | Brand: Buick
O'CONNOR CHEVROLET BUICK GMC,199 Riverside Drive,Augusta,ME,04330,(866) 237-7909,,,https://www.oconnorchevy.com/,oconnorchevy.com,Website: https://www.oconnorchevy.com/ | Staff page: blocked | Brand: Buick
VARNEY BUICK GMC,260 HOGAN RD,BANGOR,ME,04401,(207) 990-1200,Mac Beckwith,,https://www.varneybpg.com/,varneybpg.com,Title: General Manager | Website: https://www.varneybpg.com/ | Source: https://www.varneybpg.com/dealership/staff.htm (no email published for this contact) | Brand: Buick
AL SERRA BUICK GMC,6201 S. Saginaw Rd.,Grand Blanc,MI,48439,(810) 694-5600,Buick GMC,,https://www.alserrabuickgmc.com/,alserrabuickgmc.com,Title: Sales Manager | Website: https://www.alserrabuickgmc.com/ | Source: https://www.alserrabuickgmc.com/staff (no email published for this contact) | Brand: Buick
BAKER BUICK GMC HUDSONVILLE,3320 Highland dr.,Hudsonville,MI,49426,(616) 379-4440,,,https://www.bakerbuickgmchudsonville.com/,bakerbuickgmchudsonville.com,Website: https://www.bakerbuickgmchudsonville.com/ | Staff page: blocked | Brand: Buick
BAKER BUICK GMC LOWELL,746 W Main St,Lowell,MI,49331,(616) 319-1385,,,https://www.bakerbuickgmclowell.com/,bakerbuickgmclowell.com,Website: https://www.bakerbuickgmclowell.com/ | Staff page: blocked | Brand: Buick
BAKER BUICK GMC OF CADILLAC,7555 US Highway 131 S,Cadillac,MI,49601,(231) 775-1222,,,https://bettenbakerbuickgmcofcadillac.com/,bettenbakerbuickgmcofcadillac.com,Website: https://bettenbakerbuickgmcofcadillac.com/ | Staff page: blocked | Brand: Buick
BAKER CHEVROLET BUICK COOPERSVILLE,930 O'Malley Dr.,Coopersville,MI,49404,(877) 230-6199,,,https://www.bakerbuickcoopersville.com/,bakerbuickcoopersville.com,Website: https://www.bakerbuickcoopersville.com/ | Staff page: blocked | Brand: Buick
"BELL-WASIK, INC.",1014 E DAYTON RD,CARO,MI,48723,(866) 609-7954,Ryan Rahn,,https://www.bellwasik.com/,bellwasik.com,Title: Sales Manager | Website: https://www.bellwasik.com/ | Source: https://www.bellwasik.com/staff (no email published for this contact) | Brand: Buick
BETTEN CHEVROLET BUICK GMC,2474 S HENRY ST,muskegon,MI,49441,(231) 903-4528,CALEB BEMIS,,https://www.bettenbuickgmc.com/,bettenbuickgmc.com,Title: General Sales Manager | Website: https://www.bettenbuickgmc.com/ | Source: https://www.bettenbuickgmc.com/about-us/staff/ (no email published for this contact) | Brand: Buick
"BOB JEANNOTTE BUICK GMC, INC.",14949 N Sheldon Rd,Plymouth,MI,48170,(734) 259-2816,NEW CAR,,https://www.jeannotte.com/,jeannotte.com,Title: Sales & Leasing Consultant | Website: https://www.jeannotte.com/ | Source: https://www.jeannotte.com/staff (no email published for this contact) | Brand: Buick
CHAMPION BUICK GMC INC.,7885 Grand River Rd,Brighton,MI,48114,(810) 227-1761,Ashley Bennett,,https://www.championgmcbuick.com/,championgmcbuick.com,Title: General Sales Manager | Website: https://www.championgmcbuick.com/ | Source: https://www.championgmcbuick.com/about-us/staff/ (no email published for this contact) | Brand: Buick
CLIFT BUICK GMC,1115 S Main Street,Adrian,MI,49221,(866) 677-7340,LICIA WILLNOW,lwillnow@cliftauto.com,https://www.cliftauto.com/,cliftauto.com,Title: Sales Team Lead | Website: https://www.cliftauto.com/ | Source: https://www.cliftauto.com/staff | Brand: Buick
COLE BUICK GMC CADILLAC,6600 S Westnedge Ave,Portage,MI,49002,(269) 323-3200,,,https://www.colebgc.com/,colebgc.com,Website: https://www.colebgc.com/ | Staff page: blocked | Brand: Buick
"CROWN MOTORS, LTD.",196 Regent Blvd.,Holland,MI,49423,(616) 396-5268,Derek Petroelje,,https://www.crownbuickmi.com/,crownbuickmi.com,Title: General Sales Manager | Website: https://www.crownbuickmi.com/ | Source: https://www.crownbuickmi.com/dealership/staff.htm (no email published for this contact) | Brand: Buick
ED RINKE CHEVROLET BUICK GMC CO.,26125 Van Dyke Ave,Center Line,MI,48015,(866) 461-1170,,,https://www.edrinkebuickgmc.com/,edrinkebuickgmc.com,Website: https://www.edrinkebuickgmc.com/ | Brand: Buick
FLANNERY AUTO MALL,1225 SAND BEACH RD.,BAD AXE,MI,48413,(989) 269-9781,,,https://www.flannerybuickgmc.com/,flannerybuickgmc.com,Website: https://www.flannerybuickgmc.com/ | Staff page: blocked | Brand: Buick
"FLETCHS, INC.",805 Charlevoix ave,Petoskey,MI,49770,(231) 347-9651,,,https://www.fletchsgm.com/,fletchsgm.com,Website: https://www.fletchsgm.com/ | Staff page: blocked | Brand: Buick
FOX BUICK GMC,38000 Grand River,Farmington Hills,MI,48335,(248) 478-8000,Colin Barrett,,https://www.foxbuickgmc.com/,foxbuickgmc.com,Title: General Manager | Website: https://www.foxbuickgmc.com/ | Source: https://www.foxbuickgmc.com/dealership/staff.htm (no email published for this contact) | Brand: Buick
GARBER BUICK COMPANY,5925 STATE ST,Saginaw,MI,48603,(989) 575-5816,,,https://www.garberbuick.com/,garberbuick.com,Website: https://www.garberbuick.com/ | Staff page: blocked | Brand: Buick
GOLLING BUICK GMC,1491,Lake Orion,MI,48360,(866) 806-7397,Darin Young,,https://www.gollingbuickgmc.com/,gollingbuickgmc.com,Title: General Sales Manager | Website: https://www.gollingbuickgmc.com/ | Source: https://www.gollingbuickgmc.com/staff (no email published for this contact) | Brand: Buick
GRAFF BUICK GMC,116 N Mission Street,Mount Pleasant,MI,48858,(989) 773-3917,,,https://www.hankgraffbgc.com/,hankgraffbgc.com,Website: https://www.hankgraffbgc.com/ | Staff page: blocked | Brand: Buick
JIM CAUSLEY BUICK - GMC TRUCK,38111 Gratiot Ave,Clinton Township,MI,48036,(800) 966-2287,DAVID GRAY,dgray@jimcausley.com,https://www.jimcausley.com/,jimcausley.com,Title: General Sales Manager | Website: https://www.jimcausley.com/ | Source: https://www.jimcausley.com/staff | Brand: Buick
JIM WINTER AUTOMOTIVE GROUP,3303 W. Michigan Ave,Jackson,MI,49202,(517) 568-8079,,,https://www.jimwinterauto.com/,jimwinterauto.com,Website: https://www.jimwinterauto.com/ | Staff page: no_staff_page | Brand: Buick
LABADIE BUICK GMC CADILLAC,711 S. Euclid Ave,Bay City,MI,48706,(989) 667-2000,DEALERSHIP TJ HORNER,,https://www.labadiegm.com/,labadiegm.com,Title: Executive Manager | Website: https://www.labadiegm.com/ | Source: https://www.labadiegm.com/dealership/staff.htm (no email published for this contact) | Brand: Buick
LAFONTAINE BUICK GMC,4000 W Highland Rd,Highland Charter Township,MI,48357,(248) 887-4747,VIKTOR VULAJ,,https://www.lafontainegm.com/,lafontainegm.com,Title: General Sales Manager | Website: https://www.lafontainegm.com/ | Source: https://www.lafontainegm.com/staff (no email published for this contact) | Brand: Buick
"LAFONTAINE BUICK GMC OF ANN ARBOR, INC.",500 Auto Mall Drive,Ann Arbor,MI,48103,(833) 270-6511,John Hurley,,https://www.lafontainebuickgmcannarbor.com/,lafontainebuickgmcannarbor.com,Title: General Manager | Website: https://www.lafontainebuickgmcannarbor.com/ | Source: https://www.lafontainebuickgmcannarbor.com/staff (no email published for this contact) | Brand: Buick
LAFONTAINE BUICK GMC OF DEARBORN,14505 Michigan Ave 48126,Dearborn,MI,48126,(313) 380-1457,Todd Schulz,,https://www.lafontainebuickgmcdearborn.com/,lafontainebuickgmcdearborn.com,Title: General Sales Manager | Website: https://www.lafontainebuickgmcdearborn.com/ | Source: https://www.lafontainebuickgmcdearborn.com/staff (no email published for this contact) | Brand: Buick
"LAFONTAINE BUICK GMC, INC.",5901 S. Pennsylvania Ave,Lansing,MI,48911,(517) 220-6064,Jose Gallo,jgallo@lafontaine.com,https://www.lafontainebuickgmclansing.com/,lafontainebuickgmclansing.com,Title: Sales Professional | Website: https://www.lafontainebuickgmclansing.com/ | Source: https://www.lafontainebuickgmclansing.com/staff | Brand: Buick
LAFONTAINE CHEVROLET BUICK GMC OF ST. CLAIR,3050 KING ROAD,China Township,MI,48054,(810) 643-1264,JASON BIGNALL,,https://www.lafontainebuickgmcstclair.com/,lafontainebuickgmcstclair.com,Title: General Sales Manager | Website: https://www.lafontainebuickgmcstclair.com/ | Source: https://www.lafontainebuickgmcstclair.com/staff (no email published for this contact) | Brand: Buick
LES STANFORD BUICK GMC LLC,21800 WOODWARD AVENUE,FERNDALE,MI,48220,(248) 206-6600,Kevin Maples,,https://www.lesstanfordbuickgmc.com/,lesstanfordbuickgmc.com,Title: General Sales Manager | Website: https://www.lesstanfordbuickgmc.com/ | Source: https://www.lesstanfordbuickgmc.com/staff (no email published for this contact) | Brand: Buick
LUNGHAMER BUICK GMC INC.,5825 Highland Rd,Waterford,MI,48327,(248) 782-6400,,,https://www.lunghamerbuickgmc.com/,lunghamerbuickgmc.com,Website: https://www.lunghamerbuickgmc.com/ | Staff page: blocked | Brand: Buick
MATICK BUICK GMC,29300 Telegraph Rd,Southfield,MI,48034,(248) 353-9000,,,,,Brand: Buick
MCDONALD CHEVROLET BUICK INC,2589 Van Dyke Rd,Marlette,MI,48453,(989) 635-3681,Mark Prokopenko,,https://www.mcdonaldbuick.com/,mcdonaldbuick.com,Title: Executive Manager | Website: https://www.mcdonaldbuick.com/ | Source: https://www.mcdonaldbuick.com/about-us/staff/ (no email published for this contact) | Brand: Buick
"MIKE YOUNG BUICK-GMC, INC.",312 N Main St,Frankenmuth,MI,48734,(989) 262-4385,Ken Wolverton,,https://www.mikeyoung.com/,mikeyoung.com,Title: General Manager | Website: https://www.mikeyoung.com/ | Source: https://www.mikeyoung.com/staff (no email published for this contact) | Brand: Buick
MORAN BUICK GMC OF STERLING HEIGHTS,40755 VAN DYKE AVE,STERLING HEIGHTS,MI,48313,(586) 977-2800,,,,,Brand: Buick
PREFERRED CHEVROLET BUICK GMC,1701 S Beacon Blvd,Grand Haven,MI,49417,(616) 842-5750,Chuck Pelfresne,,https://www.preferredbuickgmc.com/,preferredbuickgmc.com,Title: General Manager | Website: https://www.preferredbuickgmc.com/ | Source: https://www.preferredbuickgmc.com/staff (no email published for this contact) | Brand: Buick
RANDY WISE BUICK-GMC,2530 Owen Road,Fenton,MI,48430,(810) 221-8713,Zach Lukenbill,,https://www.randywisebuickgmc.com/,randywisebuickgmc.com,Title: General Sales Manager | Website: https://www.randywisebuickgmc.com/ | Source: https://www.randywisebuickgmc.com/staff (no email published for this contact) | Brand: Buick
"RAY LAETHEM BUICK GMC, INC.",17677 Mack Ave,Detroit,MI,48224,(877) 220-6138,Che' Shaydak,,https://www.laethemgm.com/,laethemgm.com,Title: General Sales Manager | Website: https://www.laethemgm.com/ | Source: https://www.laethemgm.com/about-us/staff/ (no email published for this contact) | Brand: Buick
"RICHARDSON-MIDLAND, INC.",2400 N Saginaw Rd,Midland,MI,48640,(989) 374-7000,,,,,Brand: Buick
SERRA BUICK GMC CADILLAC,12300 30 Mile Rd,Washington,MI,48095,(586) 281-2800,,,https://www.driveserra.com/,driveserra.com,Website: https://www.driveserra.com/ | Staff page: no_staff_page | Brand: Buick
SERRA BUICK GMC ROCHESTER HILLS,855 S Rochester Rd,Rochester Hills,MI,48307,(248) 651-5500,Lance Smith,,https://serrabuickgmcrochesterhills.com/,serrabuickgmcrochesterhills.com,Title: General Sales Manager | Website: https://serrabuickgmcrochesterhills.com/ | Source: https://www.serrabuickgmcrochesterhills.com/staff (no email published for this contact) | Brand: Buick
SERRA BUICK GMC TRAVERSE CITY,1621 S Garfield Ave,Traverse City,MI,49686,(231) 929-8921,,,https://www.serrabuickgmctraversecity.com/,serrabuickgmctraversecity.com,Website: https://www.serrabuickgmctraversecity.com/ | Staff page: blocked | Brand: Buick
SHEA BUICK-GMC,5111 Corunna Rd,Flint,MI,48532,(810) 732-7500,Stacy Fields,,https://www.sheabuickgmc.com/,sheabuickgmc.com,Title: Dealer Principal | Website: https://www.sheabuickgmc.com/ | Source: https://www.sheabuickgmc.com/dealership/staff.htm (no email published for this contact) | Brand: Buick
SUBURBAN BUICK GMC OF TROY,1850 W Maple Rd,Troy,MI,48084,(248) 643-8600,John Gangler,,https://www.suburbanbuickgmcoftroy.com/,suburbanbuickgmcoftroy.com,Title: General Sales Manager | Website: https://www.suburbanbuickgmcoftroy.com/ | Source: https://www.suburbanbuickgmcoftroy.com/dealership/staff.htm (no email published for this contact) | Brand: Buick
TAYLOR BUICK GMC,14000 TELEGRAPH RD,TAYLOR,MI,48180,(734) 939-0288,,,,,Brand: Buick
"TEAM ONE CHEVROLET-BUICK-GMC, INC.",1616 Lansing Rd,Charlotte,MI,48813,(517) 541-4376,,,https://www.teamonebuickgmc.com/,teamonebuickgmc.com,Website: https://www.teamonebuickgmc.com/ | Staff page: blocked | Brand: Buick
TODD WENZEL BUICK GMC,2727 28th Street,Grand Rapids,MI,49512,(616) 426-9780,Eric Thorns,,https://www.toddwenzelbuickgmc.com/,toddwenzelbuickgmc.com,Title: General Manager | Website: https://www.toddwenzelbuickgmc.com/ | Source: https://www.toddwenzelbuickgmc.com/about-us/staff/ (no email published for this contact) | Brand: Buick
"TODD WENZEL BUICK GMC OF DAVISON, INC.",1146 S State Rd,Davison,MI,48423,(810) 250-4560,Tony Salsa,,https://www.toddwenzeldavison.com/,toddwenzeldavison.com,Title: General Sales Manager | Website: https://www.toddwenzeldavison.com/ | Source: https://www.toddwenzeldavison.com/about-us/staff/ (no email published for this contact) | Brand: Buick
"TODD WENZEL BUICK GMC OF WESTLAND, INC.",35100 Ford Rd,Westland,MI,48185,(734) 447-3605,Justin Shewchuck,,https://www.toddwenzelwestland.com/,toddwenzelwestland.com,Title: General Sales Manager | Website: https://www.toddwenzelwestland.com/ | Source: https://www.toddwenzelwestland.com/about-us/staff/ (no email published for this contact) | Brand: Buick
"YOUNG BUICK GMC, L.L.C.",2010 E. Main St.,Owosso,MI,48867,(989) 720-9521,,,https://www.youngowosso.com/,youngowosso.com,Website: https://www.youngowosso.com/ | Staff page: blocked | Brand: Buick
DIAMOND BUICK GMC OF ALEXANDRIA,5803 HWY 29 SOUTH,ALEXANDRIA,MN,56308,(320) 762-2344,Tobin Stithem,,https://www.diamondbuickgmc.com/,diamondbuickgmc.com,Title: General Manager | Website: https://www.diamondbuickgmc.com/ | Source: https://www.diamondbuickgmc.com/about-us/staff/ (no email published for this contact) | Brand: Buick
JIM LUPIENT BUICK GMC,7100 Wayzata Boulevard,Golden Valley,MN,55426,(763) 546-2222,Tim Ciccarelli,,https://www.lupientbuickgmc.com/,lupientbuickgmc.com,Title: General Manager | Website: https://www.lupientbuickgmc.com/ | Source: https://www.lupientbuickgmc.com/staff (no email published for this contact) | Brand: Buick
"KEN WASCHKE AUTO PLAZA, INC.",501 9th Street North,Virginia,MN,55792,(218) 741-6000,Brent Robinson,brobinson@waschke.com,https://www.kensautoplaza.com/,kensautoplaza.com,Title: Sales Manager | Website: https://www.kensautoplaza.com/ | Source: https://www.kensautoplaza.com/staff | Brand: Buick
KOLAR CHEVROLET-BUICK-GMC,4770 W Arrowhead Road,Hermantown,MN,55811,(218) 727-7481,Dwayne Haapanen,,https://www.kolarbuickgmc.com/,kolarbuickgmc.com,Title: General Manager | Website: https://www.kolarbuickgmc.com/ | Source: https://www.kolarbuickgmc.com/staff (no email published for this contact) | Brand: Buick
KRUSE BUICK-GMC,1661 E College Drive,Marshall,MN,56258,(507) 401-2914,,,https://www.krusemarshall.com/,krusemarshall.com,Website: https://www.krusemarshall.com/ | Staff page: blocked | Brand: Buick
KUNES APPLE VALLEY BUICK GMC,7500 W 145TH ST,APPLE VALLEY,MN,55124,(763) 373-1213,,,https://www.kunesbuickgmcapplevalley.com/,kunesbuickgmcapplevalley.com,Website: https://www.kunesbuickgmcapplevalley.com/ | Staff page: blocked | Brand: Buick
LUTHER BROOKDALE BUICK GMC,4301 68th ave n,brooklyn center,MN,55429,(612) 424-7359,,,https://www.brookdalebuickgmc.com/,brookdalebuickgmc.com,Website: https://www.brookdalebuickgmc.com/ | Staff page: blocked | Brand: Buick
MILLER BUICK GMC,2930 2nd St S,St. Cloud,MN,56301,(320) 251-8900,,,https://www.stcloudbuickgmc.com/,stcloudbuickgmc.com,Website: https://www.stcloudbuickgmc.com/ | Staff page: no_staff_page | Brand: Buick
MILLS AUTO,14138 Dellwood Dr,Baxter,MN,56425,(218) 829-3504,Ryan Ware,,https://www.millsgmcbaxter.com/,millsgmcbaxter.com,Title: General Manager | Website: https://www.millsgmcbaxter.com/ | Source: https://www.millsgmcbaxter.com/about-us/staff/ (no email published for this contact) | Brand: Buick
"MILLS AUTO CENTER, INC.",3700 Highway 71 South,Willmar,MN,56201,(320) 222-4200,Derek Dionne,,https://www.millsgm-willmar.com/,millsgm-willmar.com,Title: General Sales Manager | Website: https://www.millsgm-willmar.com/ | Source: https://www.millsgm-willmar.com/about-us/staff/ (no email published for this contact) | Brand: Buick
MINNESOTA MOTOR COMPANY,1108 Pebble Lake Rd,Fergus Falls,MN,56537,(218) 739-3331,Brimhall Internet,,https://www.mnmotorcobuick.com/,mnmotorcobuick.com,Title: Sales Manager | Website: https://www.mnmotorcobuick.com/ | Source: https://www.mnmotorcobuick.com/staff (no email published for this contact) | Brand: Buick
"PAPIK MOTORS, INC.",801 W COMMERCE RD,LUVERNE,MN,56156,(507) 283-9171,Jordan Papik,,https://www.papikbuickgmc.com/,papikbuickgmc.com,Title: General Sales Manager | Website: https://www.papikbuickgmc.com/ | Source: https://www.papikbuickgmc.com/about-us/staff/ (no email published for this contact) | Brand: Buick
SNELL INDOOR AUTO CENTER,1900 Madison Ave.,Mankato,MN,56001,(507) 316-0490,Jeff Wondra,,https://www.snellmotors.com/,snellmotors.com,Title: General Sales Manager | Website: https://www.snellmotors.com/ | Source: https://www.snellmotors.com/staff (no email published for this contact) | Brand: Buick
WALSER BUICK GMC OF BLOOMINGTON,4601 American Blvd W,Bloomington,MN,55437,(952) 888-9800,,,https://www.walserbuickgmc.com/,walserbuickgmc.com,Website: https://www.walserbuickgmc.com/ | Staff page: no_staff_page | Brand: Buick
WALSER BUICK GMC ROSEVILLE,2775 Long Lake Rd,Roseville,MN,55113,(507) 646-9336,,,https://www.rosevillebuickgmc.com/,rosevillebuickgmc.com,Website: https://www.rosevillebuickgmc.com/ | Staff page: no_staff_page | Brand: Buick
WEST METRO BUICK GMC,1001 Highway 25 S,Monticello,MN,55362,(763) 219-8648,Todd Knickerbocker,,https://www.westmetroauto.com/,westmetroauto.com,Title: General Sales Manager | Website: https://www.westmetroauto.com/ | Source: https://www.westmetroauto.com/about-us/staff/ (no email published for this contact) | Brand: Buick
WHITE BEAR LAKE BUICK-GMC,3880 HWY 61 N,White Bear Lake,MN,55110,(651) 426-0285,,,https://www.whitebearlakesuperstore.com/,whitebearlakesuperstore.com,Website: https://www.whitebearlakesuperstore.com/ | Brand: Buick
AUFFENBERG CHEVROLET-BUICK-GMC,830 VALLEY CREEK DR,FARMINGTON,MO,63640,(573) 747-4137,John Cushman,,https://www.auffenbergbuickgmc.com/,auffenbergbuickgmc.com,Title: General Sales Manager | Website: https://www.auffenbergbuickgmc.com/ | Source: https://www.auffenbergbuickgmc.com/about-us/staff/ (no email published for this contact) | Brand: Buick
"AUTRY MORLAN, INC.",2505 EAST MALONE AVE,SIKESTON,MO,63801,(573) 475-4723,,,https://www.morlangm.com/,morlangm.com,Website: https://www.morlangm.com/ | Staff page: no_staff_page | Brand: Buick
BALDWIN BUICK GMC,512 S WESTWOOD BLVD,Poplar Bluff,MO,63901,(573) 686-4191,,,https://www.baldwinbuickgmc.com/,baldwinbuickgmc.com,Website: https://www.baldwinbuickgmc.com/ | Staff page: blocked | Brand: Buick
BEHLMANN BUICK GMC,142 Frenchman Bluff Road,Troy,MO,63379,(877) 220-2134,Mike Chrun,,https://www.behlmannbgc.com/,behlmannbgc.com,Title: General Manager | Website: https://www.behlmannbgc.com/ | Source: https://www.behlmannbgc.com/staff (no email published for this contact) | Brand: Buick
BOB MCCOSH CHEVROLET BUICK GMC CADILLAC,#1 BUSINESS LOOP 70,COLUMBIA,MO,65203,(573) 355-9946,Jeff Miller,,https://www.bobmccoshbuickgmc.com/,bobmccoshbuickgmc.com,Title: General Sales Manager | Website: https://www.bobmccoshbuickgmc.com/ | Source: https://www.bobmccoshbuickgmc.com/staff (no email published for this contact) | Brand: Buick
BOMMARITO BUICK-GMC,15736 Manchester Road,Ellisville,MO,63011,(636) 391-7200,,,https://www.bommaritobuickgmc.com/,bommaritobuickgmc.com,Website: https://www.bommaritobuickgmc.com/ | Brand: Buick
CABLE DAHMER BUICK GMC OF KANSAS CITY,907 West 104th Street,Kansas City,MO,64114,(816) 945-9342,,,https://www.cabledahmerbgkc.com/,cabledahmerbgkc.com,Website: https://www.cabledahmerbgkc.com/ | Staff page: no_staff_page | Brand: Buick
CABLE-DAHMER BUICK GMC,3107 S Noland Rd.,Independence,MO,64055,(816) 895-1728,Grant Turnage,,https://www.cabledahmerbuickgmc.com/,cabledahmerbuickgmc.com,Title: General Sales Manager | Website: https://www.cabledahmerbuickgmc.com/ | Source: https://www.cabledahmerbuickgmc.com/staff (no email published for this contact) | Brand: Buick
DAVE CROSS MOTORS,1101 NW BLUE PARKWAY,LEES SUMMIT,MO,64086,(816) 524-3636,,,https://www.davecrossmotors.com/,davecrossmotors.com,Website: https://www.davecrossmotors.com/ | Staff page: no_staff_page | Brand: Buick
DAVE SINCLAIR BUICK GMC,5655 South Lindbergh Blvd,St Louis,MO,63123,(314) 272-4060,Michael Sinclair,,https://davesinclairbuickgmc.com/,davesinclairbuickgmc.com,Title: General Manager | Website: https://davesinclairbuickgmc.com/ | Source: https://www.davesinclairbuickgmc.com/staff (no email published for this contact) | Brand: Buick
ED MORSE CHEVROLET BUICK GMC – ROLLA,100 FAIRGROUNDS RD,ROLLA,MO,65401,(855) 813-2878,Mark Wood,,https://www.edmorsebuickgmcrolla.com/,edmorsebuickgmcrolla.com,Title: General Manager | Website: https://www.edmorsebuickgmcrolla.com/ | Source: https://www.edmorsebuickgmcrolla.com/staff (no email published for this contact) | Brand: Buick
FRANK LETA BUICK GMC,511 South Kingshighway,Cape Girardeau,MO,63703,(573) 208-1361,Tracy Barnett,,https://www.frankletabuickgmc.com/,frankletabuickgmc.com,Title: General Manager | Website: https://www.frankletabuickgmc.com/ | Source: https://www.frankletabuickgmc.com/about-us2/staff/ (no email published for this contact) | Brand: Buick
GENTRY CHEVROLET BUICK GMC,513 N BUSINESS ROUTE 5,CAMDENTON,MO,65020,(573) 502-0974,Cory Gideon,,https://www.gentrybuickgmcloto.com/,gentrybuickgmcloto.com,Title: Internet Manager | Website: https://www.gentrybuickgmcloto.com/ | Source: https://www.gentrybuickgmcloto.com/staff (no email published for this contact) | Brand: Buick
LAURA CHEVROLET BUICK GMC,3 North Service Road,Sullivan,MO,63080,(573) 246-0700,,,https://www.laurabgofsullivan.com/,laurabgofsullivan.com,Website: https://www.laurabgofsullivan.com/ | Staff page: no_staff_page | Brand: Buick
LOTSPEICH AUTOMOTIVE,150 NW US 50 HIGHWAY,WARRENSBURG,MO,64093,(660) 747-9165,,,https://www.lotspeichbuickgmc.com/,lotspeichbuickgmc.com,Website: https://www.lotspeichbuickgmc.com/ | Staff page: blocked | Brand: Buick
LOU FUSZ BUICK GMC,10950 Page Ave,St. Louis,MO,63132,(314) 595-2700,,,https://www.loufuszbuickgmc.com/,loufuszbuickgmc.com,Website: https://www.loufuszbuickgmc.com/ | Staff page: blocked | Brand: Buick
"MAYSE AUTOMOTIVE GROUP, INC.",2032 SOUTH ELLIOTT,AURORA,MO,65605,(800) 295-5590,Greg Poe,,https://www.maysebuickgmc.com/,maysebuickgmc.com,Title: General Sales Manager | Website: https://www.maysebuickgmc.com/ | Source: https://www.maysebuickgmc.com/staff (no email published for this contact) | Brand: Buick
"MODERN AUTO COMPANY, INC.",6224 HWY 100,WASHINGTON,MO,63090,(636) 266-4131,Matthew Stewart,,https://www.modernautoco.com/,modernautoco.com,Title: Sales Manager | Website: https://www.modernautoco.com/ | Source: https://www.modernautoco.com/staff (no email published for this contact) | Brand: Buick
O'FALLON BUICK GMC LLC,2150 Technology Drive,O'Fallon,MO,63368,(636) 339-6160,Controller Dariel,,https://www.ofallonbuickgmc.com/,ofallonbuickgmc.com,Title: Sales Manager | Website: https://www.ofallonbuickgmc.com/ | Source: https://www.ofallonbuickgmc.com/dealership/staff.htm (no email published for this contact) | Brand: Buick
PEARL MOTOR COMPANY,3100 S Clark St.,Mexico,MO,65265,(573) 581-3392,Troy Teel,,https://www.pearlbuickgmc.com/,pearlbuickgmc.com,Title: Sales Manager | Website: https://www.pearlbuickgmc.com/ | Source: https://www.pearlbuickgmc.com/about-us/staff/ (no email published for this contact) | Brand: Buick
"PINEGAR CHEVROLET-BUICK-GMC, INC.",163 ADAIR RD,BRANSON,MO,65616,(417) 231-4599,Gary Fletcher,,https://www.pinegarbuickgmc.com/,pinegarbuickgmc.com,Title: General Manager | Website: https://www.pinegarbuickgmc.com/ | Source: https://www.pinegarbuickgmc.com/staff (no email published for this contact) | Brand: Buick
POAGE AUTO CENTER,4270 Paris Gravel Rd,Hannibal,MO,63401,(573) 221-0044,Chuck Huston,chuck@poageautogroup.com,https://www.poagechevybuick.com/,poagechevybuick.com,Title: General Manager | Website: https://www.poagechevybuick.com/ | Source: https://www.poagechevybuick.com/staff | Brand: Buick
REED BUICK GMC,9550 NW PRAIRIE VIEW RD,KANSAS CITY,MO,64153,(816) 436-6300,,,https://www.reedbuickgmc.com/,reedbuickgmc.com,Website: https://www.reedbuickgmc.com/ | Staff page: no_staff_page | Brand: Buick
RUSTY DREWING CHEVROLET BUICK GMC,2033 Christy Drive,Jefferson City,MO,65101,(573) 634-2324,Jay Schnieders,,https://www.rustydrewingbuickgmc.com/,rustydrewingbuickgmc.com,Title: General Manager | Website: https://www.rustydrewingbuickgmc.com/ | Source: https://www.rustydrewingbuickgmc.com/dealership/staff.htm (no email published for this contact) | Brand: Buick
SAPAUGH CHEVROLET BUICK GMC,1435 Mcnutt Street,Herculaneum,MO,63048,(636) 931-0055,Joe Clemens,,https://www.sapaugh.com/,sapaugh.com,Title: General Manager | Website: https://www.sapaugh.com/ | Source: https://www.sapaugh.com/staff (no email published for this contact) | Brand: Buick
SKYWAY BUICK GMC,808 Illinois Ave.,Joplin,MO,64801,(417) 625-5500,Robbie Howard,robbie.howard@skywaybuickgmc.com,https://www.skywaybuickgmc.com/,skywaybuickgmc.com,Title: General Manager | Website: https://www.skywaybuickgmc.com/ | Source: https://www.skywaybuickgmc.com/staff | Brand: Buick
SUNTRUP BUICK GMC,4200 N Service Rd,St Peters,MO,63376,(636) 936-9794,,,,,Brand: Buick
"TAYLOR GRUBAUGH CHEVROLET BUICK GMC, LLC",1634 N PORTER WAGONER BLVD,WEST PLAINS,MO,65775,(866) 576-3544,ALAN PENDER,,https://www.taylorgrubaughbuickgmc.com/,taylorgrubaughbuickgmc.com,Title: General Sales Manager | Website: https://www.taylorgrubaughbuickgmc.com/ | Source: https://www.taylorgrubaughbuickgmc.com/dealership/staff.htm (no email published for this contact) | Brand: Buick
THOMPSON BUICK GMC OF SPRINGFIELD,1555 E. Independence St.,Springfield,MO,65804,(417) 866-6611,Tyler Thompson,,https://www.thompsonsalesbuickgmc.com/,thompsonsalesbuickgmc.com,Title: General Manager | Website: https://www.thompsonsalesbuickgmc.com/ | Source: https://www.thompsonsalesbuickgmc.com/about-us/staff/ (no email published for this contact) | Brand: Buick
W-K,3310 W Broadway Blvd,Sedalia,MO,65301,(660) 826-8320,Steve Pritzel,,https://www.wkbuickgmc.com/,wkbuickgmc.com,Title: General Sales Manager | Website: https://www.wkbuickgmc.com/ | Source: https://www.wkbuickgmc.com/staff (no email published for this contact) | Brand: Buick
CANNON BUICK CLEVELAND,114 N Davis Ave,Cleveland,MS,38732,(662) 579-3172,,,https://www.cannonchevroletofcleveland.com/,cannonchevroletofcleveland.com,Website: https://www.cannonchevroletofcleveland.com/ | Staff page: blocked | Brand: Buick
"CANNON MOTORS, LLC",100 North Thacker Loop,Oxford,MS,38655,(662) 267-1781,,,https://www.cannonbuickofoxford.com/,cannonbuickofoxford.com,Website: https://www.cannonbuickofoxford.com/ | Staff page: blocked | Brand: Buick
DOSSETT BIG 4 BUICK GMC INC.,628 S GLOSTER ST,TUPELO,MS,38801,(662) 842-4162,,,https://www.dossettbig4.com/,dossettbig4.com,Website: https://www.dossettbig4.com/ | Staff page: no_staff_page | Brand: Buick
"HEAFNER MOTORS, INC.",935 highway 6 west,Batesville,MS,38606,(662) 563-7631,Keith Heafner,,https://www.heafnerchevy.com/,heafnerchevy.com,Title: General Manager | Website: https://www.heafnerchevy.com/ | Source: https://www.heafnerchevy.com/staff (no email published for this contact) | Brand: Buick
"KIRK BROTHERS, INC.",1601 HWY 82 West,Greenwood,MS,38930,(877) 335-5251,,,,,Brand: Buick
"LANDERS BUICK GMC, LLC",78 Goodman Rd. E.,Southaven,MS,38671,(866) 798-1732,Jeff Todd,,https://www.landersbuickgmc.com/,landersbuickgmc.com,Title: General Sales Manager | Website: https://www.landersbuickgmc.com/ | Source: https://www.landersbuickgmc.com/staff (no email published for this contact) | Brand: Buick
"MANDAL AUTOMOTIVE GROUP, INC.",11290 MANDAL PKWY,DIBERVILLE,MS,39540,(228) 273-8949,,,http://www.mandalbuickgmc.com/,mandalbuickgmc.com,Website: http://www.mandalbuickgmc.com/ | Staff page: no_staff_page | Brand: Buick
PHIL MOORE BUICK GMC,5728 I-55 N,Jackson,MS,39211,(601) 956-0150,Stephen Johnson,,https://www.philmoorebuickgmc.com/,philmoorebuickgmc.com,Title: Sales Manager | Website: https://www.philmoorebuickgmc.com/ | Source: https://www.philmoorebuickgmc.com/staff (no email published for this contact) | Brand: Buick
PINE BELT CHEVROLET,7300 US Highway 98,Hattiesburg,MS,39402,(601) 264-8500,Joseph Pope,,https://www.pinebeltbuick.com/,pinebeltbuick.com,Title: General Manager | Website: https://www.pinebeltbuick.com/ | Source: https://www.pinebeltbuick.com/about-us/staff/ (no email published for this contact) | Brand: Buick
DEMAROIS BUICK-GMC TRUCK,3115 W BROADWAY,MISSOULA,MT,59808,(406) 552-0268,,,https://www.demaroismotors.com/,demaroismotors.com,Website: https://www.demaroismotors.com/ | Staff page: no_staff_page | Brand: Buick
ABERNETHY CHEVROLET BUICK GMC,1445 E MAIN ST,LINCOLNTON,NC,28092,(704) 735-0401,,,https://www.abernethybuickgmc.com/,abernethybuickgmc.com,Website: https://www.abernethybuickgmc.com/ | Staff page: blocked | Brand: Buick
BEN MYNATT BUICK GMC,289 Concord Pkwy S,Concord,NC,28027,(704) 490-4530,Cyndie Mynatt,cmynatt@benmynatt.com,https://www.benmynattbuick.com/,benmynattbuick.com,Title: Dealer Principal | Website: https://www.benmynattbuick.com/ | Source: https://www.benmynattbuick.com/staff | Brand: Buick
BLACK BUICK GMC,809 Salisbury Rd,Statesville,NC,28677,(877) 251-5393,,,https://www.blackbuickgmc.com/,blackbuickgmc.com,Website: https://www.blackbuickgmc.com/ | Staff page: no_staff_page | Brand: Buick
BLEECKER BUICK GMC INC.,926 E 4TH AVE,RED SPRINGS,NC,28377,(866) 662-1260,Alvin Ivey,,https://www.bleeckergmsuperstore.com/,bleeckergmsuperstore.com,Title: General Manager | Website: https://www.bleeckergmsuperstore.com/ | Source: https://www.bleeckergmsuperstore.com/dealership/staff.htm (no email published for this contact) | Brand: Buick
"BOB KING BUICK GMC, INC.",5115 New Centre Drive,WIlmington,NC,28403,(910) 799-3520,,,https://www.bobkinggmc.com/,bobkinggmc.com,Website: https://www.bobkinggmc.com/ | Staff page: blocked | Brand: Buick
"BROWN & WOOD, INC.",329 SW GREENVILLE BLVD,GREENVILLE,NC,27834,(252) 355-6080,DUKE General,michaelduke@brownandwoodauto.com,https://www.brown-wood.net/,brown-wood.net,Title: Sales Manager | Website: https://www.brown-wood.net/ | Source: https://www.brown-wood.net/staff | Brand: Buick
"DEACON JONES AUTOPARK, INC.",1115 N Brightleaf Blvd,Smithfield,NC,27577,(919) 912-1062,,,https://www.deaconjonesbuickgmc.com/,deaconjonesbuickgmc.com,Website: https://www.deaconjonesbuickgmc.com/ | Staff page: no_staff_page | Brand: Buick
"DOUG HENRY BUICK GMC, INC.",709 Highway 70 Bypass E,Goldsboro,NC,27534,(919) 648-1280,Andy Dworkin,,https://www.doughenrygoldsboro.com/,doughenrygoldsboro.com,Title: General Sales Manager | Website: https://www.doughenrygoldsboro.com/ | Source: https://www.doughenrygoldsboro.com/staff (no email published for this contact) | Brand: Buick
EVERETT CHEVROLET BUICK GMC CADILLAC,161 Hwy 70 SE,Hickory,NC,28602,(828) 327-9171,Kamby Lewis,,https://www.everettbuickgmc.com/,everettbuickgmc.com,Title: General Sales Manager | Website: https://www.everettbuickgmc.com/ | Source: https://www.everettbuickgmc.com/about-us/staff/ (no email published for this contact) | Brand: Buick
FLOW AUTO CENTER,1205 Bridford Parkway,Greensboro,NC,27407,(336) 299-1500,Mike James,,https://www.flowgreensborobuickgmc.com/,flowgreensborobuickgmc.com,Title: General Manager | Website: https://www.flowgreensborobuickgmc.com/ | Source: https://www.flowgreensborobuickgmc.com/staff (no email published for this contact) | Brand: Buick
FLOW BUICK-GMC,5264 Red Tip Rd,Fayetteville,NC,28314,(800) 242-5819,Buick GMC,,https://www.flowfayettevillebuickgmc.com/,flowfayettevillebuickgmc.com,Title: General Sales Manager | Website: https://www.flowfayettevillebuickgmc.com/ | Source: https://www.flowfayettevillebuickgmc.com/staff (no email published for this contact) | Brand: Buick
FLOW CHEVROLET BUICK GMC CADILLAC,1400 S STRATFORD RD,Winston Salem,NC,27103,(336) 542-2037,Blake Holland,,https://www.flowgmauto.com/,flowgmauto.com,Title: New Car Sales Manager | Website: https://www.flowgmauto.com/ | Source: https://www.flowgmauto.com/staff (no email published for this contact) | Brand: Buick
GASTONIA CHEVROLET BUICK GMC,831 SOUTH MAIN STREET,LOWELL,NC,28098,(704) 823-1040,Jason Johnson,,https://www.gastoniabuickgmc.com/,gastoniabuickgmc.com,Title: General Sales Manager | Website: https://www.gastoniabuickgmc.com/ | Source: https://www.gastoniabuickgmc.com/dealership/staff.htm (no email published for this contact) | Brand: Buick
"GRIFFIN MOTOR COMPANY, INC.",2500 W Roosevelt Blvd,Monroe,NC,28110,(704) 289-3135,,,https://www.griffinmonroe.com/,griffinmonroe.com,Website: https://www.griffinmonroe.com/ | Staff page: no_staff_page | Brand: Buick
HENDRICK BUICK GMC CADILLAC,115 Team Hendrick Way,Cary,NC,27511,(919) 439-7749,,,https://www.hendrickbuickgmccary.com/,hendrickbuickgmccary.com,Website: https://www.hendrickbuickgmccary.com/ | Staff page: blocked | Brand: Buick
HENDRICK CHEVROLET BUICK GMC CADILLAC SOUTHPOINT,127 Kentington Dr,Durham,NC,27713,(919) 323-4476,Tony Holmes,,https://www.hendrickbuickgmcsouthpoint.com/,hendrickbuickgmcsouthpoint.com,Title: General Manager | Website: https://www.hendrickbuickgmcsouthpoint.com/ | Source: https://www.hendrickbuickgmcsouthpoint.com/about-us/staff/ (no email published for this contact) | Brand: Buick
LIBERTY BUICK GMC,9028 E Independence Blvd,Matthews,NC,28105,(704) 708-8000,Brad McCorkle,,https://www.clickliberty.com/,clickliberty.com,Title: General Manager | Website: https://www.clickliberty.com/ | Source: https://www.clickliberty.com/staff (no email published for this contact) | Brand: Buick
LUMBERTON CHEVROLET BUICK GMC,500 Linkhaw Rd.,Lumberton,NC,28358,(910) 816-4743,,,https://www.lumbertonbuickgmc.com/,lumbertonbuickgmc.com,Website: https://www.lumbertonbuickgmc.com/ | Staff page: blocked | Brand: Buick
MEDLIN BUICK GMC,1900 Tarboro St West,Wilson,NC,27893,(252) 243-6106,Trey Medlin,,https://www.medlinbuickgmc.com/,medlinbuickgmc.com,Title: General Manager | Website: https://www.medlinbuickgmc.com/ | Source: https://www.medlinbuickgmc.com/staff (no email published for this contact) | Brand: Buick
"MOORE BUICK GMC TRUCK, INC.",2445 N Marine Blvd,Jacksonville,NC,28546,(910) 378-0190,DAVID SMOAK,,https://www.moorebuick.com/,moorebuick.com,Title: General Sales Manager | Website: https://www.moorebuick.com/ | Source: https://www.moorebuick.com/about-us/staff/ (no email published for this contact) | Brand: Buick
"RANDY MARION BUICK GMC, LLC",13701 Statesville Rd,Huntersville,NC,28078,(704) 464-3343,,,https://www.randymariongmc.net/,randymariongmc.net,Website: https://www.randymariongmc.net/ | Staff page: no_staff_page | Brand: Buick
THOMPSON BUICK GMC,2600 Wake Forest Rd,Raleigh,NC,27609,(919) 809-6217,Ryan Fuller,,https://www.thompsoncars.net/,thompsoncars.net,Title: General Manager | Website: https://www.thompsoncars.net/ | Source: https://www.thompsoncars.net/about-us/staff/ (no email published for this contact) | Brand: Buick
TRENT BUICK GMC,1707 US-70,New Bern,NC,28560,(252) 633-2213,,,https://www.trent.com/,trent.com,Website: https://www.trent.com/ | Staff page: blocked | Brand: Buick
VANN YORK CHEVROLET BUICK GMC,321 Eastchester Dr,High Point,NC,27262,(336) 841-4133,Heard Internet,,https://www.vannyorkbuickgmc.com/,vannyorkbuickgmc.com,Title: Sales Manager | Website: https://www.vannyorkbuickgmc.com/ | Source: https://www.vannyorkbuickgmc.com/staff (no email published for this contact) | Brand: Buick
WESTCOTT BUICK GMC,2410 S Church St,Burlington,NC,27215,(336) 228-0141,,,https://www.davidwestcott.com/,davidwestcott.com,Website: https://www.davidwestcott.com/ | Staff page: blocked | Brand: Buick
WILLIAMS BUICK GMC,8201 South Blvd,Charlotte,NC,28273,(704) 499-9869,,,https://www.williamsbuickgmc.com/,williamsbuickgmc.com,Website: https://www.williamsbuickgmc.com/ | Staff page: blocked | Brand: Buick
LUTHER FAMILY BUICK GMC,3202 36th St S,Fargo,ND,58104,(701) 356-7100,Anita Hetler,,https://www.lutherfamilybuickgmc.com/,lutherfamilybuickgmc.com,Title: General Manager | Website: https://www.lutherfamilybuickgmc.com/ | Source: https://www.lutherfamilybuickgmc.com/about-us-draft/staff/ (no email published for this contact) | Brand: Buick
"RYAN GMC, BUICK, CADILLAC",1111 20th ave SW,Minot,ND,58701,(701) 852-1026,Bryan Starr,,https://www.ryangmc.com/,ryangmc.com,Title: General Sales Manager | Website: https://www.ryangmc.com/ | Source: https://www.ryangmc.com/about-us/staff/ (no email published for this contact) | Brand: Buick
SCHWAN BUICK GMC CADILLAC,3812 Memorial Highway,Mandan,ND,58554,(701) 214-6372,Brad Foss,brad@schwangmc.com,https://www.schwanbuickgmc.com/,schwanbuickgmc.com,Title: Sales & Leasing Consultant | Website: https://www.schwanbuickgmc.com/ | Source: https://www.schwanbuickgmc.com/staff | Brand: Buick
MIDWAY CHEVROLET BUICK GMC,515 SECOND AVE E,KEARNEY,NE,68847,(877) 545-1172,,,https://www.thinkmidwaybuickgmc.com/,thinkmidwaybuickgmc.com,Website: https://www.thinkmidwaybuickgmc.com/ | Staff page: blocked | Brand: Buick
PONY EXPRESS CHEVROLET BUICK,420 S LAKE AVE,GOTHENBURG,NE,69138,(866) 545-0796,Corey Jensen,,https://www.ponyexpresschevy.com/,ponyexpresschevy.com,Title: Sales Manager | Website: https://www.ponyexpresschevy.com/ | Source: https://www.ponyexpresschevy.com/staff (no email published for this contact) | Brand: Buick
SID DILLON BUICK GMC-FREMONT,2420 E 23rd St,Fremont,NE,68025,(402) 721-2448,Rich Eyler,,https://www.siddillonbuickgmc.com/,siddillonbuickgmc.com,Title: General Manager | Website: https://www.siddillonbuickgmc.com/ | Source: https://www.siddillonbuickgmc.com/about-us/staff/ (no email published for this contact) | Brand: Buick
SID DILLON BUICK NISSAN HYUNDAI,2627 Kendra Lane,Lincoln,NE,68512,(401) 464-6500,Nick Hunke,,https://www.siddillonbuick.com/,siddillonbuick.com,Title: General Manager | Website: https://www.siddillonbuick.com/ | Source: https://www.siddillonbuick.com/about-us/staff/ (no email published for this contact) | Brand: Buick
WOODHOUSE BUICK GMC OF OMAHA,11911 I Street,Omaha,NE,68137,(402) 593-4000,Ashley Rankin,,https://www.woodhousebuickgmc.com/,woodhousebuickgmc.com,Title: General Sales Manager | Website: https://www.woodhousebuickgmc.com/ | Source: https://www.woodhousebuickgmc.com/about-us/staff/ (no email published for this contact) | Brand: Buick
"BANKS CHEVROLET-CADILLAC, INC.",137 Manchester Street,Concord,NH,03301,(603) 369-6171,,,https://www.banksautosbuickgmc.com/,banksautosbuickgmc.com,Website: https://www.banksautosbuickgmc.com/ | Staff page: blocked | Brand: Buick
"FAIRFIELD'S CADILLAC, BUICK, GMC, INC.",434 Winchester Street,Keene,NH,03431,(603) 352-7700,,,https://www.fairfieldsautos.com/,fairfieldsautos.com,Website: https://www.fairfieldsautos.com/ | Staff page: blocked | Brand: Buick
QUIRK BUICK AND QUIRK GMC,1250 S Willow St.,Manchester,NH,03103,(603) 263-4900,Steve O'Brien,,https://www.quirkbuickgmc.com/,quirkbuickgmc.com,Title: General Manager | Website: https://www.quirkbuickgmc.com/ | Source: https://www.quirkbuickgmc.com/about-us/meet-our-team/ (no email published for this contact) | Brand: Buick
TULLEY BUICK GMC,147 Daniel Webster Highway,Nashua,NH,03060,(603) 888-0550,Cameron Tulley,,https://www.tulleybuickgmc.com/,tulleybuickgmc.com,Title: General Sales Manager | Website: https://www.tulleybuickgmc.com/ | Source: https://www.tulleybuickgmc.com/about-us/staff/ (no email published for this contact) | Brand: Buick
BARLOW BUICK GMC,663 Mantua Pike,Woodbury,NJ,08096,(856) 845-2020,John Barlow,,https://www.barlowbpg.com/,barlowbpg.com,Title: General Manager | Website: https://www.barlowbpg.com/ | Source: https://www.barlowbpg.com/staff (no email published for this contact) | Brand: Buick
BARLOW BUICK-GMC,445 Rt 72 E,Manahawkin,NJ,08050,(877) 535-2117,Barlow Giglio,,https://www.barlowbuickgmc.com/,barlowbuickgmc.com,Title: General Manager | Website: https://www.barlowbuickgmc.com/ | Source: https://www.barlowbuickgmc.com/staff.aspx (no email published for this contact) | Brand: Buick
BUICK-GMC OF MAHWAH,386 RTE 17 S,Mahwah,NJ,07430,(201) 512-0558,Kathleen Finn,,https://www.buickgmcofmahwah.com/,buickgmcofmahwah.com,Title: Dealer Principal | Website: https://www.buickgmcofmahwah.com/ | Source: https://www.buickgmcofmahwah.com/dealership/staff.htm (no email published for this contact) | Brand: Buick
BURNS BUICK-GMC,500 W Route 70,Marlton,NJ,08053,(856) 983-6060,Mike Borkowski,,https://www.burnsbuickgmc.com/,burnsbuickgmc.com,Title: General Sales Manager | Website: https://www.burnsbuickgmc.com/ | Source: https://www.burnsbuickgmc.com/staff (no email published for this contact) | Brand: Buick
COLEMAN BUICK GMC,100 RENAISSANCE BOULEVARD,LAWRENCEVILLE,NJ,08648,(609) 895-8000,Charles Johnson,,https://www.colemanautos.com/,colemanautos.com,Title: General Sales Manager | Website: https://www.colemanautos.com/ | Source: https://www.colemanautos.com/staff (no email published for this contact) | Brand: Buick
F.C. KERBECK BUICK GMC,100 RTE 73 N,Palmyra,NJ,08065,(856) 499-5268,Joe McGrath,,https://www.kerbeckbuickgmc.com/,kerbeckbuickgmc.com,Title: General Manager | Website: https://www.kerbeckbuickgmc.com/ | Source: https://www.kerbeckbuickgmc.com/staff (no email published for this contact) | Brand: Buick
"FREEHOLD BUICK-GMC, INC.",4404 RTE 9,FREEHOLD,NJ,07728,(732) 462-0847,Sydney Sousa,sydneysousa@freeholdautos.com,https://www.freeholdautos.com/,freeholdautos.com,Title: Sales Associate | Website: https://www.freeholdautos.com/ | Source: https://www.freeholdautos.com/staff | Brand: Buick
GREEN BROOK BUICK GMC,101 US HIGHWAY 22   EASTBOUND,GREEN BROOK,NJ,08812,(732) 733-2627,Andres Gaitan,agaitan@greenbrookauto.com,https://www.greenbrookauto.com/,greenbrookauto.com,Title: Sales Manager | Website: https://www.greenbrookauto.com/ | Source: https://www.greenbrookauto.com/staff | Brand: Buick
JIM CURLEY BUICK GMC,400 NJ-35,Keyport,NJ,07735,(732) 585-1953,Bruce DeFranco,,https://www.buickgmckeyportnj.com/,buickgmckeyportnj.com,Title: Sales Manager | Website: https://www.buickgmckeyportnj.com/ | Source: https://www.buickgmckeyportnj.com/about-us/staff/ (no email published for this contact) | Brand: Buick
MAXON BUICK GMC,2301 RT 22 West,Union,NJ,07083,(908) 964-1900,,,https://www.maxonbuickgmc.com/,maxonbuickgmc.com,Website: https://www.maxonbuickgmc.com/ | Staff page: no_staff_page | Brand: Buick
MCGUIRE BUICK GMC,1625 rt 46 east,Little Falls,NJ,07424,(973) 785-2220,Jim Cipola,,https://www.mcguireautogroup.net/,mcguireautogroup.net,Title: Sales Associate | Website: https://www.mcguireautogroup.net/ | Source: https://www.mcguireautogroup.net/staff (no email published for this contact) | Brand: Buick
NORTH BERGEN BUICK GMC,7027 KENNEDY BLVD,NORTH BERGEN,NJ,07047,(201) 430-7223,,,https://www.northbergenbuickgmc.com/,northbergenbuickgmc.com,Website: https://www.northbergenbuickgmc.com/ | Staff page: blocked | Brand: Buick
"PELLEGRINO BUICK GMC, INC.",815 N Black Horse Pike,Williamstown,NJ,08094,(856) 237-1227,LOUIS CEROTA,,https://www.pellegrinopbg.com/,pellegrinopbg.com,Title: Sales Consultant | Website: https://www.pellegrinopbg.com/ | Source: https://www.pellegrinopbg.com/about-us/staff/ (no email published for this contact) | Brand: Buick
PERFORMANCE BUICK GMC OF WOODBRIDGE LLC,920 Rt 1 North,Woodbridge,NJ,07095,(732) 596-1955,Dino Abragao,,https://www.performancebuickgmcwoodbridge.com/,performancebuickgmcwoodbridge.com,Title: General Sales Manager | Website: https://www.performancebuickgmcwoodbridge.com/ | Source: https://www.performancebuickgmcwoodbridge.com/dealership/staff.htm (no email published for this contact) | Brand: Buick
PERFORMANCE BUICK-GMC LLC,1247 Route 10 East,Cedar Knolls (Morris),NJ,07927,(973) 267-1100,ANTHONY LAMANNA,,https://www.performancebuickgmc.com/,performancebuickgmc.com,Title: General Manager | Website: https://www.performancebuickgmc.com/ | Source: https://www.performancebuickgmc.com/dealership/staff.htm (no email published for this contact) | Brand: Buick
"ROYAL BUICK GMC, INC.",355 RTE 23 N,Sussex,NJ,07461,(973) 232-1373,ROB DOWNS,,https://www.royaladvantage.com/,royaladvantage.com,Title: General Sales Manager | Website: https://www.royaladvantage.com/ | Source: https://www.royaladvantage.com/about-us/staff/ (no email published for this contact) | Brand: Buick
SAWYER LYONS BUICK GMC OF RANDOLPH,1005 Route 10,Randolph,NJ,07869,(973) 584-0606,Bret Reyes,,https://www.sawyerlyonsbuickgmc.com/,sawyerlyonsbuickgmc.com,Title: General Sales Manager | Website: https://www.sawyerlyonsbuickgmc.com/ | Source: https://www.sawyerlyonsbuickgmc.com/about-us/staff/ (no email published for this contact) | Brand: Buick
SCHUMACHER CHEVROLET BUICK OF BOONTON,650 MYRTLE AVE,BOONTON,NJ,07005,(973) 658-4094,,,https://www.shopschumacherbuick.com/,shopschumacherbuick.com,Website: https://www.shopschumacherbuick.com/ | Staff page: blocked | Brand: Buick
T&T COAST BUICK-GMC,2205 Highway 35,Sea Girt,NJ,08750,(732) 223-0025,JOHN MCBRIDE,,https://www.ttcoastauto.com/,ttcoastauto.com,Title: General Manager | Website: https://www.ttcoastauto.com/ | Source: https://www.ttcoastauto.com/about-us/staff/ (no email published for this contact) | Brand: Buick
HI COUNTRY BUICK GMC,1700 San Juan Blvd,Farmington,NM,87401,(877) 714-3235,Orien Israel,,https://www.truck-guys.com/,truck-guys.com,Title: General Sales Manager | Website: https://www.truck-guys.com/ | Source: https://www.truck-guys.com/dealership/staff.htm (no email published for this contact) | Brand: Buick
PITRE BUICK GMC,9737 Eagle Ranch Rd NW,Albuquerque,NM,87114,(505) 633-5350,TAVIO BORBA,,https://www.pitrebuickgmc.com/,pitrebuickgmc.com,Title: General Sales Manager | Website: https://www.pitrebuickgmc.com/ | Source: https://www.pitrebuickgmc.com/dealership/staff.htm (no email published for this contact) | Brand: Buick
"QUALITY BUICK GMC, INC.",7901 LOMAS NE,ALBUQUERQUE,NM,87110,(505) 765-1300,Aubra Logan,,https://www.qualitybydilorenzo.com/,qualitybydilorenzo.com,Title: New Car Sales Manager | Website: https://www.qualitybydilorenzo.com/ | Source: https://www.qualitybydilorenzo.com/about-us/staff/ (no email published for this contact) | Brand: Buick
AUTONATION BUICK GMC HENDERSON,330 N Gibson Rd,Henderson,NV,89014,(702) 558-3300,David Culp,,https://www.autonationbuickgmchenderson.com/,autonationbuickgmchenderson.com,Title: General Manager | Website: https://www.autonationbuickgmchenderson.com/ | Source: https://www.autonationbuickgmchenderson.com/staff (no email published for this contact) | Brand: Buick
AUTONATION BUICK GMC WEST SAHARA,6400 West Sahara Avenue,Las Vegas,NV,89146,(702) 605-5808,,,https://www.autonationbuickgmcwestsahara.com/,autonationbuickgmcwestsahara.com,Website: https://www.autonationbuickgmcwestsahara.com/ | Staff page: no_staff_page | Brand: Buick
CORWIN BUICK GMC RENO,900 Kietzke Ln,Reno,NV,89502,(775) 624-3264,Lance Dattilo,,https://www.corwinbuickgmcreno.com/,corwinbuickgmcreno.com,Title: General Sales Manager | Website: https://www.corwinbuickgmcreno.com/ | Source: https://www.corwinbuickgmcreno.com/staff (no email published for this contact) | Brand: Buick
FAIRWAY BUICK GMC TRUCK,3222 E. Sahara Ave,Las Vegas,NV,89104,(702) 420-2999,Matt McCombs,,https://www.fairwaybuickgmc.com/,fairwaybuickgmc.com,Title: General Sales Manager | Website: https://www.fairwaybuickgmc.com/ | Source: https://www.fairwaybuickgmc.com/about-us/staff/ (no email published for this contact) | Brand: Buick
JERRY SEINER BUICK GMC,6501 Centennial Center BLVD,Las Vegas,NV,89149,(702) 660-0708,,,https://www.seinerbuickgmc.com/,seinerbuickgmc.com,Website: https://www.seinerbuickgmc.com/ | Staff page: blocked | Brand: Buick
BICAL AUTO MALL,2859 Flatbush Ave,Brooklyn,NY,11234,(718) 484-6901,Jamil Quaiser,,https://www.bicalbuickgmc.com/,bicalbuickgmc.com,Title: Sales Manager | Website: https://www.bicalbuickgmc.com/ | Source: https://www.bicalbuickgmc.com/staff (no email published for this contact) | Brand: Buick
BOB JOHNSON BUICK GMC LLC,4389 Ridge Road West,Rochester,NY,14626,(585) 617-0098,,,https://www.bobjohnsonbuick.com/,bobjohnsonbuick.com,Website: https://www.bobjohnsonbuick.com/ | Staff page: no_staff_page | Brand: Buick
BOB JOHNSON BUICK GMC SOUTH,4600 W Henrietta Rd,Henrietta,NY,14467,(585) 359-2200,,,https://www.bobjohnsongmc.com/,bobjohnsongmc.com,Website: https://www.bobjohnsongmc.com/ | Staff page: no_staff_page | Brand: Buick
BOMNIN BUICK GMC NANUET,32 NY-304,Nanuet,NY,10954,(845) 623-6060,,,https://www.bomninbuickgmcnanuet.com/,bomninbuickgmcnanuet.com,Website: https://www.bomninbuickgmcnanuet.com/ | Staff page: no_staff_page | Brand: Buick
BRENNAN BUICK GMC,383 Route 3,Plattsburgh,NY,12901,(518) 563-2000,SEAN REIL,SREIL@BRENNANBUICKGMC.COM,https://www.brennanbuickgmc.com/,brennanbuickgmc.com,Title: Sales Manager | Website: https://www.brennanbuickgmc.com/ | Source: https://www.brennanbuickgmc.com/dealership/meet-our-staff.htm | Brand: Buick
BURDICK CHEVROLET BUICK GMC,5885 East Circle Drive,Cicero,NY,13039,(315) 218-9989,Ryan Meek,,https://www.burdickbuickgmc.com/,burdickbuickgmc.com,Title: General Sales Manager | Website: https://www.burdickbuickgmc.com/ | Source: https://www.burdickbuickgmc.com/dealership/staff.htm (no email published for this contact) | Brand: Buick
CAPPELLINO BUICK-GMC,5411 Transit Rd,Williamsville,NY,14221,(716) 650-4471,,,https://www.cappellinobuickgmc.com/,cappellinobuickgmc.com,Website: https://www.cappellinobuickgmc.com/ | Staff page: no_staff_page | Brand: Buick
"COLANDREA BUICK-GMC, INC.",39 Route 17K,Newburgh,NY,12550,(845) 522-5260,,,https://www.colandreabuick-gmc.com/,colandreabuick-gmc.com,Website: https://www.colandreabuick-gmc.com/ | Staff page: no_staff_page | Brand: Buick
"D'ELLA BUICK-GMC-CADILLAC, INC.",293 QUAKER RD,QUEENSBURY,NY,12804,(518) 793-3871,Michael Tonks,,https://www.dellagm.com/,dellagm.com,Title: General Sales Manager | Website: https://www.dellagm.com/ | Source: https://www.dellagm.com/staff (no email published for this contact) | Brand: Buick
DAVIDSON AUTOMOTIVE GROUP – Watertown,18579 US Route 11,Watertown,NY,13601,(315) 782-8300,ROGER BORIS,rogerb@davidsonautonet.com,https://www.davidsonbuickgmc.com/,davidsonbuickgmc.com,Title: Sales Consultant | Website: https://www.davidsonbuickgmc.com/ | Source: https://www.davidsonbuickgmcrome.com/staff | Brand: Buick
DAVIDSON AUTOMOTIVE GROUP – Rome,5871 Rome-Taberg Rd,Rome,NY,13440,(315) 337-2440,ROGER BORIS,rogerb@davidsonautonet.com,https://www.davidsonbuickgmcrome.com/,davidsonbuickgmcrome.com,Title: Sales Consultant | Website: https://www.davidsonbuickgmcrome.com/ | Source: https://www.davidsonbuickgmcrome.com/staff | Brand: Buick
EMPIRE BUICK GMC OF LONG ISLAND CITY,45-02 Northern Blvd,Long Island City,NY,11101,(866) 590-2588,Hoppe Internet,,https://www.shopempirebuickgmcoflic.com/,shopempirebuickgmcoflic.com,Title: Sales Manager | Website: https://www.shopempirebuickgmcoflic.com/ | Source: https://www.shopempirebuickgmcoflic.com/staff (no email published for this contact) | Brand: Buick
"FAY MOTORS, INC.",10 WILLOW ST,MASSENA,NY,13662,(877) 207-7583,,,https://www.faymotors.com/,faymotors.com,Website: https://www.faymotors.com/ | Staff page: no_staff_page | Brand: Buick
GARBER RANDALL BUICK GMC,5375 Thomas Rd,Canandaigua,NY,14424,(585) 449-4814,Sean Carroll,,https://www.garberrandallbuickgmc.com/,garberrandallbuickgmc.com,Title: General Manager | Website: https://www.garberrandallbuickgmc.com/ | Source: https://www.garberrandallbuickgmc.com/dealership/staff.htm (no email published for this contact) | Brand: Buick
GENERATION BUICK GMC,4825A Sunrise Highway,Bohemia,NY,11716,(631) 569-5700,,,https://www.generationbuickgmc.com/,generationbuickgmc.com,Website: https://www.generationbuickgmc.com/ | Staff page: no_staff_page | Brand: Buick
GOLDSTEIN BUICK GMC,1671 CENTRAL AVE,ALBANY,NY,12205,(518) 869-2291,Dan Sweeney,DSweeney@GoldsteinAuto.com,https://www.goldsteinbuickgmc.com/,goldsteinbuickgmc.com,Title: General Sales Manager | Website: https://www.goldsteinbuickgmc.com/ | Source: https://www.goldsteinbuick.com/staff | Brand: Buick
HUDSON CADILLAC BUICK GMC,2023 South Road,Poughkeepsie,NY,12601,(845) 298-4700,Michael Mullaney,,https://www.hudsonbuickgmc.com/,hudsonbuickgmc.com,Title: Dealer Principal | Website: https://www.hudsonbuickgmc.com/ | Source: https://www.hudsonbuickgmc.com/staff (no email published for this contact) | Brand: Buick
"JIM MURPHY BUICK GMC, INC.",3000 Walden Avenue,Depew,NY,14043,(716) 989-5020,,,https://www.jimmurphycars.com/,jimmurphycars.com,Website: https://www.jimmurphycars.com/ | Staff page: blocked | Brand: Buick
"KING O'ROURKE BUICK GMC, LLC",756 Smithtown By Pass,Smithtown,NY,11787,(631) 982-4447,Tommy Costa,tcosta@kingorourke.com,https://www.kingorourkeautogroup.com/,kingorourkeautogroup.com,Title: General Sales Manager | Website: https://www.kingorourkeautogroup.com/ | Source: https://www.kingorourkeautogroup.com/staff | Brand: Buick
MANGINO BUICK - GMC,1484 Saratoga Rd,Ballston Spa,NY,12020,(518) 885-5301,Larry Hockford,,https://www.manginobuickgmc.com/,manginobuickgmc.com,Title: General Sales Manager | Website: https://www.manginobuickgmc.com/ | Source: https://www.manginobuickgmc.com/staff (no email published for this contact) | Brand: Buick
MIKE SMITH BUICK GMC INC.,6014 S. Transit Rd.,Lockport,NY,14094,(716) 625-8235,,,https://www.mikesmithbuickgmc.com/,mikesmithbuickgmc.com,Website: https://www.mikesmithbuickgmc.com/ | Staff page: no_staff_page | Brand: Buick
NYE BUICK GMC,1421 GENESEE ST,ONEIDA,NY,13421,(315) 363-2200,Emaj Smith,,https://www.nyegmc.com/,nyegmc.com,Title: Sales Manager | Website: https://www.nyegmc.com/ | Source: https://www.nyegmc.com/about-us/staff/ (no email published for this contact) | Brand: Buick
PLATINUM BUICK GMC OF WHITE PLAINS,358 CENTRAL AVENUE,WHITE PLAINS,NY,10606,(914) 761-5000,,,https://www.platinumbuickgmcwp.com/,platinumbuickgmcwp.com,Website: https://www.platinumbuickgmcwp.com/ | Staff page: blocked | Brand: Buick
"RICK BOKMAN, INC.",1019 E STATE ST,OLEAN,NY,14760,(716) 372-8633,Kyle O'Laughlin,kyleo@rickbokmaninc.com,https://www.rickbokmaninc.com/,rickbokmaninc.com,Title: Sales Manager | Website: https://www.rickbokmaninc.com/ | Source: https://www.rickbokmaninc.com/staff | Brand: Buick
ROBERT BASIL BUICK GMC CADILLAC,3475 Southwestern Blvd,Orchard Park,NY,14127,(716) 667-2000,James Griffin,,https://www.robertbasilcars.com/,robertbasilcars.com,Title: General Manager | Website: https://www.robertbasilcars.com/ | Source: https://www.robertbasilcars.com/about-us/staff/ (no email published for this contact) | Brand: Buick
"ROMEO CHEVROLET BUICK GMC, LLC",1665 Ulster Ave,Lake Katrine,NY,12449,(845) 203-4131,,,https://www.romeobuickgmc.com/,romeobuickgmc.com,Website: https://www.romeobuickgmc.com/ | Staff page: no_staff_page | Brand: Buick
SIMMONS ROCKWELL BUICK GMC,784 CO RT 64,ELMIRA,NY,14903,(607) 796-5555,,,https://www.srgmcny.com/,srgmcny.com,Website: https://www.srgmcny.com/ | Staff page: blocked | Brand: Buick
VISION BUICK GMC,800 Panorama Trail S,Rochester,NY,14625,(585) 586-6940,,,https://visionbuickgmc.com/,visionbuickgmc.com,Website: https://visionbuickgmc.com/ | Staff page: blocked | Brand: Buick
WEST HERR BUICK GMC,535 Main St,East Aurora,NY,14052,(716) 687-8410,,,https://www.gmeastaurora.com/,gmeastaurora.com,Website: https://www.gmeastaurora.com/ | Staff page: no_staff_page | Brand: Buick
#1 COCHRAN BUICK GMC,7997 MARKET ST,YOUNGSTOWN,OH,44512,(330) 726-2277,Anthony Garono,,https://www.cochranbuickgmcyoungstown.com/,cochranbuickgmcyoungstown.com,Title: General Sales Manager | Website: https://www.cochranbuickgmcyoungstown.com/ | Source: https://www.cochranbuickgmcyoungstown.com/about-us/staff/ (no email published for this contact) | Brand: Buick
"ABRAHAM BUICK GMC, INC.",1111 E Broad St,ELYRIA,OH,44035,(440) 366-6446,Wendell Brown,,https://www.nickabrahambuick.com/,nickabrahambuick.com,Title: General Manager | Website: https://www.nickabrahambuick.com/ | Source: https://www.nickabrahambuick.com/staff (no email published for this contact) | Brand: Buick
"AL BAUMANN CHEVROLET-BUICK, INC.",2379 West State St.,Fremont,OH,43420,(419) 332-8236,,,https://www.albaumannbuick.com/,albaumannbuick.com,Website: https://www.albaumannbuick.com/ | Brand: Buick
BALLAS BUICK GMC,5715 W Central Ave,Toledo,OH,43615,(419) 535-1000,Tim Gladieux,tgladieux@ballasbuickgmc.com,https://www.ballasbuickgmc.com/,ballasbuickgmc.com,Title: New Car Sales Manager | Website: https://www.ballasbuickgmc.com/ | Source: https://www.ballasbuickgmc.com/staff | Brand: Buick
BOB ROSS BUICK GMC,85 LOOP RD,CENTERVILLE,OH,45459,(937) 433-0990,,,https://www.bobrossbuickgmc.com/,bobrossbuickgmc.com,Website: https://www.bobrossbuickgmc.com/ | Staff page: blocked | Brand: Buick
CLASSIC BUICK GMC,1700 Mentor Ave,Painesville,OH,44077,(440) 639-4500,,,https://www.classicpainesville.com/,classicpainesville.com,Website: https://www.classicpainesville.com/ | Staff page: blocked | Brand: Buick
"COUGHLIN AUTOMOTIVE OF CIRCLEVILLE, LLC",24001 US 23 S,Circleville,OH,43113,(740) 474-3138,Doug Winland,,https://www.coughlinbuickgmccircleville.com/,coughlinbuickgmccircleville.com,Title: General Sales Manager | Website: https://www.coughlinbuickgmccircleville.com/ | Source: https://www.coughlinbuickgmccircleville.com/staff (no email published for this contact) | Brand: Buick
COUGHLIN CHEVROLET BUICK GMC,1850 N 21st St,Newark,OH,43055,(740) 366-1371,Gary Burwell,,https://www.coughlinbuickgmcnewark.com/,coughlinbuickgmcnewark.com,Title: General Manager | Website: https://www.coughlinbuickgmcnewark.com/ | Source: https://www.coughlinbuickgmcnewark.com/staff (no email published for this contact) | Brand: Buick
COUGHLIN CHEVROLET OF CHILLICOTHE,1221 N Bridge St,Chillicothe,OH,45601,(740) 773-2153,Andy Gilbert,,https://www.coughlinbuickgmcchillicothe.com/,coughlinbuickgmcchillicothe.com,Title: General Manager | Website: https://www.coughlinbuickgmcchillicothe.com/ | Source: https://www.coughlinbuickgmcchillicothe.com/staff (no email published for this contact) | Brand: Buick
COUGHLIN CHEVROLET-BUICK-CADILLAC OF MARYSVILLE,15801 US 36,Marysville,OH,43040,(937) 644-9000,Brad VanFleet,,https://www.coughlinbuickmarysville.com/,coughlinbuickmarysville.com,Title: General Manager | Website: https://www.coughlinbuickmarysville.com/ | Source: https://www.coughlinbuickmarysville.com/staff (no email published for this contact) | Brand: Buick
"CRESTMONT BUICK GMC, LLC",25975 CENTRAL PKWY,Beachwood,OH,44122,(216) 694-8605,Charles Mayle,,https://www.crestmontbuickgmc.com/,crestmontbuickgmc.com,Title: General Manager | Website: https://www.crestmontbuickgmc.com/ | Source: https://www.crestmontbuickgmc.com/about-us/staff/ (no email published for this contact) | Brand: Buick
CRONIN BUICK GMC OF PERRYSBURG,26875 DIXIE HWY RTE 25,PERRYSBURG,OH,43551,,,,,,Brand: Buick
DAVE ARBOGAST BUICK-GMC,3540 S COUNTY RD 25A,Troy,OH,45373,(937) 440-3880,Brandon Johnson,,https://www.arbogastbuickgmc.com/,arbogastbuickgmc.com,Title: General Sales Manager | Website: https://www.arbogastbuickgmc.com/ | Source: https://www.arbogastbuickgmc.com/about-us/staff/ (no email published for this contact) | Brand: Buick
JAKE SWEENEY BUICK GMC,917 Columbus Ave,Lebanon,OH,45036,(513) 932-3000,TROY COPENHAVER,,https://www.jakesweeneybuickgmc.com/,jakesweeneybuickgmc.com,Title: General Manager | Website: https://www.jakesweeneybuickgmc.com/ | Source: https://www.jakesweeneybuickgmc.com/dealership/staff.htm (no email published for this contact) | Brand: Buick
JAY BUICK GMC,18800 Rockside rd,Bedford,OH,44146,(440) 625-2746,,,https://www.jaybuickgmc.com/,jaybuickgmc.com,Website: https://www.jaybuickgmc.com/ | Staff page: no_staff_page | Brand: Buick
"JOSEPH BUICK-GMC TRUCK, INC",8700 Colerain Ave.,Cincinnati,OH,45251,(513) 322-5967,,,https://www.josephbuickgmc.com/,josephbuickgmc.com,Website: https://www.josephbuickgmc.com/ | Staff page: blocked | Brand: Buick
"JOYCE BUICK GMC, INC.",38039 Chester Road,Avon,OH,44011,(440) 934-6600,Tony Foos,tony@drivejoyce.com,https://www.drivejoyce.com/,drivejoyce.com,Title: General Sales Manager | Website: https://www.drivejoyce.com/ | Source: https://www.drivejoyce.com/staff | Brand: Buick
"JUNCTION BUICK GMC, INC.",12423 Ravenna Rd,Chardon,OH,44024,(440) 285-5700,Butler Buick-GMC,,https://www.junctionbuickgmc.com/,junctionbuickgmc.com,Title: Sales Manager | Website: https://www.junctionbuickgmc.com/ | Source: https://www.junctionbuickgmc.com/staff (no email published for this contact) | Brand: Buick
KEN GANLEY BUICK GMC,2401 west cleveland road,sandusky,OH,44870,(419) 502-5121,Jared Wilson,,https://www.kenganleybuickgmc.com/,kenganleybuickgmc.com,Title: Sales Manager | Website: https://www.kenganleybuickgmc.com/ | Source: https://www.kenganleybuickgmc.com/dealership/staff.htm (no email published for this contact) | Brand: Buick
KEN GANLEY BUICK GMC STRONGSVILLE,14000 PEARL RD,STRONGSVILLE,OH,44136,(440) 580-4256,Joe Gerycz,,https://www.ganleybuickgmc.com/,ganleybuickgmc.com,Title: General Manager | Website: https://www.ganleybuickgmc.com/ | Source: https://www.ganleybuickgmc.com/dealership/staff.htm (no email published for this contact) | Brand: Buick
KERRY BUICK GMC,150 NORTHLAND BLVD,cincinnati,OH,45246,(866) 572-2599,Chris Williams,,https://www.kerrybuickgmc.com/,kerrybuickgmc.com,Title: General Manager | Website: https://www.kerrybuickgmc.com/ | Source: https://www.kerrybuickgmc.com/meet-our-team.htm (no email published for this contact) | Brand: Buick
"LAMBERT BUICK GMC, INC.",2409 Front St,Cuyahoga Falls,OH,44221,(330) 923-9771,Jason Thoenen,jthoenen@lambertgm.com,https://www.lambertbuickgmc.com/,lambertbuickgmc.com,Title: Sales Manager | Website: https://www.lambertbuickgmc.com/ | Source: https://www.lambertbuickgmc.com/staff | Brand: Buick
LARIA CHEVROLET - BUICK INC.,112 E. OHIO AVE,RITTMAN,OH,44270,(877) 598-6568,,,https://www.lariabuick.com/,lariabuick.com,Website: https://www.lariabuick.com/ | Staff page: no_staff_page | Brand: Buick
LINDSAY BUICK GMC – Columbus,300 N. Hamilton Rd,Columbus,OH,43213,(614) 328-8551,JAMES ROSE,,https://www.lindsaybuickgmctruck.com/,lindsaybuickgmctruck.com,Title: General Sales Manager | Website: https://www.lindsaybuickgmctruck.com/ | Source: https://www.lindsaybuickgmc.com/staff (no email published for this contact) | Brand: Buick
MARK SWEENEY BUICK GMC,3365 Highland Avenue,Cincinnati,OH,45213,(888) 223-7457,,,https://www.marksweeneyauto.com/,marksweeneyauto.com,Website: https://www.marksweeneyauto.com/ | Staff page: blocked | Brand: Buick
MARK WAHLBERG BUICK GMC OF COLUMBUS,3895 W BROAD ST,COLUMBUS,OH,43228,(833) 591-0500,Brian Gilmore,bgilmore@markwahlbergauto.com,https://www.markwahlbergbuickgmc.com/,markwahlbergbuickgmc.com,Title: General Manager | Website: https://www.markwahlbergbuickgmc.com/ | Source: https://www.markwahlbergbuickgmc.com/staff | Brand: Buick
MCCLUSKEY CHEVROLET BUICK GMC,9673 KINGS AUTOMALL RD,CINCINNATI,OH,45249,(513) 776-0493,,,https://www.mccluskeybuickgmc.com/,mccluskeybuickgmc.com,Website: https://www.mccluskeybuickgmc.com/ | Staff page: blocked | Brand: Buick
MEDINA AUTO MALL,3205 Medina Rd,Medina,OH,44256,(330) 422-6181,,,https://www.medinagmautomall.com/,medinagmautomall.com,Website: https://www.medinagmautomall.com/ | Staff page: no_staff_page | Brand: Buick
MORRIS BUICK GMC,26100 LORAIN ROAD,NORTH OLMSTED,OH,44070,(440) 777-7577,Adam Morris,,https://www.drivemorris.com/,drivemorris.com,Title: Dealer Principal | Website: https://www.drivemorris.com/ | Source: https://www.drivemorris.com/staff (no email published for this contact) | Brand: Buick
"REICHARD BUICK GMC, INC.",161 Salem Avenue,Dayton,OH,45406,(937) 224-8541,RHETT REICHARD,,https://www.reichardbuick.com/,reichardbuick.com,Title: General Manager | Website: https://www.reichardbuick.com/ | Source: https://www.reichardbuick.com/about-us/staff/ (no email published for this contact) | Brand: Buick
RICART BUICK GMC,2539 Billingsley Road,Columbus,OH,43235,(614) 889-6300,,,,,Brand: Buick
"RON MARHOFER BUICK GMC, INC.",5617 WHIPPLE AVE NW,NORTH CANTON,OH,44720,(234) 714-6697,Scott Marhofer,,https://www.ronmarhofergmc.com/,ronmarhofergmc.com,Title: Dealer Principal | Website: https://www.ronmarhofergmc.com/ | Source: https://www.ronmarhofergmc.com/dealership/staff.htm (no email published for this contact) | Brand: Buick
"SHARPNACK CHEVROLET BUICK, INC.",1330 S. Conwell Ave,Willard,OH,44890,(419) 935-0194,TODD WENDT,todd@sharpnackdirect.com,https://www.sharpnackbuick.com/,sharpnackbuick.com,Title: General Manager | Website: https://www.sharpnackbuick.com/ | Source: https://www.sharpnackbuick.com/staff | Brand: Buick
"SIMS BUICK-GMC TRUCK, INC.",3100 Elm Road NE,Warren,OH,44483,(330) 372-8288,Belica Senior,,https://www.simsbuickgmc.com/,simsbuickgmc.com,Title: Sales Manager | Website: https://www.simsbuickgmc.com/ | Source: https://www.simsbuickgmc.com/about-us/staff/ (no email published for this contact) | Brand: Buick
SNYDER BUICK GMC,1421 North Scott,Napoleon,OH,43545,(419) 951-9218,ALLAN WITTE,,https://www.snydergm.com/,snydergm.com,Title: Sales And Leasing | Website: https://www.snydergm.com/ | Source: https://www.snydergm.com/dealership/staff.htm (no email published for this contact) | Brand: Buick
SPITZER BUICK GMC,1060 Bright Rd,Findlay,OH,45840,(419) 423-7161,,,https://spitzerbuickgmc.com/,spitzerbuickgmc.com,Website: https://spitzerbuickgmc.com/ | Staff page: blocked | Brand: Buick
SPITZER BUICK GMC PARMA,6607 Brookpark Rd,Parma,OH,44129,(216) 661-5060,Bill Gilmore,,https://www.spitzerbuickgmcparma.com/,spitzerbuickgmcparma.com,Title: General Manager | Website: https://www.spitzerbuickgmcparma.com/ | Source: https://www.spitzerbuickgmcparma.com/about-us/staff/ (no email published for this contact) | Brand: Buick
"STADIUM CHEVROLET BUICK GMC CADILLAC, INC.",292 West State Street,Salem,OH,44460,(330) 332-4683,Michael Hudock,,https://www.stadiumbuickgmc.com/,stadiumbuickgmc.com,Title: General Manager | Website: https://www.stadiumbuickgmc.com/ | Source: https://www.stadiumbuickgmc.com/staff (no email published for this contact) | Brand: Buick
STEINLE CHEVROLET BUICK LLC,1014 E MCPHERSON HWY,CLYDE,OH,43410,(567) 855-4427,Steinle II,,https://www.steinlechevroletbuick.com/,steinlechevroletbuick.com,Title: Sales Manager | Website: https://www.steinlechevroletbuick.com/ | Source: https://www.steinlechevroletbuick.com/staff (no email published for this contact) | Brand: Buick
TOM AHL BUICK GMC,2525 Allentown Rd,Lima,OH,45805,(419) 228-2345,Vince Downing,,https://www.tomahlbuickgmc.com/,tomahlbuickgmc.com,Title: General Manager | Website: https://www.tomahlbuickgmc.com/ | Source: https://www.tomahlbuickgmc.com/dealership/staff.htm (no email published for this contact) | Brand: Buick
TOM GILL BUICK GMC,6720 GILMORE ROAD,HAMILTON,OH,45011,(513) 863-8111,,,https://www.tomgillbuickgmc.com/,tomgillbuickgmc.com,Website: https://www.tomgillbuickgmc.com/ | Staff page: blocked | Brand: Buick
"TOTH BUICK GMC, INC.",3300 SOUTH ARLINGTON ROAD,AKRON,OH,44312,(330) 644-3400,Russell Toth,,https://www.tothakron.com/,tothakron.com,Title: General Manager | Website: https://www.tothakron.com/ | Source: https://www.tothakron.com/staff (no email published for this contact) | Brand: Buick
TWINS BUICK GMC,960 Morse Road,Columbus,OH,43229,(614) 515-4109,Beau Daubenmier,,https://www.twinsbuickgmc.com/,twinsbuickgmc.com,Title: New Car Sales Manager | Website: https://www.twinsbuickgmc.com/ | Source: https://www.twinsbuickgmc.com/staff (no email published for this contact) | Brand: Buick
VAN DEVERE BUICK,300 W. Market St,Akron,OH,44303,(330) 436-0231,Joe VanDevere,joe.vandevere@vandevere.com,https://www.buickvandevere.com/,buickvandevere.com,Title: General Manager | Website: https://www.buickvandevere.com/ | Source: https://www.buickvandevere.com/staff | Brand: Buick
"BLUE RIBBON CHEVROLET BUICK GMC, INC.",1703 South Kerr,Sallisaw,OK,74955,(918) 416-4590,,,https://www.blueribbonbuickgmc.com/,blueribbonbuickgmc.com,Website: https://www.blueribbonbuickgmc.com/ | Staff page: no_staff_page | Brand: Buick
BOB HOWARD BUICK GMC,13300 Broadway Ext,Oklahoma City,OK,73114,(405) 463-2497,Andy Herndon,,https://www.bobhowardbuickgmc.com/,bobhowardbuickgmc.com,Title: General Sales Manager | Website: https://www.bobhowardbuickgmc.com/ | Source: https://www.bobhowardbuickgmc.com/about-us/staff/ (no email published for this contact) | Brand: Buick
BOB MOORE BUICK GMC,7410 Northwest Expy,Oklahoma City,OK,73132,(405) 721-6000,Jeremy Bird,,https://www.bobmoorebuickgmcokc.com/,bobmoorebuickgmcokc.com,Title: General Sales Manager | Website: https://www.bobmoorebuickgmcokc.com/ | Source: https://www.bobmoorebuickgmcokc.com/about-us/staff/ (no email published for this contact) | Brand: Buick
CONFIDENCE BUICK GMC,6100 TINKER DIAGONAL,Midwest City,OK,73110,(405) 737-6641,,,https://www.confidencebuickgmc.com/,confidencebuickgmc.com,Website: https://www.confidencebuickgmc.com/ | Staff page: no_staff_page | Brand: Buick
FERGUSON BUICK GMC LLC,1015 N Interstate Dr,Norman,OK,73069,(405) 321-5820,Gary Burton,,https://www.fergusonchallenge.com/,fergusonchallenge.com,Title: General Manager | Website: https://www.fergusonchallenge.com/ | Source: https://www.fergusonchallenge.com/about-us/staff/ (no email published for this contact) | Brand: Buick
JERRY FERGUSON BUICK GMC,1601 N. Elm Place,Broken Arrow,OK,74012,(918) 438-7640,Zach Walker,,https://www.fergusonbuickgmc.com/,fergusonbuickgmc.com,Title: General Sales Manager | Website: https://www.fergusonbuickgmc.com/ | Source: https://www.fergusonbuickgmc.com/about-us/staff/ (no email published for this contact) | Brand: Buick
"JOHN VANCE MOTORS, INC.",Vance Buick/GMC,Guthrie,OK,73044,(405) 293-4221,,,https://www.johnvancebuickgmcguthrie.com/,johnvancebuickgmcguthrie.com,Website: https://www.johnvancebuickgmcguthrie.com/ | Staff page: no_staff_page | Brand: Buick
"MARC MILLER BUICK GMC, INC.",4700 S. Memorial Dr,Tulsa,OK,74145,(918) 770-4362,Steve Lahmeyer,,https://www.marcmillerbuickgmc.com/,marcmillerbuickgmc.com,Title: New Car Sales Manager | Website: https://www.marcmillerbuickgmc.com/ | Source: https://www.marcmillerbuickgmc.com/staff (no email published for this contact) | Brand: Buick
MARK ALLEN BUICK GMC,15285 N 137th E Pl,Collinsville,OK,74021,(918) 446-9696,DEREK ELLIS,,https://www.markallen-buick-gmc.com/,markallen-buick-gmc.com,Title: General Manager | Website: https://www.markallen-buick-gmc.com/ | Source: https://www.markallen-buick-gmc.com/dealership/staff.htm (no email published for this contact) | Brand: Buick
SOUTHWEST BUICK OF LAWTON,5002 NW CACHE RD,LAWTON,OK,73505,,,,,,Brand: Buick
BUICK GMC OF BEAVERTON,9155 SW CANYON RD,PORTLAND,OR,97225,(503) 292-8801,Charles Brown,,https://beavertongmc.com/,beavertongmc.com,Title: General Manager | Website: https://beavertongmc.com/ | Source: https://www.beavertongmc.com/aboutus.aspx (no email published for this contact) | Brand: Buick
POWER BUICK GMC OF SALEM,3675 MARKET ST NE,SALEM,OR,97301,(877) 459-8550,,,https://www.buyatpower.com/,buyatpower.com,Website: https://www.buyatpower.com/ | Staff page: no_staff_page | Brand: Buick
ROYAL MOORE BUICK-GMC,1380 SE River Road,Hillsboro,OR,97123,(503) 648-1153,MICHAEL WEBER,,https://www.royalmooregmc.com/,royalmooregmc.com,Title: General Manager | Website: https://www.royalmooregmc.com/ | Source: https://www.royalmooregmc.com/staff (no email published for this contact) | Brand: Buick
"WESTON BUICK GMC, INC.",22555 SE Stark St,Gresham,OR,97030,(503) 665-2166,,,https://www.westonbuickgmc.com/,westonbuickgmc.com,Website: https://www.westonbuickgmc.com/ | Staff page: blocked | Brand: Buick
#1 COCHRAN OF MONROEVILLE,4520 William Penn Highway,Monroeville,PA,15146,(412) 245-3656,Jim Raub,,https://www.cochranofmonroeville.com/,cochranofmonroeville.com,Title: General Sales Manager | Website: https://www.cochranofmonroeville.com/ | Source: https://www.cochranofmonroeville.com/about-us/staff/ (no email published for this contact) | Brand: Buick
#1 COCHRAN OF ROBINSON TOWNSHIP,5200 Campbells Run RD,Pittsburgh,PA,15205,(412) 706-7969,Joe Schleicher,,https://www.cochranofrobinson.com/,cochranofrobinson.com,Title: Sales Manager | Website: https://www.cochranofrobinson.com/ | Source: https://www.cochranofrobinson.com/about-us/staff/ (no email published for this contact) | Brand: Buick
"A. CRIVELLI BUICK GMC, INC.",1403 Allegheny BLVD,Reno,PA,16343,(877) 811-7276,Tony Faraone,,https://www.acrivellibpg.com/,acrivellibpg.com,Title: General Sales Manager | Website: https://www.acrivellibpg.com/ | Source: https://www.acrivellibpg.com/dealership/staff.htm (no email published for this contact) | Brand: Buick
BAGLIER BUICK GMC,248 Pittsburgh Road,Butler,PA,16001,(724) 602-2315,Matt Keene,mattkeene@baglier.com,https://www.baglierbuickgmc.com/,baglierbuickgmc.com,Title: New Car Sales Manager | Website: https://www.baglierbuickgmc.com/ | Source: https://www.baglierbuickgmc.com/staff | Brand: Buick
BENNETT BUICK GMC OF LEBANON,1820 Cumberland Street,Lebanon,PA,17042,(717) 273-7611,Collin Wathen,,https://www.bennettbuickgmcoflebanon.com/,bennettbuickgmcoflebanon.com,Title: General Sales Manager | Website: https://www.bennettbuickgmcoflebanon.com/ | Source: https://www.bennettbuickgmcoflebanon.com/about-us/staff/ (no email published for this contact) | Brand: Buick
BERGEY'S BUICK GMC,446 Harleysville Pike,Souderton,PA,18964,(215) 721-3460,Bob Lewis,,https://www.bergeysbuickgmc.com/,bergeysbuickgmc.com,Title: General Manager | Website: https://www.bergeysbuickgmc.com/ | Source: https://www.bergeysbuickgmc.com/dealership/staff.htm (no email published for this contact) | Brand: Buick
BOWSER BUICK,1001 Clairton Blvd,Pleasant Hills,PA,15236,(412) 469-2100,Brad Boyle,bboyle@powerofbowser.com,https://www.bowserbuickgmc.com/,bowserbuickgmc.com,Title: Sales & Leasing Consultant | Website: https://www.bowserbuickgmc.com/ | Source: https://www.bowserbuickgmc.com/staff | Brand: Buick
BUDD BAER BUICK GMC,83 Murtland Ave,Washington,PA,15301,(724) 914-6646,Gregg Cron,,https://www.buddbaergm.com/,buddbaergm.com,Title: General Sales Manager | Website: https://www.buddbaergm.com/ | Source: https://www.buddbaergm.com/dealership/staff.htm (no email published for this contact) | Brand: Buick
C HARPER BUICK GMC INC.,2401 MEMORIAL BLVD,Connellsville,PA,15425,(724) 626-0500,Corey Queen,,https://www.charperbuickgmc.com/,charperbuickgmc.com,Title: General Manager | Website: https://www.charperbuickgmc.com/ | Source: https://www.charperbuickgmc.com/staff (no email published for this contact) | Brand: Buick
CARLISLE CADILLAC BUICK GMC,1402 Holly Pike,Carlisle,PA,17015,(717) 601-2978,,,https://www.buickgmccarlisle.com/,buickgmccarlisle.com,Website: https://www.buickgmccarlisle.com/ | Staff page: no_staff_page | Brand: Buick
"CRIVELLI CHEVROLET BUICK, INC.",1520 Route 31,Mt Pleasant,PA,15666,(724) 613-8049,,,https://www.crivellibuick.com/,crivellibuick.com,Website: https://www.crivellibuick.com/ | Staff page: no_staff_page | Brand: Buick
"EDW. J. SCHWARZ, INC.",145 Willow Ave,Honesdale,PA,18431,(570) 253-4222,,,https://www.eschwarz.com/,eschwarz.com,Website: https://www.eschwarz.com/ | Staff page: no_staff_page | Brand: Buick
FAULKNER BUICK GMC – Trevose,4427 E Street Rd,Trevose,PA,19053,(267) 984-4658,Brandon Hughes,,https://www.faulknerbuickgmctrevose.com/,faulknerbuickgmctrevose.com,Title: General Manager | Website: https://www.faulknerbuickgmctrevose.com/ | Source: https://www.faulknerbuickgmcharrisburg.com/staff (no email published for this contact) | Brand: Buick
FAULKNER BUICK GMC – Harrisburg,2650 Paxton St,Harrisburg,PA,17111,(717) 346-5651,Brandon Hughes,,https://www.faulknerbuickgmcharrisburg.com/,faulknerbuickgmcharrisburg.com,Title: General Manager | Website: https://www.faulknerbuickgmcharrisburg.com/ | Source: https://www.faulknerbuickgmcharrisburg.com/staff (no email published for this contact) | Brand: Buick
"FAULKNER BUICK GMC WEST CHESTER, INC.",705 Autopark Boulevard,West Chester,PA,19382,(610) 436-4634,JOHN SIMONELLI,,https://www.faulknerauto.com/,faulknerauto.com,Title: General Sales Manager | Website: https://www.faulknerauto.com/ | Source: https://www.faulknerauto.com/dealership/staff.htm (no email published for this contact) | Brand: Buick
FRED BEANS BUICK OF MECHANICSBURG,6251 CARLISLE PIKE,MECHANICSBURG,PA,17050,(717) 620-5036,,,https://www.fredbeansbuickgmcmechanicsburg.com/,fredbeansbuickgmcmechanicsburg.com,Website: https://www.fredbeansbuickgmcmechanicsburg.com/ | Staff page: blocked | Brand: Buick
GRANITE RUN BUICK GMC INC.,1056 E. Baltimore Pike,Media,PA,19063,(610) 566-1991,,,,,Brand: Buick
HILL BUICK GMC,3960 WEST CHESTER PIKE,NEWTOWN SQUARE,PA,19073,(610) 886-1200,MARK ROBINSON,,https://www.hillbuickgmc.com/,hillbuickgmc.com,Title: General Sales Manager | Website: https://www.hillbuickgmc.com/ | Source: https://www.hillbuickgmc.com/dealership/staff.htm (no email published for this contact) | Brand: Buick
"JACK GIAMBALVO MOTOR CO., INC.",1390 Eden Road,York,PA,17402,(717) 850-3736,Joel Crews,,https://www.jackgiambalvo.com/,jackgiambalvo.com,Title: General Manager | Website: https://www.jackgiambalvo.com/ | Source: https://www.jackgiambalvo.com/about-us/staff/ (no email published for this contact) | Brand: Buick
JENNINGS CHEVROLET BUICK GMC,916 Norland Ave,Chambersburg,PA,17201,(717) 264-4161,Justin Diehl,,https://www.jenningschambersburgbuickgmc.net/,jenningschambersburgbuickgmc.net,Title: Sales Manager | Website: https://www.jenningschambersburgbuickgmc.net/ | Source: https://www.jenningschambersburgbuickgmc.net/staff (no email published for this contact) | Brand: Buick
"JO-DAN BUICK GMC, INC.",4230 BIRNEY AVENUE,MOOSIC,PA,18507,(570) 414-1000,,,https://www.jodanbuickgmc.com/,jodanbuickgmc.com,Website: https://www.jodanbuickgmc.com/ | Staff page: blocked | Brand: Buick
KELLY BUICK-GMC,"585 State Avenue, Emmaus, PA, USA",Emmaus,PA,18049,(610) 228-4357,,,https://www.kellycargmcbuick.com/,kellycargmcbuick.com,Website: https://www.kellycargmcbuick.com/ | Staff page: no_staff_page | Brand: Buick
MIRACLE BUICK GMC OF KUTZTOWN,14165 Kutztown rd,Fleetwood,PA,19522,(484) 254-4205,David Jones,,https://www.kutztownauto.com/,kutztownauto.com,Title: Sales Manager | Website: https://www.kutztownauto.com/ | Source: https://www.kutztownauto.com/about-us/staff/ (no email published for this contact) | Brand: Buick
"NORTH STAR BUICK GMC, INC.",22426 Perry Highway,Zelienople,PA,16063,(724) 716-4092,Allen Mottshaw,,https://www.northstarbuickgmc.com/,northstarbuickgmc.com,Title: General Manager | Website: https://www.northstarbuickgmc.com/ | Source: https://www.northstarbuickgmc.com/staff (no email published for this contact) | Brand: Buick
PATRIOT BUICK GMC – BOYERTOWN,933 E PHILADELPHIA AVE,BOYERTOWN,PA,19512,(610) 367-8800,,,https://www.kingofgmc.com/,kingofgmc.com,Website: https://www.kingofgmc.com/ | Brand: Buick
"PERUZZI BUICK GMC, INC.",156 Lincoln Highway,Fairless Hills,PA,19030,(866) 526-8445,Jason Young,jyoung@peruzzi.com,https://www.peruzzibuickgmc.com/,peruzzibuickgmc.com,Title: General Manager | Website: https://www.peruzzibuickgmc.com/ | Source: https://www.peruzzibuickgmc.com/staff | Brand: Buick
SHERWOOD CHEVROLET BUICK GMC,145 E. Tioga Street,Tunkhannock,PA,18657,(866) 758-4970,,,https://www.sherwoodgmcbuick.com/,sherwoodgmcbuick.com,Website: https://www.sherwoodgmcbuick.com/ | Staff page: blocked | Brand: Buick
SOLOMON CHEVROLET BUICK GMC,1777 McClellandtown RD,McClellandtown,PA,15458,(866) 603-0617,Jason Brant,,https://www.solomonbuickgmc.com/,solomonbuickgmc.com,Title: Sales Manager | Website: https://www.solomonbuickgmc.com/ | Source: https://www.solomonbuickgmc.com/staff (no email published for this contact) | Brand: Buick
THOMAS BUICK - GMC TRUCK,750 Eisenhower Blvd,Johnstown,PA,15904,(814) 266-5844,Scott Leitenberger,,https://www.buythomasbuick.com/,buythomasbuick.com,Title: General Manager | Website: https://www.buythomasbuick.com/ | Source: https://www.buythomasbuick.com/dealership/staff.htm (no email published for this contact) | Brand: Buick
TROY-ALAN BUICK,358 BUTLER ROAD,KITTANNING,PA,16201,(724) 954-3306,Christine Sepich,,https://www.troyalanbuick.com/,troyalanbuick.com,Title: Executive Manager | Website: https://www.troyalanbuick.com/ | Source: https://www.troyalanbuick.com/about-us/staff/ (no email published for this contact) | Brand: Buick
TROY-ALAN CHEVROLET BUICK GMC,217 Grove City Road,Slippery Rock,PA,16057,(724) 578-8248,was the,,https://www.troyalangmcbuick.com/,troyalangmcbuick.com,Title: General Manager | Website: https://www.troyalangmcbuick.com/ | Source: https://www.troyalangmcbuick.com/about-us/staff/ (no email published for this contact) | Brand: Buick
TURNER BUICK GMC,612 E MAIN ST,NEW HOLLAND,PA,17557,(877) 259-2145,Bart Kyler,,https://www.turnernewholland.com/,turnernewholland.com,Title: General Sales Manager | Website: https://www.turnernewholland.com/ | Source: https://www.turnernewholland.com/staff (no email published for this contact) | Brand: Buick
WRIGHT AUTOMOTIVE GROUP,11015 Perry Highway,wexford,PA,15090,(877) 228-9035,,,https://www.wrightgmcbuick.com/,wrightgmcbuick.com,Website: https://www.wrightgmcbuick.com/ | Staff page: blocked | Brand: Buick
"WRIGHT CHEVROLET OF AMBRIDGE, LLC","3800 Ohio River Blvd,",Baden,PA,15005,(724) 266-2400,,,https://www.wrightbuickgmcbaden.com/,wrightbuickgmcbaden.com,Website: https://www.wrightbuickgmcbaden.com/ | Staff page: blocked | Brand: Buick
"PAUL MASSE BUICK GMC SOUTH, INC.",2909 Tower Hill Road,South Kingstown,RI,02974,(401) 262-5571,Rick Mignanelli,,https://www.paulmassebuickgmcsouth.com/,paulmassebuickgmcsouth.com,Title: General Manager | Website: https://www.paulmassebuickgmcsouth.com/ | Source: https://www.paulmassebuickgmcsouth.com/staff (no email published for this contact) | Brand: Buick
TASCA BUICK GMC – WOONSOCKET,55 FORTIN DR,WOONSOCKET,RI,02895,(401) 762-2300,Tim Strom,,https://www.tascabuickgmc.com/,tascabuickgmc.com,Title: General Sales Manager | Website: https://www.tascabuickgmc.com/ | Source: https://www.tascabuickgmc.com/about-us/staff/ (no email published for this contact) | Brand: Buick
"BEACH BUICK GMC, INC.",922 Frontage Road E,Myrtle Beach,SC,29577,(843) 448-4426,Dallas Maxwell,,https://www.beachbgmc.com/,beachbgmc.com,Title: General Manager | Website: https://www.beachbgmc.com/ | Source: https://www.BeachBGMC.com/staff (no email published for this contact) | Brand: Buick
FRED ANDERSON CHEVROLET BUICK GMC,14000 E. Wade Hampton Blvd,Greer,SC,29651,(864) 743-0912,JEFF PLUNKETT,,https://fredandersonbuickgmc.com/,fredandersonbuickgmc.com,Title: General Sales Manager | Website: https://fredandersonbuickgmc.com/ | Source: https://www.fredandersonbuickgmc.com/staff (no email published for this contact) | Brand: Buick
GAFFNEY BUICK GMC,730 Chesnee Hwy,Gaffney,SC,29341,(864) 761-0108,Daniel Crabtree,,https://www.gaffneyauto.com/,gaffneyauto.com,Title: Executive Manager | Website: https://www.gaffneyauto.com/ | Source: https://www.gaffneyauto.com/staff (no email published for this contact) | Brand: Buick
HADWIN-WHITE BUICK GMC,2325 E. Highway 501,Conway,SC,29526,(843) 203-8052,,,https://www.hadwin-white.com/,hadwin-white.com,Website: https://www.hadwin-white.com/ | Staff page: blocked | Brand: Buick
HILTON HEAD BUICK GMC,1090 Fording Island Rd,Bluffton,SC,29910,(843) 938-1511,,,https://www.hiltonheadauto.com/,hiltonheadauto.com,Website: https://www.hiltonheadauto.com/ | Staff page: blocked | Brand: Buick
JIM HUDSON BUICK GMC,4035 Kaiser Hill Rd,Columbia,SC,29203,(803) 462-4475,MARC ROSARIO,,https://www.jimhudsongm.com/,jimhudsongm.com,Title: General Sales Manager | Website: https://www.jimhudsongm.com/ | Source: https://www.jimhudsongm.com/about-us/staff/ (no email published for this contact) | Brand: Buick
KING BUICK GMC,1700 WEST EVANS STREET,FLORENCE,SC,29501,(843) 662-3296,Tom Raschiatore,traschiatore@kingflorence.com,https://www.kingflorencegm.com/,kingflorencegm.com,Title: General Sales Manager | Website: https://www.kingflorencegm.com/ | Source: https://www.kingflorencegm.com/staff | Brand: Buick
LUGOFF CHEVROLET BUICK GMC,825 HWY 1 S,LUGOFF,SC,29078,(803) 438-1241,,,https://www.lugoffbuickgmc.com/,lugoffbuickgmc.com,Website: https://www.lugoffbuickgmc.com/ | Staff page: blocked | Brand: Buick
"MCELVEEN BUICK GMC, INC.",117 Farmington Road,Summerville,SC,29486,(843) 376-5908,TOMMY DANTZLER,,https://www.mcelveen.com/,mcelveen.com,Title: General Sales Manager | Website: https://www.mcelveen.com/ | Source: https://www.mcelveen.com/dealership/staff.htm (no email published for this contact) | Brand: Buick
"PARKS BUICK GMC, LLC",2640 Laurens Rd,Greenville,SC,29607,(864) 756-4597,,,https://www.parksbuickgmc.com/,parksbuickgmc.com,Website: https://www.parksbuickgmc.com/ | Staff page: no_staff_page | Brand: Buick
BILLION BUICK GMC,600 W 41ST STREET,Sioux Falls,SD,57105,(844) 234-9525,Jason Donovan,,https://www.gmcsiouxfalls.com/,gmcsiouxfalls.com,Title: General Sales Manager | Website: https://www.gmcsiouxfalls.com/ | Source: https://www.gmcsiouxfalls.com/staff (no email published for this contact) | Brand: Buick
BROOKINGS AUTO MALL,2323 E 6th Street,Brookings,SD,57006,(605) 696-7834,,,https://www.brookingsbuickgmc.com/,brookingsbuickgmc.com,Website: https://www.brookingsbuickgmc.com/ | Staff page: blocked | Brand: Buick
GRANITE BUICK,2454 E Mall Drive,Rapid City,SD,57702,(605) 503-7362,Shane Cox,,https://www.granitebuickgmc.com/,granitebuickgmc.com,Title: Sales Manager | Website: https://www.granitebuickgmc.com/ | Source: https://www.granitebuickgmc.com/about-us/staff/ (no email published for this contact) | Brand: Buick
NORTHTOWN AUTOMOTIVE,3818 Broadway Ave,YANKTON,SD,57078,(605) 665-4500,,,https://www.northtowncars.com/,northtowncars.com,Website: https://www.northtowncars.com/ | Staff page: no_staff_page | Brand: Buick
OLYMPIC CHEVROLET BUICK GMC,500 4th Street Northeast,Huron,SD,57350,(605) 352-6411,,,https://www.olympicgmc.com/,olympicgmc.com,Website: https://www.olympicgmc.com/ | Staff page: blocked | Brand: Buick
PROSTROLLO MOTOR COMPANY,1001 South Washington Ave,Madison,SD,57042,(605) 256-9111,,,https://www.prostrollogm.com/,prostrollogm.com,Website: https://www.prostrollogm.com/ | Staff page: blocked | Brand: Buick
"WEGNER AUTO COMPANY, INC.",330 E SIOUX AVE,PIERRE,SD,57501,(605) 224-9900,Andy Binegar,,https://www.wegnerautobuickgmc.com/,wegnerautobuickgmc.com,Title: General Sales Manager | Website: https://www.wegnerautobuickgmc.com/ | Source: https://www.wegnerautobuickgmc.com/staff (no email published for this contact) | Brand: Buick
CHAPARRAL BUICK GMC INC.,3514 Bristol Hwy,Johnson City,TN,37601,(423) 218-0325,,,https://www.carsnobull.com/,carsnobull.com,Website: https://www.carsnobull.com/ | Staff page: blocked | Brand: Buick
CHEVROLET BUICK GMC OF MURFREESBORO,960 John R Rice Blvd,Murfreesboro,TN,37129,(629) 207-4400,,,https://www.buickgmcmurfreesboro.com/,buickgmcmurfreesboro.com,Website: https://www.buickgmcmurfreesboro.com/ | Staff page: blocked | Brand: Buick
DARRELL WALTRIP BUICK GMC,1440 Murfreesboro Rd,Franklin,TN,37067,(615) 861-2892,,,https://www.dwbuickgmc.com/,dwbuickgmc.com,Website: https://www.dwbuickgmc.com/ | Staff page: blocked | Brand: Buick
INTEGRITY BUICK GMC CADILLAC,6025 International Drive,Chattanooga,TN,37343,(423) 855-0550,Bailey Morgan,,https://www.integrityofchattanooga.com/,integrityofchattanooga.com,Title: General Manager | Website: https://www.integrityofchattanooga.com/ | Source: https://www.integrityofchattanooga.com/staff (no email published for this contact) | Brand: Buick
JIM KERAS BUICK GMC,1800 COVINGTON PIKE,MEMPHIS,TN,38128,(901) 746-3322,Sanchez Perez,lsanchezperez@jimkerasbuickgmc.com,https://www.jimkerasbuickgmc.com/,jimkerasbuickgmc.com,Title: Sales Manager | Website: https://www.jimkerasbuickgmc.com/ | Source: https://www.jimkerasbuickgmc.com/staff | Brand: Buick
"LONG CHEVROLET, BUICK, GMC",1900 Congress PKwy,Athens,TN,37303,(423) 745-1962,,,https://www.longofathensbuickgmc.net/,longofathensbuickgmc.net,Website: https://www.longofathensbuickgmc.net/ | Staff page: blocked | Brand: Buick
NICK MAYER CHEVROLET BUICK GMC OF DICKSON,2211 Highway 46 South,Dickson,TN,37055,(615) 446-5141,Ryan Russell,,https://www.nickmayerbuickgmcofdickson.com/,nickmayerbuickgmcofdickson.com,Title: General Sales Manager | Website: https://www.nickmayerbuickgmcofdickson.com/ | Source: https://www.nickmayerbuickgmcofdickson.com/staff (no email published for this contact) | Brand: Buick
"PARKS MOTOR SALES, INC.",919 Nashville Hwy,Columbia,TN,38401,(931) 548-1361,,,https://www.parksmotorsales.com/,parksmotorsales.com,Website: https://www.parksmotorsales.com/ | Staff page: blocked | Brand: Buick
"RICE BUICK-GMC, INC.",8330 Kingston Pike,Knoxville,TN,37919,(865) 693-0610,Steve Kyle,,https://www.ricegmc.com/,ricegmc.com,Title: General Sales Manager | Website: https://www.ricegmc.com/ | Source: https://www.ricegmc.com/about-us/staff/ (no email published for this contact) | Brand: Buick
SERRA CHEVROLET BUICK GMC,2340 Gallatin Pike North,Madison,TN,37115,(615) 239-0802,,,https://www.serrabuickgmcmadison.com/,serrabuickgmcmadison.com,Website: https://www.serrabuickgmcmadison.com/ | Staff page: blocked | Brand: Buick
SERRA CHEVROLET CADILLAC BUICK GMC,189 Stonebridge Blvd.,Jackson,TN,38305,(731) 660-8880,Brad Ballentine,,https://www.serrabuickgmcjackson.com/,serrabuickgmcjackson.com,Title: General Manager | Website: https://www.serrabuickgmcjackson.com/ | Source: https://www.serrabuickgmcjackson.com/about-us/staff/ (no email published for this contact) | Brand: Buick
"STAN MCNABB CHEVROLET BUICK GMC, INC.",2000 N Jackson St,Tullahoma,TN,37388,(931) 455-3451,Paul Jernigan,,https://www.stanmcnabbgmc.com/,stanmcnabbgmc.com,Title: General Sales Manager | Website: https://www.stanmcnabbgmc.com/ | Source: https://www.stanmcnabbgmc.com/about-us/staff/ (no email published for this contact) | Brand: Buick
STINNETT CHEVROLET BUICK INC.,1041 W HWY 25-70,NEWPORT,TN,37821,(423) 465-4020,,,https://www.stinnettbuick.com/,stinnettbuick.com,Website: https://www.stinnettbuick.com/ | Staff page: blocked | Brand: Buick
SUNRISE BUICK GMC AT WOLFCHASE,8500 US HIGHWAY 64,BARTLETT,TN,38133,(901) 333-8000,Ryan McElroy,,https://www.sunriseatwolfchase.com/,sunriseatwolfchase.com,Title: General Manager | Website: https://www.sunriseatwolfchase.com/ | Source: https://www.sunriseatwolfchase.com/staff (no email published for this contact) | Brand: Buick
SUNRISE CHEVROLET BUICK GMC AT COLLIERVILLE,4605 HOUSTON LEVEE ROAD,COLLIERVILLE,TN,38017,(901) 399-8600,Jeff Jackson,,https://www.sunrisebuickgmccollierville.com/,sunrisebuickgmccollierville.com,Title: General Manager | Website: https://www.sunrisebuickgmccollierville.com/ | Source: https://www.sunrisebuickgmccollierville.com/staff (no email published for this contact) | Brand: Buick
TWIN CITY BUICK GMC,3046 Airport Highway,Alcoa,TN,37701,(865) 684-4404,Rick Pittenger,rickp@twincitydealerships.com,https://www.twincitybuick.com/,twincitybuick.com,Title: General Manager | Website: https://www.twincitybuick.com/ | Source: https://www.twincitybuick.com/staff | Brand: Buick
WILSON COUNTY CHEVROLET BUICK GMC,903 South Hartmann Dr,Lebanon,TN,37090,(877) 220-3161,,,https://www.wilsoncountybuickgmc.com/,wilsoncountybuickgmc.com,Website: https://www.wilsoncountybuickgmc.com/ | Staff page: blocked | Brand: Buick
ANCIRA BUICK GMC,30500 IH 10 West,Boerne,TX,78006,(877) 871-8209,JOHN TERRY,,https://www.ancirabuickgmc.com/,ancirabuickgmc.com,Title: General Sales Manager | Website: https://www.ancirabuickgmc.com/ | Source: https://www.ancirabuickgmc.com/about-us/staff/ (no email published for this contact) | Brand: Buick
AUTONATION BUICK GMC CORPUS CHRISTI,6602 South Padre Island Drive,Corpus Christi,TX,78412,(361) 247-2494,,,https://www.autonationbuickcorpuschristi.com/,autonationbuickcorpuschristi.com,Website: https://www.autonationbuickcorpuschristi.com/ | Staff page: no_staff_page | Brand: Buick
"BAYER MOTOR CO., INC.",1101 W. Central Ave,Comanche,TX,76442,(325) 330-8152,Jason Poston,,https://www.bayerbuickgmc.com/,bayerbuickgmc.com,Title: Sales Consultant | Website: https://www.bayerbuickgmc.com/ | Source: https://www.bayerbuickgmc.com/about-us/staff/ (no email published for this contact) | Brand: Buick
BECK & BECK BUICK GMC,603 E Kingsbury St,Seguin,TX,78155,(830) 303-4546,David Dunn,,https://www.beckbuickgmc.com/,beckbuickgmc.com,Title: General Manager | Website: https://www.beckbuickgmc.com/ | Source: https://www.beckbuickgmc.com/about-us/staff/ (no email published for this contact) | Brand: Buick
BERT OGDEN BUICK GMC,4216 S HWY 281,Edinburg,TX,78542,(956) 253-2312,Billy Kelley,,https://www.bertogdenbuickgmc.com/,bertogdenbuickgmc.com,Title: General Manager | Website: https://www.bertogdenbuickgmc.com/ | Source: https://www.bertogdenbuickgmc.com/about-us/staff/ (no email published for this contact) | Brand: Buick
BIG STAR BUICK GMC,4411 East Freeway,Baytown,TX,77521,(800) 481-4397,,,https://www.bigstarbuickgmc.com/,bigstarbuickgmc.com,Website: https://www.bigstarbuickgmc.com/ | Staff page: no_staff_page | Brand: Buick
"BROWN AUTOMOTIVE CENTER, INC.",2520 VETERANS BLVD,DEL RIO,TX,78840,(800) 417-3043,Pete Ortiz,,https://www.brownautocenterbuickgmc.com/,brownautocenterbuickgmc.com,Title: General Sales Manager | Website: https://www.brownautocenterbuickgmc.com/ | Source: https://www.brownautocenterbuickgmc.com/staff (no email published for this contact) | Brand: Buick
BROWN BUICK GMC,4300 S Georgia St,Amarillo,TX,79110,(806) 553-5669,Nick Alfiere,,https://www.brownbuickgmc.com/,brownbuickgmc.com,Title: General Manager | Website: https://www.brownbuickgmc.com/ | Source: https://www.brownbuickgmc.com/about-us/staff/ (no email published for this contact) | Brand: Buick
BROWN CHEVY BUICK GMC OF EAGLE PASS,3860 US Hwy 57,Eagle Pass,TX,78852,(877) 593-7986,Sal Battaglia,,https://www.brownbuickgmceaglepass.com/,brownbuickgmceaglepass.com,Title: General Sales Manager | Website: https://www.brownbuickgmceaglepass.com/ | Source: https://www.brownbuickgmceaglepass.com/staff (no email published for this contact) | Brand: Buick
CASA BUICK GMC,6800 Montana Ave.,El Paso,TX,79925,(915) 778-7781,Mario Marmolejo,,https://www.casabuickgmcelpaso.com/,casabuickgmcelpaso.com,Title: General Sales Manager | Website: https://www.casabuickgmcelpaso.com/ | Source: https://www.casabuickgmcelpaso.com/staff (no email published for this contact) | Brand: Buick
CAVENDER AUTO COUNTRY CHEVROLET BUICK GMC,1700 IH-10 East,Weimar,TX,78962,(979) 725-8515,Craig Burton,,https://www.cavenderautocountrybuickgmc.com/,cavenderautocountrybuickgmc.com,Title: General Sales Manager | Website: https://www.cavenderautocountrybuickgmc.com/ | Source: https://www.cavenderautocountrybuickgmc.com/dealership/staff.htm (no email published for this contact) | Brand: Buick
CAVENDER BUICK GMC,17811 San Pedro Avenue,San Antonio,TX,78232,(866) 220-7982,SANTIAGO SANCHEZ,,https://www.cavenderbuickgmc281.com/,cavenderbuickgmc281.com,Title: General Sales Manager | Website: https://www.cavenderbuickgmc281.com/ | Source: https://www.cavenderbuickgmc281.com/about-us/staff/ (no email published for this contact) | Brand: Buick
CAVENDER BUICK GMC WEST,7400 W LOOP 1604N,SAN ANTONIO,TX,78254,(866) 457-7085,COREY MCDONALD,,https://www.cavenderbuickgmcwest.com/,cavenderbuickgmcwest.com,Title: General Sales Manager | Website: https://www.cavenderbuickgmcwest.com/ | Source: https://www.cavenderbuickgmcwest.com/about-us/staff/ (no email published for this contact) | Brand: Buick
CECIL ATKISSION MOTORS,550 Benson Dr,Kerrville,TX,78028,(830) 353-8329,,,https://cecilbuickkerrville.com/,cecilbuickkerrville.com,Website: https://cecilbuickkerrville.com/ | Staff page: no_staff_page | Brand: Buick
CHEVROLET BUICK MARBLE FALLS,2301 HWY 281 NORTH,Marble Falls,TX,78654,(830) 637-7981,Damon Farmer,,https://www.buickmarblefalls.com/,buickmarblefalls.com,Title: Sales Manager | Website: https://www.buickmarblefalls.com/ | Source: https://www.buickmarblefalls.com/dealership/staff.htm (no email published for this contact) | Brand: Buick
CHUCK NASH CHEVROLET BUICK GMC,3209 N IH 35,San Marcos,TX,78666,(512) 387-3507,Regis Musabika,,https://www.chucknashbuickgmc.com/,chucknashbuickgmc.com,Title: General Sales Manager | Website: https://www.chucknashbuickgmc.com/ | Source: https://www.chucknashbuickgmc.com/about-us/staff/ (no email published for this contact) | Brand: Buick
CLASSIC BUICK GMC KATY FREEWAY,16835 Katy FWY,Houston,TX,77094,(281) 579-4300,Brandon Sine,,https://www.classicbuickgmckaty.com/,classicbuickgmckaty.com,Title: New Car Sales Manager | Website: https://www.classicbuickgmckaty.com/ | Source: https://www.classicbuickgmckaty.com/about-us/staff/ (no email published for this contact) | Brand: Buick
"CLASSIC BUICK, GMC – Arlington",1400 east I-20,Arlington,TX,76018,(682) 282-4073,,,https://www.classicarlington.com/,classicarlington.com,Website: https://www.classicarlington.com/ | Staff page: no_staff_page | Brand: Buick
"CLASSIC BUICK, GMC – BEAUMONT",3865 EASTEX FREEWAY,BEAUMONT,TX,77706,(409) 892-5050,,,https://www.classicbpgmc.com/,classicbpgmc.com,Website: https://www.classicbpgmc.com/ | Staff page: no_staff_page | Brand: Buick
"CLASSIC BUICK, GMC, CADILLAC",4333 Mall Dr,TEXARKANA,TX,75503,(430) 200-0207,,,https://www.classicgmautopark.com/,classicgmautopark.com,Website: https://www.classicgmautopark.com/ | Staff page: blocked | Brand: Buick
CLASSIC CHEVROLET BUICK GMC CADILLAC,8020 BROADWAY,GALVESTON,TX,77554,(409) 744-5711,Michael Graves,MGraves@ClassicGalveston.com,https://www.classicbuickgmcgalveston.com/,classicbuickgmcgalveston.com,Title: General Sales Manager | Website: https://www.classicbuickgmcgalveston.com/ | Source: https://www.classicbuickgmcgalveston.com/staff | Brand: Buick
CLASSIC CHEVROLET BUICK GMC OF CLEBURNE,822 WALTER HOLLIDAY,CLEBURNE,TX,76033,(817) 381-2560,Brian Carpenter,,https://www.classicofcleburne.com/,classicofcleburne.com,Title: Sales Manager | Website: https://www.classicofcleburne.com/ | Source: https://www.classicofcleburne.com/dealership/staff.htm (no email published for this contact) | Brand: Buick
COVERT BUICK GMC,11750 Research Blvd,Austin,TX,78759,(512) 298-0426,Mario Juarez,,https://www.covertbuickgmc.com/,covertbuickgmc.com,Title: General Manager | Website: https://www.covertbuickgmc.com/ | Source: https://www.covertbuickgmc.com/about-us/staff/ (no email published for this contact) | Brand: Buick
"COVERT BUICK GMC WEST, INC.",16501 SWEETWATER VILLAGE DR BLDG 1,Austin,TX,78738,(512) 954-9290,,,https://www.covertbuickgmcbeecave.com/,covertbuickgmcbeecave.com,Website: https://www.covertbuickgmcbeecave.com/ | Staff page: blocked | Brand: Buick
"DEMONTROND AUTOMOTIVE GROUP, INC.",17925 North Freeway,Houston,TX,77090,(281) 377-6347,,,https://www.demontrondbuickgmc.com/,demontrondbuickgmc.com,Website: https://www.demontrondbuickgmc.com/ | Staff page: no_staff_page | Brand: Buick
DON DAVIS BUICK GMC,216 TX-332,LAKE JACKSON,TX,77566,(866) 595-8039,JOHNNY NERIO,,https://www.dondavisbuickgmc.com/,dondavisbuickgmc.com,Title: General Sales Manager | Website: https://www.dondavisbuickgmc.com/ | Source: https://www.dondavisbuickgmc.com/staff (no email published for this contact) | Brand: Buick
"DON HEWLETT CHEVROLET BUICK, INC.",7601 IH - 35 S Frontage Road,Georgetown,TX,78626,(512) 681-3000,Pedro Gallardo,,https://www.donhewlettbuick.com/,donhewlettbuick.com,Title: General Sales Manager | Website: https://www.donhewlettbuick.com/ | Source: https://www.donhewlettbuick.com/staff (no email published for this contact) | Brand: Buick
DOW AUTOPLEX,1313 S PACIFIC,MINEOLA,TX,75773,(430) 261-2282,,,http://www.dowbuickgmc.com/,dowbuickgmc.com,Website: http://www.dowbuickgmc.com/ | Staff page: blocked | Brand: Buick
EWING BUICK GMC,6425 Dallas Parkway,Plano,TX,75024,(972) 964-3540,MATT PILKINGTON,,https://www.ewingbuickgmc.com/,ewingbuickgmc.com,Title: General Sales Manager | Website: https://www.ewingbuickgmc.com/ | Source: https://www.ewingbuickgmc.com/about-us/staff/ (no email published for this contact) | Brand: Buick
FINNEGAN BUICK GMC,26525 Southwest Fwy,Rosenberg,TX,77471,(281) 725-6068,,,https://www.finneganbuickgmc.org/,finneganbuickgmc.org,Website: https://www.finneganbuickgmc.org/ | Staff page: no_staff_page | Brand: Buick
FREEDOM BUICK GMC BY ED MORSE,4205 I-30 FRONTAGE ROAD,GREENVILLE,TX,75402,(903) 274-4927,,,https://freedombuickgmcgreenville.com/,freedombuickgmcgreenville.com,Website: https://freedombuickgmcgreenville.com/ | Staff page: no_staff_page | Brand: Buick
FREEDOM CHEVROLET BUICK GMC BY ED MORSE,8008 MARVIN D LOVE FWY,DALLAS,TX,75237,(888) 586-0141,Kyle Bettilyon,,https://www.freedomgmcbuick.com/,freedomgmcbuick.com,Title: General Manager | Website: https://www.freedomgmcbuick.com/ | Source: https://www.freedomgmcbuick.com/staff (no email published for this contact) | Brand: Buick
FREEMAN BUICK-GMC,501 WEST STATE HWY 114,GRAPEVINE,TX,76051,(817) 410-5000,,,https://www.freemangrapevine.com/,freemangrapevine.com,Website: https://www.freemangrapevine.com/ | Staff page: no_staff_page | Brand: Buick
GABRIEL/JORDAN BUICK GMC,1500 US Highway 259 N,Kilgore,TX,75662,(903) 984-3082,,,https://www.gabrieljordanbpg.com/,gabrieljordanbpg.com,Website: https://www.gabrieljordanbpg.com/ | Staff page: blocked | Brand: Buick
GARLYN SHELTON BUICK GMC,5625 S. General Bruce Dr,Temple,TX,76502,(254) 771-0128,Robert Fortner,,https://www.garlynsheltonbuickgmc.com/,garlynsheltonbuickgmc.com,Title: General Sales Manager | Website: https://www.garlynsheltonbuickgmc.com/ | Source: https://www.garlynsheltonbuickgmc.com/staff (no email published for this contact) | Brand: Buick
"GAY BUICK GMC, INC.",3033 Gulf Freeway,Dickinson,TX,77539,(832) 769-4157,Randy Buisson,rbuisson@gayfamilyauto.com,https://www.gaybuickgmc.com/,gaybuickgmc.com,Title: General Manager | Website: https://www.gaybuickgmc.com/ | Source: https://www.gaybuickgmc.com/staff | Brand: Buick
GLENN POLK CHEVROLET BUICK GMC OF GAINESVILLE,1608 W HWY 82,GAINESVILLE,TX,76240,(940) 535-7900,BRANDON CARR,bcarr@gpolk.com,https://www.glennpolkbuickgmcofgainesville.com/,glennpolkbuickgmcofgainesville.com,Title: General Sales Manager | Website: https://www.glennpolkbuickgmcofgainesville.com/ | Source: https://www.glennpolkbuickgmcofgainesville.com/staff | Brand: Buick
GROUP 1 BUICK GMC NORTH,11300 FM 1960 West,Houston,TX,77065,(281) 897-6690,Joseph Pierce,josephpierce@Group1Auto.com,https://www.beckmastennorth.com/,beckmastennorth.com,Title: General Manager | Website: https://www.beckmastennorth.com/ | Source: https://www.group1buickgmcnorth.com/about-us/staff/ | Brand: Buick
GROUP 1 BUICK GMC SOUTH,12820 GULF FREEWAY,HOUSTON,TX,77034,(713) 947-4111,Benjamin Richert,nrichert@group1auto.com,https://www.beckmastensouth.com/,beckmastensouth.com,Title: General Manager | Website: https://www.beckmastensouth.com/ | Source: https://www.group1buickgmcsouth.com/about-us/staff/ | Brand: Buick
GULF COAST CHEVROLET BUICK GMC,1901 W. FM 523,Angleton,TX,77515,(979) 849-2454,Mark Holian,,https://www.gulfcoastgmcbuick.com/,gulfcoastgmcbuick.com,Title: General Manager | Website: https://www.gulfcoastgmcbuick.com/ | Source: https://www.gulfcoastgmcbuick.com/dealership/staff.htm (no email published for this contact) | Brand: Buick
GUNN BUICK GMC,16440 Interstate 35 N,Selma,TX,78154,(866) 468-6484,,,https://www.gunnbuickgmc.com/,gunnbuickgmc.com,Website: https://www.gunnbuickgmc.com/ | Staff page: blocked | Brand: Buick
HALL BUICK GMC,3010 SSW Loop 323,Tyler,TX,75701,(903) 705-1321,Rey Sanchez,,https://www.hallhasitall.com/,hallhasitall.com,Title: General Sales Manager | Website: https://www.hallhasitall.com/ | Source: https://www.hallhasitall.com/staff (no email published for this contact) | Brand: Buick
HERITAGE BUICK GMC,930 EAST INTERSTATE 30,Rockwall,TX,75087,(972) 771-7272,Robert Bobo,,https://www.heritagegmcbuick.com/,heritagegmcbuick.com,Title: General Manager | Website: https://www.heritagegmcbuick.com/ | Source: https://www.heritagegmcbuick.com/staff (no email published for this contact) | Brand: Buick
HILEY BUICK GMC OF FORT WORTH,3535 W LOOP 820 S,FORT WORTH,TX,76116,(682) 224-7574,Brian Crawford,,https://www.hileygm.com/,hileygm.com,Title: General Manager | Website: https://www.hileygm.com/ | Source: https://www.hileygm.com/about-us/staff/ (no email published for this contact) | Brand: Buick
JAMES WOOD CHEVROLET BUICK GMC,2111 S Highway 287,Decatur,TX,76234,(940) 539-0715,Brandt Wicker,,https://www.jameswoodbuickgmc.com/,jameswoodbuickgmc.com,Title: General Sales Manager | Website: https://www.jameswoodbuickgmc.com/ | Source: https://www.jameswoodbuickgmc.com/staff (no email published for this contact) | Brand: Buick
JERRY DURANT BUICK GMC,"1911 E. HWY 377, Granbury, Texas 76049",Granbury,TX,76049,(682) 455-0042,Tyler Durant,,https://www.jerrydurantbuickgmc.com/,jerrydurantbuickgmc.com,Title: General Manager | Website: https://www.jerrydurantbuickgmc.com/ | Source: https://www.jerrydurantbuickgmc.com/staff (no email published for this contact) | Brand: Buick
"JERRY'S BUICK, GMC",3100 Fort Worth Highway,Weatherford,TX,76087,(682) 332-4593,Brian Durant,,https://www.jerrysbuickgmc.com/,jerrysbuickgmc.com,Title: Executive Manager | Website: https://www.jerrysbuickgmc.com/ | Source: https://www.jerrysbuickgmc.com/staff (no email published for this contact) | Brand: Buick
LAROCHE CHEVROLET BUICK GMC,900 Hwy 290 W,Brenham,TX,77833,(979) 353-4135,,,https://www.larochebuickgmc.com/,larochebuickgmc.com,Website: https://www.larochebuickgmc.com/ | Staff page: blocked | Brand: Buick
LAWRENCE HALL CHEVROLET BUICK GMC,2120 SOUTH COMMERCIAL AVE,ANSON,TX,79501,(866) 699-7430,John Speer,,https://www.lawrencehallansonbuickgmc.com/,lawrencehallansonbuickgmc.com,Title: General Manager | Website: https://www.lawrencehallansonbuickgmc.com/ | Source: https://www.lawrencehallansonbuickgmc.com/staff (no email published for this contact) | Brand: Buick
LAWRENCE HALL CHEVROLET BUICK GMC CADILLAC,1385 South Danville Drive,Abilene,TX,79605,(325) 319-0247,,,https://www.lawrencehallabilenebuickgmc.com/,lawrencehallabilenebuickgmc.com,Website: https://www.lawrencehallabilenebuickgmc.com/ | Brand: Buick
LUKE FRUIA MOTORS,2645 Barnard Road,Brownsville,TX,78520,(956) 709-1186,JOHN T. EDGE,,https://www.fruia.com/,fruia.com,Title: General Manager | Website: https://www.fruia.com/ | Source: https://www.fruia.com/dealership/staff.htm (no email published for this contact) | Brand: Buick
MCKINNEY BUICK-GMC,3950 S. Central Expwy,McKinney,TX,75069,(214) 717-4013,Travis Trenkle,,https://www.mckinneybuickgmc.com/,mckinneybuickgmc.com,Title: General Sales Manager | Website: https://www.mckinneybuickgmc.com/ | Source: https://www.mckinneybuickgmc.com/dealership/staff.htm (no email published for this contact) | Brand: Buick
MITCHELL BUICK-GMC,4105 Sherwood Way,San Angelo,TX,76901,(325) 939-0026,Russell Moore,rmoore@mitchellbpg.com,https://www.mitchellbuickgmc.com/,mitchellbuickgmc.com,Title: General Sales Manager | Website: https://www.mitchellbuickgmc.com/ | Source: https://www.mitchellbuickgmc.com/staff | Brand: Buick
PATRIOT BUICK GMC – KILLEEN,4600 E CENTRAL TEXAS EXPY,KILLEEN,TX,76543,,,,,,Brand: Buick
PAYNE WESLACO BUICK-GMC,2229 E EXPY 83,WESLACO,TX,78596,(956) 246-4079,,,https://www.payneweslacobuickgmc.com/,payneweslacobuickgmc.com,Website: https://www.payneweslacobuickgmc.com/ | Staff page: blocked | Brand: Buick
PETERS CHEVROLET BUICK,4181 HWY 259 NORTH,LONGVIEW,TX,75605,(877) 615-3187,,,https://www.petersbuick.net/,petersbuick.net,Website: https://www.petersbuick.net/ | Staff page: blocked | Brand: Buick
PIPPEN MOTOR COMPANY,1300 West Panola Street,Carthage,TX,75633,(888) 572-4341,Will Blackwell,,https://www.pippenmotorcompany.com/,pippenmotorcompany.com,Title: General Manager | Website: https://www.pippenmotorcompany.com/ | Source: https://www.pippenmotorcompany.com/staff (no email published for this contact) | Brand: Buick
POLLARD CHEVROLET BUICK,1501 E 4th street,Big Spring,TX,79720,(432) 267-7421,Randy Glasscock,,https://www.pollardbuick.com/,pollardbuick.com,Title: Sales Manager | Website: https://www.pollardbuick.com/ | Source: https://www.pollardbuick.com/staff (no email published for this contact) | Brand: Buick
"POWELL WATSON MOTORS, INC.",6301 Arena Blvd,Laredo,TX,78041,(956) 718-4300,,,https://www.powellwatson.com/,powellwatson.com,Website: https://www.powellwatson.com/ | Staff page: no_staff_page | Brand: Buick
RICHARD KARR MOTORS,900 West Loop 340,Waco,TX,76712,(254) 633-2844,,,https://richardkarrmotors.com/,richardkarrmotors.com,Website: https://richardkarrmotors.com/ | Staff page: no_staff_page | Brand: Buick
"SCOGGIN-DICKEY CHEVROLET-BUICK, INC.",5901 Spur 327,Lubbock,TX,79424,(806) 798-4000,,,https://www.scoggindickeybuick.com/,scoggindickeybuick.com,Website: https://www.scoggindickeybuick.com/ | Staff page: blocked | Brand: Buick
SEWELL BUICK GMC,7474 LEMMON AVE,DALLAS,TX,75209,(214) 350-8000,,,https://www.sewellbuickgmc-dallas.com/,sewellbuickgmc-dallas.com,Website: https://www.sewellbuickgmc-dallas.com/ | Staff page: blocked | Brand: Buick
SEWELL BUICK GMC OF MIDLAND,1601 Avalon Dr.,Midland,TX,79706,(432) 253-6660,,,https://www.sewellbuickgmc-midland.com/,sewellbuickgmc-midland.com,Website: https://www.sewellbuickgmc-midland.com/ | Staff page: blocked | Brand: Buick
SOUTH SAN ANTONIO BUICK GMC,8155 Interstate 35 Access Rd,San Antonio,TX,78224,(210) 898-8002,Marcelo Garza,,https://www.southsanantoniobuickgmc.com/,southsanantoniobuickgmc.com,Title: General Sales Manager | Website: https://www.southsanantoniobuickgmc.com/ | Source: https://www.southsanantoniobuickgmc.com/dealership/staff.htm (no email published for this contact) | Brand: Buick
SOUTH TEXAS BUICK-GMC,4220 W Exp 83,McAllen,TX,78501,(956) 661-5000,GONZALEZ PRE-OWNED,,https://www.southtexasgmc.net/,southtexasgmc.net,Title: Sales Manager | Website: https://www.southtexasgmc.net/ | Source: https://www.southtexasgmc.net/dealership/staff.htm (no email published for this contact) | Brand: Buick
STERLING AUTO GROUP,205 North Earl Rudder Freeway,Bryan,TX,77802,(979) 846-5555,ADAM DUNKER,,https://www.bryangmdealer.com/,bryangmdealer.com,Title: New Car Sales Manager | Website: https://www.bryangmdealer.com/ | Source: https://www.bryangmdealer.com/dealership/staff.htm (no email published for this contact) | Brand: Buick
TEXAN GMC BUICK,18225 Eastex Freeway,Humble,TX,77338,(866) 220-3450,,,https://www.texangm.com/,texangm.com,Website: https://www.texangm.com/ | Staff page: no_staff_page | Brand: Buick
TOLIVER BUICK GMC,2739 West Ferguson Road,Mount Pleasant,TX,75455,(903) 572-6696,Jason Hein,,https://www.tolivergmc.com/,tolivergmc.com,Title: General Manager | Website: https://www.tolivergmc.com/ | Source: https://www.tolivergmc.com/about-us/staff/ (no email published for this contact) | Brand: Buick
TOM CLARK BUICK GMC,3906 I-35E South,Denton,TX,76210,(940) 220-6670,Joey Yost,,https://www.tomclarkbuickgmc.com/,tomclarkbuickgmc.com,Title: General Sales Manager | Website: https://www.tomclarkbuickgmc.com/ | Source: https://www.tomclarkbuickgmc.com/staff (no email published for this contact) | Brand: Buick
WIESNER BUICK GMC,1645 I-45 North,Conroe,TX,77304,(936) 523-6800,Mike Earls,,https://www.wiesnerbuickgmc.com/,wiesnerbuickgmc.com,Title: General Manager | Website: https://www.wiesnerbuickgmc.com/ | Source: https://www.wiesnerbuickgmc.com/dealership/staff.htm (no email published for this contact) | Brand: Buick
"WIESNER, INC. - HUNTSVILLE",230 I-45 NORTH,Huntsville,TX,77320,(936) 291-7500,Clint McLaren,,https://www.wiesnerhuntsvillebuickgmc.com/,wiesnerhuntsvillebuickgmc.com,Title: General Manager | Website: https://www.wiesnerhuntsvillebuickgmc.com/ | Source: https://www.wiesnerhuntsvillebuickgmc.com/staff (no email published for this contact) | Brand: Buick
KEN GARFF BUICK GMC RIVERDALE,900 W RIVERDALE RD,OGDEN,UT,84405,(801) 528-9710,,,https://www.kengarffgm.com/,kengarffgm.com,Website: https://www.kengarffgm.com/ | Staff page: no_staff_page | Brand: Buick
"NEWBY BUICK GMC, INC.",1629 S Convention Center Drive,St. George,UT,84790,(435) 673-1100,Kevin Newby,kevin@newbybuickgmc.motosnap.com,https://www.newbybuick.com/,newbybuick.com,Title: General Sales Manager | Website: https://www.newbybuick.com/ | Source: https://www.newbybuick.com/staff | Brand: Buick
SALT LAKE VALLEY BUICK GMC,725 West 3300 South,Salt Lake City,UT,84119,(801) 265-1511,,,https://www.slvbuickgmc.com/,slvbuickgmc.com,Website: https://www.slvbuickgmc.com/ | Staff page: blocked | Brand: Buick
YOUNG BUICK GMC CO.,570 N Main St,Layton,UT,84041,(801) 682-4027,Rick Lovell,,https://www.youngbuickgmc.com/,youngbuickgmc.com,Title: General Manager | Website: https://www.youngbuickgmc.com/ | Source: https://www.youngbuickgmc.com/dealership/staff.htm (no email published for this contact) | Brand: Buick
BERGLUND CHEVROLET BUICK,1824 Williamson Rd NE,Roanoke,VA,24012,(540) 348-4600,,,https://www.berglundbuick.com/,berglundbuick.com,Website: https://www.berglundbuick.com/ | Staff page: blocked | Brand: Buick
BUICK GMC OF LEESBURG,326 E Market St.,Leesburg,VA,20176,(703) 687-9903,Chris Elliot,,https://www.leesburgsbuickgmc.com/,leesburgsbuickgmc.com,Title: General Manager | Website: https://www.leesburgsbuickgmc.com/ | Source: https://www.leesburgsbuickgmc.com/dealership/staff.htm (no email published for this contact) | Brand: Buick
CMA'S COLONIAL BUICK GMC,100 Myers Dr,Charlottesville,VA,22901,(434) 951-1000,Nick Walton,,https://www.cmascolonialbuickgmc.com/,cmascolonialbuickgmc.com,Title: General Sales Manager | Website: https://www.cmascolonialbuickgmc.com/ | Source: https://www.cmascolonialbuickgmc.com/dealership/staff.htm (no email published for this contact) | Brand: Buick
"CRABTREE BUICK-GMC, INC.",2975 Lee Highway,Bristol,VA,24202,(276) 644-0367,,,https://www.crabtreegmc.com/,crabtreegmc.com,Website: https://www.crabtreegmc.com/ | Staff page: blocked | Brand: Buick
FRONT ROYAL BUICK GMC,9015 Winchester Road,Front Royal,VA,22630,(540) 384-9012,Scott Copenhaver,,https://www.frontroyalbuickgmc.com/,frontroyalbuickgmc.com,Title: General Sales Manager | Website: https://www.frontroyalbuickgmc.com/ | Source: https://www.frontroyalbuickgmc.com/staff (no email published for this contact) | Brand: Buick
HALEY BUICK GMC AIRPORT,5500 S Laburnum Avenue,Richmond,VA,23231,(866) 871-1776,,,https://www.pickhaley.com/,pickhaley.com,Website: https://www.pickhaley.com/ | Staff page: blocked | Brand: Buick
"HALEY BUICK-GMC TRUCK, INC",9831 MIDLOTHIAN TURNPIKE,Richmond,VA,23235,(804) 320-9054,,,https://www.haleybuickgmc.com/,haleybuickgmc.com,Website: https://www.haleybuickgmc.com/ | Staff page: blocked | Brand: Buick
JOYCE KOONS BUICK GMC,10660 Automotive Drive,Manassas,VA,20109,(866) 755-0072,Shawn McGregor,,https://www.joycekoonsbuickgmc.com/,joycekoonsbuickgmc.com,Title: General Manager | Website: https://www.joycekoonsbuickgmc.com/ | Source: https://www.joycekoonsbuickgmc.com/meet-the-team/ (no email published for this contact) | Brand: Buick
KERN MOTOR COMPANY,2110 Valley Ave,Winchester,VA,22601,(540) 667-1500,,,https://www.kernmotorco.com/,kernmotorco.com,Website: https://www.kernmotorco.com/ | Staff page: blocked | Brand: Buick
KOONS BUICK GMC WOODBRIDGE,14530 Richmond Hwy,Woodbridge,VA,22191,(703) 494-7121,,,https://www.koonswoodbridgebuickgmc.com/,koonswoodbridgebuickgmc.com,Website: https://www.koonswoodbridgebuickgmc.com/ | Staff page: blocked | Brand: Buick
LINDSAY BUICK GMC – Warrenton,250 W Shirley Ave,Warrenton,VA,20186,(540) 572-7178,JAMES ROSE,,https://www.lindsaybuickgmc.com/,lindsaybuickgmc.com,Title: General Sales Manager | Website: https://www.lindsaybuickgmc.com/ | Source: https://www.lindsaybuickgmc.com/staff (no email published for this contact) | Brand: Buick
MOTOR MILE CHEVROLET BUICK,1500 Tyler Ave,Radford,VA,24141,(540) 639-3923,,,https://www.motormilebuick.com/,motormilebuick.com,Website: https://www.motormilebuick.com/ | Staff page: blocked | Brand: Buick
OURISMAN CHEVROLET BUICK GMC OF ALEXANDRIA,1800 OLD RICHMOND HIGHWAY,ALEXANDRIA,VA,22303,(703) 329-1300,,,https://www.ourismanbuickgmcofalexandria.com/,ourismanbuickgmcofalexandria.com,Website: https://www.ourismanbuickgmcofalexandria.com/ | Staff page: blocked | Brand: Buick
RICK HENDRICK CHEVROLET BUICK GMC,12050 W Broad St,Richmond,VA,23233,(804) 709-0814,Robert Lattimer,,https://www.hendrickbuickgmcrichmond.com/,hendrickbuickgmcrichmond.com,Title: General Sales Manager | Website: https://www.hendrickbuickgmcrichmond.com/ | Source: https://www.hendrickbuickgmcrichmond.com/about-us/staff/ (no email published for this contact) | Brand: Buick
SOUTHERN BUICK GMC GREENBRIER,1300 S. Military Highway,Chesapeake,VA,23320,(757) 424-6380,Brett Lloyd,,https://www.southernbuickgmcgreenbrier.com/,southernbuickgmcgreenbrier.com,Title: General Manager | Website: https://www.southernbuickgmcgreenbrier.com/ | Source: https://www.southernbuickgmcgreenbrier.com/about-us/staff/ (no email published for this contact) | Brand: Buick
SOUTHERN BUICK GMC VIRGINIA BEACH,2375 Virginia Beach Boulevard,Virginia Beach,VA,23454,(757) 600-4895,Dave Jensen,,https://www.southernbuickgmc.com/,southernbuickgmc.com,Title: General Manager | Website: https://www.southernbuickgmc.com/ | Source: https://www.southernbuickgmc.com/about-us/staff/ (no email published for this contact) | Brand: Buick
SUTTLE MOTOR CORPORATION,12525 Jefferson Ave,Newport News,VA,23602,(757) 243-1507,Miles Suttle,,https://www.suttlemotors.com/,suttlemotors.com,Title: General Sales Manager | Website: https://www.suttlemotors.com/ | Source: https://www.suttlemotors.com/staff (no email published for this contact) | Brand: Buick
HANDY BUICK-GMC-CADILLAC INC.,405 Swanton Road,St. Albans,VT,05478,(802) 752-4606,Bud Handy,,https://www.handygmc.com/,handygmc.com,Title: General Manager | Website: https://www.handygmc.com/ | Source: https://www.handygmc.com/dealership/staff.htm (no email published for this contact) | Brand: Buick
BROTHERTON BUICK GMC,215 SW 12TH ST,RENTON,WA,98057,(425) 981-1000,Arun Vaidyanathan,Arun@brothertoncadillac.com,https://www.buybrotherton.com/,buybrotherton.com,Title: General Manager | Website: https://www.buybrotherton.com/ | Source: https://www.buybrotherton.com/staff | Brand: Buick
BUICK GMC OF BELLEVUE,13400 NE 20th Street,Bellevue,WA,98005,(425) 709-3303,,,https://www.buickgmcofbellevue.com/,buickgmcofbellevue.com,Website: https://www.buickgmcofbellevue.com/ | Staff page: no_staff_page | Brand: Buick
CARR BUICK GMC,6600 NE Fourth Plain Blvd,Vancouver,WA,98661,(360) 693-1481,James Hardy,jhardy@carrauto.com,https://www.carrbuickgmc.com/,carrbuickgmc.com,Title: Sales Associate | Website: https://www.carrbuickgmc.com/ | Source: https://www.carrbuickgmc.com/staff | Brand: Buick
GILCHRIST CHEVROLET BUICK GMC INC.,5840 SOUTH TACOMA WAY,TACOMA,WA,98409,(253) 620-1900,Roper Commercial,,https://www.gilchristbuickgmc.com/,gilchristbuickgmc.com,Title: Sales Manager | Website: https://www.gilchristbuickgmc.com/ | Source: https://www.GILCHRISTBUICKGMC.COM/staff (no email published for this contact) | Brand: Buick
HARNISH BUICK GMC,800 River Rd,Puyallup,WA,98371,(253) 840-6300,Says Louangphakdy,,https://www.buickgmcofpuyallup.com/,buickgmcofpuyallup.com,Title: General Manager | Website: https://www.buickgmcofpuyallup.com/ | Source: https://www.buickgmcofpuyallup.com/staff (no email published for this contact) | Brand: Buick
SPECK BUICK GMC OF TRI-CITIES,9610 Sandifur Pkwy,Pasco,WA,99301,(509) 740-0295,Frank Murillo,,https://www.speckbuickgmc.com/,speckbuickgmc.com,Title: General Manager | Website: https://www.speckbuickgmc.com/ | Source: https://www.speckbuickgmc.com/staff (no email published for this contact) | Brand: Buick
BERGSTROM BUICK GMC,301 N TAYLOR ST,Green Bay,WI,54303,(844) 201-5453,,,https://www.bergstrombuickgmcgreenbay.com/,bergstrombuickgmcgreenbay.com,Website: https://www.bergstrombuickgmcgreenbay.com/ | Staff page: no_staff_page | Brand: Buick
"BERGSTROM BUICK-GMC TRUCK, INC.",900 SOUTH NICOLET ROAD,APPLETON,WI,54914,(877) 245-0950,,,https://www.bergstrombuickgmcappleton.com/,bergstrombuickgmcappleton.com,Website: https://www.bergstrombuickgmcappleton.com/ | Staff page: no_staff_page | Brand: Buick
BERGSTROM CHEVROLET BUICK,150 N GREEN BAY RD,Neenah,WI,54956,(866) 579-8366,,,https://www.bergstrombuickneenah.com/,bergstrombuickneenah.com,Website: https://www.bergstrombuickneenah.com/ | Staff page: no_staff_page | Brand: Buick
BERGSTROM CHEVROLET BUICK GMC,355 N WASHBURN ST,Oshkosh,WI,54904,(866) 551-9854,,,https://www.bergstrombuickgmcoshkosh.com/,bergstrombuickgmcoshkosh.com,Website: https://www.bergstrombuickgmcoshkosh.com/ | Staff page: no_staff_page | Brand: Buick
BOUCHER BUICK GMC,1907 E Moreland Blvd,Waukesha,WI,53186,(262) 226-8411,Scott Teigland,,https://www.boucherbuickgmc.com/,boucherbuickgmc.com,Title: General Sales Manager | Website: https://www.boucherbuickgmc.com/ | Source: https://www.boucherbuickgmc.com/about-us/staff/ (no email published for this contact) | Brand: Buick
BROOKFIELD BUICK GMC,13000 W Capitol Dr,Brookfield,WI,53005,(262) 783-9202,MARTINIS HUGHES,,https://www.bpgmc.com/,bpgmc.com,Title: General Sales Manager | Website: https://www.bpgmc.com/ | Source: https://www.bpgmc.com/dealership/staff.htm (no email published for this contact) | Brand: Buick
BURTNESS CHEVROLET BUICK GMC,1389 W Main St,Whitewater,WI,53190,(262) 753-6734,Matt Bowditch,,https://www.burtnessbuick.com/,burtnessbuick.com,Title: General Manager | Website: https://www.burtnessbuick.com/ | Source: https://www.burtnessbuick.com/about-us/staff/ (no email published for this contact) | Brand: Buick
"CLASON BUICK GMC, INC.",3232 Mormon Coulee Rd,LaCrosse,WI,54601,(866) 399-1220,Tom Grabowenski,,https://www.clasonbuickgmc.com/,clasonbuickgmc.com,Title: General Sales Manager | Website: https://www.clasonbuickgmc.com/ | Source: https://www.clasonbuickgmc.com/dealership/staff.htm (no email published for this contact) | Brand: Buick
DON LARSON CHEVROLET BUICK GMC,S3801 County HWY BD,Baraboo,WI,53913,(608) 448-3364,John Gjertsen,,https://www.donlarsonbuickgmc.com/,donlarsonbuickgmc.com,Title: Sales Manager | Website: https://www.donlarsonbuickgmc.com/ | Source: https://www.donlarsonbuickgmc.com/dealership/staff.htm (no email published for this contact) | Brand: Buick
"EWALD BUICK GMC OF MENOMONEE FALLS, LLC.",N88 W14132 MAIN ST,MENOMONEE FALLS,WI,53051,(262) 253-8000,Steve Gliatis,,https://www.ewaldbuickgmc.com/,ewaldbuickgmc.com,Title: General Sales Manager | Website: https://www.ewaldbuickgmc.com/ | Source: https://www.ewaldbuickgmc.com/staff (no email published for this contact) | Brand: Buick
"GROSS BUICK,INC.",1620 N CENTRAL AVE,MARSHFIELD,WI,54449,(715) 384-3152,,,,,Brand: Buick
GUSTMAN CHEVROLET BUICK GMC,1450 Delanglade St,Kaukauna,WI,54130,(920) 766-3581,,,https://www.gustmanbuickgmc.com/,gustmanbuickgmc.com,Website: https://www.gustmanbuickgmc.com/ | Staff page: no_staff_page | Brand: Buick
HOLIDAY CHEVROLET BUICK GMC CADILLAC,321 N Rolling Meadows Dr,Fond du Lac,WI,54937,(920) 204-6091,Jaber VP,,https://www.holidaygmcbuick.com/,holidaygmcbuick.com,Title: General Sales Manager | Website: https://www.holidaygmcbuick.com/ | Source: https://www.holidaygmcbuick.com/about-us/staff/ (no email published for this contact) | Brand: Buick
HOLZ CHEVROLET BUICK GMC,1717 Utah St,Watertown,WI,53094,(920) 545-5768,JESSICA WINKER,,https://www.holzbuickgmc.com/,holzbuickgmc.com,Title: General Manager | Website: https://www.holzbuickgmc.com/ | Source: https://www.holzbuickgmc.com/about-us/staff/ (no email published for this contact) | Brand: Buick
JOHNSON MOTOR SALES,620 DEERE DR,NEW RICHMOND,WI,54017,(715) 246-7838,then becoming,,https://www.johnsonbuick.com/,johnsonbuick.com,Title: General Manager | Website: https://www.johnsonbuick.com/ | Source: https://www.johnsonbuick.com/aboutus.aspx (no email published for this contact) | Brand: Buick
KAYSER CHEVROLET BUICK GMC,3601 E. Milwaukee St.,Janesville,WI,53546,(608) 752-1331,,,https://www.kayserbuickgmc.com/,kayserbuickgmc.com,Website: https://www.kayserbuickgmc.com/ | Staff page: blocked | Brand: Buick
KUNES BUICK GMC OF GREENFIELD,3615 S. 108th Street,Greenfield,WI,53228,(414) 482-6246,Bill Ederer,,http://kunesbuickgmcgreenfield.com/,kunesbuickgmcgreenfield.com,Title: General Manager | Website: http://kunesbuickgmcgreenfield.com/ | Source: https://www.kunesbuickgmcgreenfield.com/dealership/staff.htm (no email published for this contact) | Brand: Buick
KUNES BUICK GMC OF OAK CREEK,7020 S 27th St,Oak Creek,WI,53154,(414) 574-4620,Bohm Regional,,https://www.kunesbuickgmcoakcreek.com/,kunesbuickgmcoakcreek.com,Title: General Manager | Website: https://www.kunesbuickgmcoakcreek.com/ | Source: https://www.kunesbuickgmcoakcreek.com/dealership/staff.htm (no email published for this contact) | Brand: Buick
"KUNES COUNTRY SUPERSTORE OF STOUGHTON, INC.",1423 US Highway 51,Stoughton,WI,53589,(608) 873-5661,,,https://www.kunesbuickgmcofstoughton.com/,kunesbuickgmcofstoughton.com,Website: https://www.kunesbuickgmcofstoughton.com/ | Staff page: blocked | Brand: Buick
"LEN DUDAS MOTORS, INC.",3305 Main Street,Stevens Point,WI,54481,(715) 344-3410,Todd Okray,,https://www.lendudasbuickgmc.com/,lendudasbuickgmc.com,Title: General Sales Manager | Website: https://www.lendudasbuickgmc.com/ | Source: https://www.lendudasbuickgmc.com/staff (no email published for this contact) | Brand: Buick
LYNCH BUICK GMC OF WEST BEND,2275 S Main Street,West Bend,WI,53095,(262) 338-2235,Taylor Darr,,https://www.lynchbuickgmcofwestbend.com/,lynchbuickgmcofwestbend.com,Title: General Manager | Website: https://www.lynchbuickgmcofwestbend.com/ | Source: https://www.lynchbuickgmcofwestbend.com/staff (no email published for this contact) | Brand: Buick
MARKQUART MOTORS,2191 S Prairie View Rd,Chippewa Falls,WI,54729,(715) 833-0444,MATT MURRAY,,https://www.markquartbuickgmc.com/,markquartbuickgmc.com,Title: General Manager | Website: https://www.markquartbuickgmc.com/ | Source: https://www.markquartbuickgmc.com/dealership/staff.htm (no email published for this contact) | Brand: Buick
"MEYER MOTORS, INC",107 Plaza Lane,Plymouth,WI,53073,(800) 570-2225,Steve Schuh,,https://www.gomeyermotors.com/,gomeyermotors.com,Title: Sales Manager | Website: https://www.gomeyermotors.com/ | Source: https://www.gomeyermotors.com/staff (no email published for this contact) | Brand: Buick
NAPLETON CHEVROLET BUICK GMC,N8167 KELLOM ROAD,BEAVER DAM,WI,53916,(920) 212-7723,,,,,Brand: Buick
"PALMEN BUICK GMC CADILLAC, INC.",7110 74th Place,Kenosha,WI,53142,(262) 671-4732,Nick Faciano,,https://www.palmenauto.com/,palmenauto.com,Title: Sales Manager | Website: https://www.palmenauto.com/ | Source: https://www.palmenauto.com/staff (no email published for this contact) | Brand: Buick
RUNDE CHEVROLET BUICK GMC,885 EAST BUSINESS HWY 151,Platteville,WI,53818,(866) 609-3661,,,https://www.rundegmc.com/,rundegmc.com,Website: https://www.rundegmc.com/ | Staff page: no_staff_page | Brand: Buick
"SLEEPY HOLLOW CHEVROLET-BUICK-GMC, INC.",1225 N MAIN ST,VIROQUA,WI,54665,(877) 586-2245,,,https://www.sleepyhollowbuickgmc.com/,sleepyhollowbuickgmc.com,Website: https://www.sleepyhollowbuickgmc.com/ | Staff page: blocked | Brand: Buick
SOMMER'S AUTOMOTIVE,7211 W MEQUON RD,Mequon,WI,53092,(262) 242-0100,FOTI GM,,https://www.sommersbuickgmc.com/,sommersbuickgmc.com,Title: Sales Manager | Website: https://www.sommersbuickgmc.com/ | Source: https://www.sommersbuickgmc.com/staff (no email published for this contact) | Brand: Buick
"TRECEK AUTOMOTIVE OF PORTAGE, INC.",1350 E WISCONSIN ST,PORTAGE,WI,53901,(608) 742-7155,Chris Dunahee,,https://www.trecekbuickgmc.com/,trecekbuickgmc.com,Title: Sales Manager | Website: https://www.trecekbuickgmc.com/ | Source: https://www.trecekbuickgmc.com/staff (no email published for this contact) | Brand: Buick
ZIMBRICK BUICK GMC EASTSIDE,5402 HIGH CROSSING BLVD,MADISON,WI,53718,(608) 230-0731,CLINT LENZ,,https://www.zimbrickbuickeast.com/,zimbrickbuickeast.com,Title: New Car Sales Manager | Website: https://www.zimbrickbuickeast.com/ | Source: https://www.zimbrickbuickeast.com/dealership/staff.htm (no email published for this contact) | Brand: Buick
ZIMBRICK BUICK/GMC WEST,1601 W Beltline Hwy,Madison,WI,53713,(608) 230-0721,Garnett Associate,mitch.garnett@zimbrick.com,https://www.zimbrickbuickwest.com/,zimbrickbuickwest.com,Title: General Manager | Website: https://www.zimbrickbuickwest.com/ | Source: https://www.zimbrickbuickwest.com/staff | Brand: Buick
