vin,dealer_id,dealer_name,group,current_trim,proposed_trim,source,status,evidence,listing_url
2T36CRAV0TC008150,6858,"Page Toyota",blank,"","","","still blank","","https://www.pagetoyota.com/viewdetails/used/2t36crav0tc008150/2026-toyota-rav4-sport-utility"
2T36CRAV0TC040743,6877,"Billion Toyota",blank,"","LE","url","url only","url slug ""LE""","https://www.siouxfallstoyota.com/new-Sioux+Falls-2026-Toyota-RAV4-LE-2T36CRAV0TC040743"
2T36CRAV0TC041195,7310,"Vancouver Toyota",blank,"","","","still blank","","https://www.vancouvertoyota.com/viewdetails/new/2t36crav0tc041195/2026-toyota-rav4-sport-utility"
2T36CRAV0TC042704,7331,"I-5 Toyota",blank,"","XLE Premium","url","url only","url slug ""XLE Premium""","https://www.i-5toyota.com/new-Chehalis-2026-Toyota-RAV4-XLE+Premium-2T36CRAV0TC042704"
2T36CRAV0TC40G172,6868,"Toyota of Grand Rapids",blank,"","LE","url","url only","url slug ""LE""","https://www.toyotaofgrandrapids.com/new-Grand+Rapids-2026-Toyota-RAV4-LE-2T36CRAV0TC40G172"
2T36CRAV0TC40H161,7324,"Toyota of Puyallup",blank,"","","","still blank","","https://www.toyotaofpuyallup.com/viewdetails/new/2t36crav0tc40h161/2026-toyota-rav4-sport-utility"
2T36CRAV0TC41H110,6722,"Toyota of Bowling Green",blank,"","","","still blank","","https://www.toyotaofbowlinggreen.com/viewdetails/new/2t36crav0tc41h110/2026-toyota-rav4-sport-utility"
2T36CRAV0TC43J391,6722,"Toyota of Bowling Green",blank,"","","","still blank","","https://www.toyotaofbowlinggreen.com/viewdetails/new/2t36crav0tc43j391/2026-toyota-rav4-sport-utility"
2T36CRAV0TW011015,6858,"Page Toyota",blank,"","","","still blank","","https://www.pagetoyota.com/viewdetails/used/2t36crav0tw011015/2026-toyota-rav4-sport-utility"
2T36CRAV0TW099600,7318,"Toyota of Seattle",blank,"","","","still blank","","https://www.toyotaofseattle.com/viewdetails/new/2t36crav0tw099600/2026-toyota-rav4-sport-utility"
2T36CRAV0TW100096,6877,"Billion Toyota",blank,"","XSE","url","url only","url slug ""XSE""","https://www.siouxfallstoyota.com/new-Sioux+Falls-2026-Toyota-RAV4-XSE-2T36CRAV0TW100096"
2T36CRAV0TW103175,6480,"Koons Toyota Tysons",blank,"","XLE Premium","url","url only","url slug ""XLE Premium""","https://www.koonstoyotatysonscorner.com/new-Vienna-2026-Toyota-RAV4-XLE+Premium-2T36CRAV0TW103175"
2T36CRAV0TW103418,6865,"Matick Toyota",blank,"","LE","url","url only","url slug ""LE""","https://www.maticktoyota.com/new-Macomb-2026-Toyota-Rav4-LE-2T36CRAV0TW103418"
2T36CRAV0TW103628,7136,"Orem Toyota",blank,"","Limited","url","url only","url slug ""Limited""","https://www.oremtoyota.com/new-Orem-2026-Toyota-RAV4-Limited-2T36CRAV0TW103628"
2T36CRAV0TW104102,7310,"Vancouver Toyota",blank,"","","","still blank","","https://www.vancouvertoyota.com/viewdetails/new/2t36crav0tw104102/2026-toyota-rav4-sport-utility"
2T36CRAV0TW104875,6865,"Matick Toyota",blank,"","Woodland","url","url only","url slug ""Woodland""","https://www.maticktoyota.com/new-Macomb-2026-Toyota-Rav4-Woodland-2T36CRAV0TW104875"
2T36CRAV0TW106464,6868,"Toyota of Grand Rapids",blank,"","XLE Premium","url","url only","url slug ""XLE Premium""","https://www.toyotaofgrandrapids.com/new-Grand+Rapids-2026-Toyota-RAV4-XLE+Premium-2T36CRAV0TW106464"
2T36CRAV0TW107033,6863,"Randy Wise Toyota",blank,"","Woodland","url","url only","url slug ""Woodland""","https://www.randywisetoyota.com/new-Grand+Blanc-2026-Toyota-RAV4-Woodland-2T36CRAV0TW107033"
2T36CRAV0TW38F080,7310,"Vancouver Toyota",blank,"","","","still blank","","https://www.vancouvertoyota.com/viewdetails/new/2t36crav0tw38f080/2026-toyota-rav4-sport-utility"
2T36CRAV0TW38G097,6755,"Toyota South",blank,"","Limited","url","url only","url slug ""Limited""","https://www.toyotasouth.com/new-Richmond+-2026-Toyota-RAV4-Limited-2T36CRAV0TW38G097"
2T36CRAV0TW38H637,6877,"Billion Toyota",blank,"","SE","url","url only","url slug ""SE""","https://www.siouxfallstoyota.com/new-Sioux+Falls-2026-Toyota-RAV4-SE-2T36CRAV0TW38H637"
2T36CRAV0TW39H200,7260,"Modesto Toyota",blank,"","","","still blank","","https://modestotoyota.autogo.ai/vehicle/New/2026/Toyota/RAV4/2T36CRAV0TW39H200/"
2T36CRAV0TW40E291,7324,"Toyota of Puyallup",blank,"","","","still blank","","https://www.toyotaofpuyallup.com/viewdetails/new/2t36crav0tw40e291/2026-toyota-rav4-sport-utility"
2T36CRAV0TW40G526,6865,"Matick Toyota",blank,"","XSE","url","url only","url slug ""XSE""","https://www.maticktoyota.com/new-Macomb-2026-Toyota-RAV4-XSE-2T36CRAV0TW40G526"
2T36CRAV0TW41D542,7323,"Swickard Toyota",blank,"","XSE","url","url only","url slug ""XSE""","https://www.swickardtoyota.com/new-Edmonds-2026-Toyota-RAV4-XSE-2T36CRAV0TW41D542"
2T36CRAV0TW41D556,6722,"Toyota of Bowling Green",blank,"","","","still blank","","https://www.toyotaofbowlinggreen.com/viewdetails/new/2t36crav0tw41d556/2026-toyota-rav4-sport-utility"
2T36CRAV0TW41D721,6865,"Matick Toyota",blank,"","Woodland","url","url only","url slug ""Woodland""","https://www.maticktoyota.com/new-Macomb-2026-Toyota-RAV4-Woodland-2T36CRAV0TW41D721"
2T36CRAV0TW41H493,6877,"Billion Toyota",blank,"","SE","url+snapshot","both agree","url slug ""SE""; jsonld-name ""SE"" (box1 2026-10-08)","https://www.siouxfallstoyota.com/new-Sioux+Falls-2026-Toyota-RAV4-SE-2T36CRAV0TW41H493"
2T36CRAV0TW42E377,6722,"Toyota of Bowling Green",blank,"","","","still blank","","https://www.toyotaofbowlinggreen.com/viewdetails/new/2t36crav0tw42e377/2026-toyota-rav4-sport-utility"
2T36CRAV0TW42E525,6771,"Don Moore Toyota",blank,"","XLE Premium","url","url only","url slug ""XLE Premium""","https://www.donmooretoyota.com/new-Owensboro-2026-Toyota-RAV4-XLE+Premium-2T36CRAV0TW42E525"
2T36CRAV0TW42J846,6910,"Markquart Toyota",blank,"","SE","url","url only","url slug ""SE""","https://www.markquarttoyota.com/new-Eau+Claire+Area-2026-Toyota-RAV4-SE-2T36CRAV0TW42J846"
2T36CRAV0TW43F220,7322,"Toyota of Lake City",blank,"","Limited","url","url only","url slug ""Limited""","https://www.toyotaoflakecity.com/new-Seattle-2026-Toyota-RAV4-Limited-2T36CRAV0TW43F220"
2T36CRAV0TW43G643,7323,"Swickard Toyota",blank,"","Limited","url","url only","url slug ""Limited""","https://www.swickardtoyota.com/new-Edmonds-2026-Toyota-RAV4-Limited-2T36CRAV0TW43G643"
2T36CRAV0TW43G674,7322,"Toyota of Lake City",blank,"","XSE","url","url only","url slug ""XSE""","https://www.toyotaoflakecity.com/new-Seattle-2026-Toyota-RAV4-XSE-2T36CRAV0TW43G674"
2T36CRAV0TW43J633,6910,"Markquart Toyota",blank,"","XLE Premium","url","url only","url slug ""XLE Premium""","https://www.markquarttoyota.com/new-Eau+Claire+Area-2026-Toyota-RAV4-XLE+Premium-2T36CRAV0TW43J633"
2T36CRAV0TW43K037,7310,"Vancouver Toyota",blank,"","","","still blank","","https://www.vancouvertoyota.com/viewdetails/new/2t36crav0tw43k037/2026-toyota-rav4-sport-utility"
2T36CRAV0TW44E435,6718,"Roberts Toyota",blank,"","","","still blank","","https://www.robertstoyota.com/viewdetails/new/2t36crav0tw44e435/2026-toyota-rav4-sport-utility"
2T36CRAV1TC006519,7260,"Modesto Toyota",blank,"","","","still blank","","https://modestotoyota.autogo.ai/vehicle/New/2026/Toyota/RAV4/2T36CRAV1TC006519/"
2T36CRAV1TC40J977,7325,"Titus-Will Toyota",blank,"","LE","url","url only","url slug ""LE""","https://www.tituswilltoyota.com/new-Tacoma-2026-Toyota-RAV4-LE-2T36CRAV1TC40J977"
2T36CRAV1TC41E006,7322,"Toyota of Lake City",blank,"","XLE Premium","url","url only","url slug ""XLE Premium""","https://www.toyotaoflakecity.com/new-Seattle-2026-Toyota-RAV4-XLE+Premium-2T36CRAV1TC41E006"
2T36CRAV1TC41E636,7310,"Vancouver Toyota",blank,"","","","still blank","","https://www.vancouvertoyota.com/viewdetails/new/2t36crav1tc41e636/2026-toyota-rav4-sport-utility"
2T36CRAV1TW010052,2671,"RIVERSIDE NISSAN MARQUETTE",blank,"","","","still blank","","https://www.marquettenissan.com/used/Toyota/2026-Toyota-RAV4-8803450cac1849bfafd15ef51fc601b7.htm"
2T36CRAV1TW010052,10479,"RIVERSIDE NISSAN MARQUETTE",blank,"","","","still blank","","https://www.marquettenissan.com/used/Toyota/2026-Toyota-RAV4-8803450cac1849bfafd15ef51fc601b7.htm"
2T36CRAV1TW010052,17378,"RIVERSIDE NISSAN MARQUETTE",blank,"","","","still blank","","https://www.marquettenissan.com/used/Toyota/2026-Toyota-RAV4-8803450cac1849bfafd15ef51fc601b7.htm"
2T36CRAV1TW047585,7260,"Modesto Toyota",blank,"","","","still blank","","https://modestotoyota.autogo.ai/vehicle/New/2026/Toyota/RAV4/2T36CRAV1TW047585/"
2T36CRAV1TW093739,6803,"LaFontaine Toyota",blank,"","","","still blank","","https://www.lafontainetoyota.com/viewdetails/new/2t36crav1tw093739/2026-toyota-rav4-suv"
2T36CRAV1TW093904,6803,"LaFontaine Toyota",blank,"","","","still blank","","https://www.lafontainetoyota.com/viewdetails/new/2t36crav1tw093904/2026-toyota-rav4-suv"
2T36CRAV1TW097113,7136,"Orem Toyota",blank,"","XLE Premium","url","url only","url slug ""XLE Premium""","https://www.oremtoyota.com/new-Orem-2026-Toyota-RAV4-XLE+Premium-2T36CRAV1TW097113"
2T36CRAV1TW099976,7324,"Toyota of Puyallup",blank,"","","","still blank","","https://www.toyotaofpuyallup.com/viewdetails/new/2t36crav1tw099976/2026-toyota-rav4-sport-utility"
2T36CRAV1TW100558,7324,"Toyota of Puyallup",blank,"","","","still blank","","https://www.toyotaofpuyallup.com/viewdetails/new/2t36crav1tw100558/2026-toyota-rav4-sport-utility"
2T36CRAV1TW102553,6877,"Billion Toyota",blank,"","XLE Premium","url","url only","url slug ""XLE Premium""","https://www.siouxfallstoyota.com/new-Sioux+Falls-2026-Toyota-RAV4-XLE+Premium-2T36CRAV1TW102553"
2T36CRAV1TW103170,7316,"Michael's Toyota of Bellevue",blank,"","Woodland","url","url only","url slug ""Woodland""","https://www.toyotaofbellevue.com/new-Bellevue-2026-Toyota-RAV4-Woodland-2T36CRAV1TW103170"
2T36CRAV1TW105999,7310,"Vancouver Toyota",blank,"","","","still blank","","https://www.vancouvertoyota.com/viewdetails/new/2t36crav1tw105999/2026-toyota-rav4-sport-utility"
2T36CRAV1TW107414,6722,"Toyota of Bowling Green",blank,"","","","still blank","","https://www.toyotaofbowlinggreen.com/viewdetails/new/2t36crav1tw107414/2026-toyota-rav4-sport-utility"
2T36CRAV1TW112080,6718,"Roberts Toyota",blank,"","","","still blank","","https://www.robertstoyota.com/viewdetails/new/2t36crav1tw112080/2026-toyota-rav4-sport-utility"
2T36CRAV1TW39F973,6722,"Toyota of Bowling Green",blank,"","","","still blank","","https://www.toyotaofbowlinggreen.com/viewdetails/new/2t36crav1tw39f973/2026-toyota-rav4-sport-utility"
2T36CRAV1TW39J076,7310,"Vancouver Toyota",blank,"","","","still blank","","https://www.vancouvertoyota.com/viewdetails/new/2t36crav1tw39j076/2026-toyota-rav4-sport-utility"
2T36CRAV1TW40G843,7323,"Swickard Toyota",blank,"","Limited","url","url only","url slug ""Limited""","https://www.swickardtoyota.com/new-Edmonds-2026-Toyota-RAV4-Limited-2T36CRAV1TW40G843"
2T36CRAV1TW40H703,7337,"Five Star Toyota",blank,"","SE","url","url only","url slug ""SE""","https://www.fivestartoyota.com/new-Aberdeen-2026-Toyota-RAV4-SE-2T36CRAV1TW40H703"
2T36CRAV1TW41D789,7325,"Titus-Will Toyota",blank,"","Woodland","url","url only","url slug ""Woodland""","https://www.tituswilltoyota.com/new-Tacoma-2026-Toyota-RAV4-Woodland-2T36CRAV1TW41D789"
2T36CRAV1TW41F025,7325,"Titus-Will Toyota",blank,"","SE","url","url only","url slug ""SE""","https://www.tituswilltoyota.com/new-Tacoma-2026-Toyota-RAV4-SE-2T36CRAV1TW41F025"
2T36CRAV1TW41F767,7323,"Swickard Toyota",blank,"","Woodland","url","url only","url slug ""Woodland""","https://www.swickardtoyota.com/new-Edmonds-2026-Toyota-RAV4-Woodland-2T36CRAV1TW41F767"
2T36CRAV1TW41G093,7322,"Toyota of Lake City",blank,"","Limited","url","url only","url slug ""Limited""","https://www.toyotaoflakecity.com/new-Seattle-2026-Toyota-RAV4-Limited-2T36CRAV1TW41G093"
2T36CRAV1TW41G255,6863,"Randy Wise Toyota",blank,"","Woodland","url","url only","url slug ""Woodland""","https://www.randywisetoyota.com/new-Grand+Blanc-2026-Toyota-RAV4-Woodland-2T36CRAV1TW41G255"
2T36CRAV1TW42E159,7324,"Toyota of Puyallup",blank,"","","","still blank","","https://www.toyotaofpuyallup.com/viewdetails/new/2t36crav1tw42e159/2026-toyota-rav4-sport-utility"
2T36CRAV1TW42G672,7325,"Titus-Will Toyota",blank,"","Limited","url","url only","url slug ""Limited""","https://www.tituswilltoyota.com/new-Tacoma-2026-Toyota-RAV4-Limited-2T36CRAV1TW42G672"
2T36CRAV1TW42G848,6877,"Billion Toyota",blank,"","Limited","url","url only","url slug ""Limited""","https://www.siouxfallstoyota.com/new-Sioux+Falls-2026-Toyota-RAV4-Limited-2T36CRAV1TW42G848"
2T36CRAV1TW42H014,7310,"Vancouver Toyota",blank,"","","","still blank","","https://www.vancouvertoyota.com/viewdetails/new/2t36crav1tw42h014/2026-toyota-rav4-sport-utility"
2T36CRAV1TW42H336,7324,"Toyota of Puyallup",blank,"","","","still blank","","https://www.toyotaofpuyallup.com/viewdetails/new/2t36crav1tw42h336/2026-toyota-rav4-sport-utility"
2T36CRAV1TW42H448,6877,"Billion Toyota",blank,"","SE","url","url only","url slug ""SE""","https://www.siouxfallstoyota.com/new-Sioux+Falls-2026-Toyota-RAV4-SE-2T36CRAV1TW42H448"
2T36CRAV1TW43F209,7323,"Swickard Toyota",blank,"","XSE","url","url only","url slug ""XSE""","https://www.swickardtoyota.com/new-Edmonds-2026-Toyota-RAV4-XSE-2T36CRAV1TW43F209"
2T36CRAV1TW43H154,7324,"Toyota of Puyallup",blank,"","","","still blank","","https://www.toyotaofpuyallup.com/viewdetails/new/2t36crav1tw43h154/2026-toyota-rav4-sport-utility"
2T36CRAV2TC045281,6894,"Bergstrom Toyota",blank,"","LE","url","url only","url slug ""LE""","https://www.bergstromtoyota.com/new-Oshkosh-2026-Toyota-RAV4-LE-2T36CRAV2TC045281"
2T36CRAV2TC40G142,6865,"Matick Toyota",blank,"","LE","url","url only","url slug ""LE""","https://www.maticktoyota.com/new-Macomb-2026-Toyota-RAV4-LE-2T36CRAV2TC40G142"
2T36CRAV2TC42F340,7324,"Toyota of Puyallup",blank,"","","","still blank","","https://www.toyotaofpuyallup.com/viewdetails/new/2t36crav2tc42f340/2026-toyota-rav4-sport-utility"
2T36CRAV2TC43F074,6722,"Toyota of Bowling Green",blank,"","","","still blank","","https://www.toyotaofbowlinggreen.com/viewdetails/new/2t36crav2tc43f074/2026-toyota-rav4-sport-utility"
2T36CRAV2TW012828,6229,"Northway Toyota",blank,"","","","still blank","","https://www.northwaytoyota.com/new/Toyota/2026-Toyota-RAV4-6786bc21ac18083a2914417f985d2cd1.htm"
2T36CRAV2TW094608,7136,"Orem Toyota",blank,"","SE","url","url only","url slug ""SE""","https://www.oremtoyota.com/new-Orem-2026-Toyota-RAV4-SE-2T36CRAV2TW094608"
2T36CRAV2TW095368,7008,"Doggett Toyota of Beaumont",blank,"","","","still blank","","https://www.doggetttoyotabeaumont.com/vehicle/New/2026/Toyota/RAV4/2T36CRAV2TW095368/"
2T36CRAV2TW099338,6910,"Markquart Toyota",blank,"","SE","url","url only","url slug ""SE""","https://www.markquarttoyota.com/new-Eau+Claire+Area-2026-Toyota-RAV4-SE-2T36CRAV2TW099338"
2T36CRAV2TW100360,7322,"Toyota of Lake City",blank,"","SE","url","url only","url slug ""SE""","https://www.toyotaoflakecity.com/new-Seattle-2026-Toyota-RAV4-SE-2T36CRAV2TW100360"
2T36CRAV2TW101038,6877,"Billion Toyota",blank,"","XLE Premium","url","url only","url slug ""XLE Premium""","https://www.siouxfallstoyota.com/new-Sioux+Falls-2026-Toyota-RAV4-XLE+Premium-2T36CRAV2TW101038"
2T36CRAV2TW102013,6910,"Markquart Toyota",blank,"","SE","url","url only","url slug ""SE""","https://www.markquarttoyota.com/new-Eau+Claire+Area-2026-Toyota-RAV4-SE-2T36CRAV2TW102013"
2T36CRAV2TW107437,7001,"Mark McLarty Toyota",blank,"","XLE Premium","url","url only","url slug ""XLE Premium""","https://www.markmclartytoyota.com/new-North+Little+Rock-2026-Toyota-RAV4-XLE+Premium-2T36CRAV2TW107437"
2T36CRAV2TW107857,7322,"Toyota of Lake City",blank,"","Limited","url","url only","url slug ""Limited""","https://www.toyotaoflakecity.com/new-Seattle-2026-Toyota-RAV4-Limited-2T36CRAV2TW107857"
2T36CRAV2TW108541,6718,"Roberts Toyota",blank,"","","","still blank","","https://www.robertstoyota.com/viewdetails/new/2t36crav2tw108541/2026-toyota-rav4-sport-utility"
2T36CRAV2TW108877,7310,"Vancouver Toyota",blank,"","","","still blank","","https://www.vancouvertoyota.com/viewdetails/new/2t36crav2tw108877/2026-toyota-rav4-sport-utility"
2T36CRAV2TW109429,7316,"Michael's Toyota of Bellevue",blank,"","XLE Premium","url","url only","url slug ""XLE Premium""","https://www.toyotaofbellevue.com/new-Bellevue-2026-Toyota-RAV4-XLE+Premium-2T36CRAV2TW109429"
2T36CRAV2TW109852,6747,"J. Allen Toyota",blank,"","","","still blank","","https://www.jallentoyota.com/viewdetails/new/2t36crav2tw109852/2026-toyota-rav4-sport-utility"
2T36CRAV2TW109866,7316,"Michael's Toyota of Bellevue",blank,"","Woodland","url","url only","url slug ""Woodland""","https://www.toyotaofbellevue.com/new-Bellevue-2026-Toyota-RAV4-Woodland-2T36CRAV2TW109866"
2T36CRAV2TW37G705,6863,"Randy Wise Toyota",blank,"","Woodland","url","url only","url slug ""Woodland""","https://www.randywisetoyota.com/new-Grand+Blanc-2026-Toyota-RAV4-Woodland-2T36CRAV2TW37G705"
2T36CRAV2TW38G859,7323,"Swickard Toyota",blank,"","Woodland","url","url only","url slug ""Woodland""","https://www.swickardtoyota.com/new-Edmonds-2026-Toyota-RAV4-Woodland-2T36CRAV2TW38G859"
2T36CRAV2TW38J236,6910,"Markquart Toyota",blank,"","SE","url","url only","url slug ""SE""","https://www.markquarttoyota.com/new-Eau+Claire+Area-2026-Toyota-RAV4-SE-2T36CRAV2TW38J236"
2T36CRAV2TW39E685,6910,"Markquart Toyota",blank,"","Limited","url","url only","url slug ""Limited""","https://www.markquarttoyota.com/new-Eau+Claire+Area-2026-Toyota-RAV4-Limited-2T36CRAV2TW39E685"
2T36CRAV2TW39G100,6899,"Smart Motors Toyota",blank,"","Limited","url","url only","url slug ""Limited""","https://www.smarttoyota.com/new-Madison-2026-Toyota-RAV4-Limited-2T36CRAV2TW39G100"
2T36CRAV2TW40E163,7331,"I-5 Toyota",blank,"","XSE","url","url only","url slug ""XSE""","https://www.i-5toyota.com/new-Chehalis-2026-Toyota-RAV4-XSE-2T36CRAV2TW40E163"
2T36CRAV2TW40J100,7323,"Swickard Toyota",blank,"","XSE","url","url only","url slug ""XSE""","https://www.swickardtoyota.com/new-Edmonds-2026-Toyota-RAV4-XSE-2T36CRAV2TW40J100"
2T36CRAV2TW41F714,6863,"Randy Wise Toyota",blank,"","Woodland","url","url only","url slug ""Woodland""","https://www.randywisetoyota.com/new-Grand+Blanc-2026-Toyota-RAV4-Woodland-2T36CRAV2TW41F714"
2T36CRAV2TW41F941,6679,"Toyota of Tampa Bay",blank,"","","","still blank","","https://www.toyotaoftampabay.com/viewdetails/new/2t36crav2tw41f941/2026-toyota-rav4-sport-utility"
2T36CRAV2TW41G328,7310,"Vancouver Toyota",blank,"","","","still blank","","https://www.vancouvertoyota.com/viewdetails/new/2t36crav2tw41g328/2026-toyota-rav4-sport-utility"
2T36CRAV2TW41G877,6877,"Billion Toyota",blank,"","SE","url+snapshot","both agree","url slug ""SE""; jsonld-name ""SE"" (box1 2026-10-08)","https://www.siouxfallstoyota.com/new-Sioux+Falls-2026-Toyota-RAV4-SE-2T36CRAV2TW41G877"
2T36CRAV2TW41H611,7322,"Toyota of Lake City",blank,"","SE","url","url only","url slug ""SE""","https://www.toyotaoflakecity.com/new-Seattle-2026-Toyota-RAV4-SE-2T36CRAV2TW41H611"
2T36CRAV2TW42E395,7323,"Swickard Toyota",blank,"","Woodland","url","url only","url slug ""Woodland""","https://www.swickardtoyota.com/new-Edmonds-2026-Toyota-RAV4-Woodland-2T36CRAV2TW42E395"
2T36CRAV2TW42E526,6899,"Smart Motors Toyota",blank,"","XLE Premium","url","url only","url slug ""XLE Premium""","https://www.smarttoyota.com/new-Madison-2026-Toyota-RAV4-XLE+Premium-2T36CRAV2TW42E526"
2T36CRAV2TW42E705,7325,"Titus-Will Toyota",blank,"","LE","url","url only","url slug ""LE""","https://www.tituswilltoyota.com/new-Tacoma-2026-Toyota-RAV4-LE-2T36CRAV2TW42E705"
2T36CRAV2TW42F921,7324,"Toyota of Puyallup",blank,"","","","still blank","","https://www.toyotaofpuyallup.com/viewdetails/new/2t36crav2tw42f921/2026-toyota-rav4-sport-utility"
2T36CRAV2TW42G017,7322,"Toyota of Lake City",blank,"","SE","url","url only","url slug ""SE""","https://www.toyotaoflakecity.com/new-Seattle-2026-Toyota-RAV4-SE-2T36CRAV2TW42G017"
2T36CRAV2TW42G051,7310,"Vancouver Toyota",blank,"","","","still blank","","https://www.vancouvertoyota.com/viewdetails/new/2t36crav2tw42g051/2026-toyota-rav4-sport-utility"
2T36CRAV2TW42G406,6755,"Toyota South",blank,"","Woodland","url","url only","url slug ""Woodland""","https://www.toyotasouth.com/new-Richmond+-2026-Toyota-RAV4-Woodland-2T36CRAV2TW42G406"
2T36CRAV2TW42G650,7331,"I-5 Toyota",blank,"","XSE","url","url only","url slug ""XSE""","https://www.i-5toyota.com/new-Chehalis-2026-Toyota-RAV4-XSE-2T36CRAV2TW42G650"
2T36CRAV2TW42H524,7310,"Vancouver Toyota",blank,"","","","still blank","","https://www.vancouvertoyota.com/viewdetails/new/2t36crav2tw42h524/2026-toyota-rav4-sport-utility"
2T36CRAV2TW43J102,6722,"Toyota of Bowling Green",blank,"","","","still blank","","https://www.toyotaofbowlinggreen.com/viewdetails/new/2t36crav2tw43j102/2026-toyota-rav4-sport-utility"
2T36CRAV2TW43J231,7324,"Toyota of Puyallup",blank,"","","","still blank","","https://www.toyotaofpuyallup.com/viewdetails/new/2t36crav2tw43j231/2026-toyota-rav4-sport-utility"
2T36CRAV2TW43J326,7310,"Vancouver Toyota",blank,"","","","still blank","","https://www.vancouvertoyota.com/viewdetails/new/2t36crav2tw43j326/2026-toyota-rav4-sport-utility"
2T36CRAV2TW43J598,7136,"Orem Toyota",blank,"","SE","url","url only","url slug ""SE""","https://www.oremtoyota.com/new-Orem-2026-Toyota-RAV4-SE-2T36CRAV2TW43J598"
2T36CRAV3TC041028,7260,"Modesto Toyota",blank,"","","","still blank","","https://modestotoyota.autogo.ai/vehicle/New/2026/Toyota/RAV4/2T36CRAV3TC041028/"
2T36CRAV3TC041689,7325,"Titus-Will Toyota",blank,"","XLE Premium","url","url only","url slug ""XLE Premium""","https://www.tituswilltoyota.com/new-Tacoma-2026-Toyota-RAV4-XLE+Premium-2T36CRAV3TC041689"
2T36CRAV3TC042292,7260,"Modesto Toyota",blank,"","","","still blank","","https://modestotoyota.autogo.ai/vehicle/New/2026/Toyota/RAV4/2T36CRAV3TC042292/"
2T36CRAV3TC042731,7310,"Vancouver Toyota",blank,"","","","still blank","","https://www.vancouvertoyota.com/viewdetails/new/2t36crav3tc042731/2026-toyota-rav4-sport-utility"
2T36CRAV3TC38J635,7107,"Fox Toyota of El Paso",blank,"","XLE Premium","url","url only","url slug ""XLE Premium""","https://www.foxtoyotaofelpaso.com/new-El+Paso-2026-Toyota-RAV4-XLE+Premium-2T36CRAV3TC38J635"
2T36CRAV3TC39G463,6868,"Toyota of Grand Rapids",blank,"","LE","url","url only","url slug ""LE""","https://www.toyotaofgrandrapids.com/new-Grand+Rapids-2026-Toyota-RAV4-LE-2T36CRAV3TC39G463"
2T36CRAV3TC41E539,6722,"Toyota of Bowling Green",blank,"","","","still blank","","https://www.toyotaofbowlinggreen.com/viewdetails/new/2t36crav3tc41e539/2026-toyota-rav4-sport-utility"
2T36CRAV3TC42F329,7337,"Five Star Toyota",blank,"","LE","url","url only","url slug ""LE""","https://www.fivestartoyota.com/new-Aberdeen-2026-Toyota-RAV4-LE-2T36CRAV3TC42F329"
2T36CRAV3TW087571,6755,"Toyota South",blank,"","Woodland","url","url only","url slug ""Woodland""","https://www.toyotasouth.com/new-Richmond+-2026-Toyota-RAV4-Woodland-2T36CRAV3TW087571"
2T36CRAV3TW099476,7136,"Orem Toyota",blank,"","SE","url","url only","url slug ""SE""","https://www.oremtoyota.com/new-Orem-2026-Toyota-RAV4-SE-2T36CRAV3TW099476"
2T36CRAV3TW100710,6877,"Billion Toyota",blank,"","SE","url","url only","url slug ""SE""","https://www.siouxfallstoyota.com/new-Sioux+Falls-2026-Toyota-RAV4-SE-2T36CRAV3TW100710"
2T36CRAV3TW101419,6722,"Toyota of Bowling Green",blank,"","","","still blank","","https://www.toyotaofbowlinggreen.com/viewdetails/new/2t36crav3tw101419/2026-toyota-rav4-sport-utility"
2T36CRAV3TW102702,7322,"Toyota of Lake City",blank,"","XLE Premium","url","url only","url slug ""XLE Premium""","https://www.toyotaoflakecity.com/new-Seattle-2026-Toyota-RAV4-XLE+Premium-2T36CRAV3TW102702"
2T36CRAV3TW103087,7136,"Orem Toyota",blank,"","XSE","url","url only","url slug ""XSE""","https://www.oremtoyota.com/new-Orem-2026-Toyota-RAV4-XSE-2T36CRAV3TW103087"
2T36CRAV3TW104269,6755,"Toyota South",blank,"","Limited","url","url only","url slug ""Limited""","https://www.toyotasouth.com/new-Richmond+-2026-Toyota-RAV4-Limited-2T36CRAV3TW104269"
2T36CRAV3TW105115,7322,"Toyota of Lake City",blank,"","Woodland","url","url only","url slug ""Woodland""","https://www.toyotaoflakecity.com/new-Seattle-2026-Toyota-RAV4-Woodland-2T36CRAV3TW105115"
2T36CRAV3TW105678,6877,"Billion Toyota",blank,"","SE","url+snapshot","both agree","url slug ""SE""; jsonld-name ""SE"" (box1 2026-10-03)","https://www.siouxfallstoyota.com/new-Sioux+Falls-2026-Toyota-RAV4-SE-2T36CRAV3TW105678"
2T36CRAV3TW106345,6718,"Roberts Toyota",blank,"","","","still blank","","https://www.robertstoyota.com/viewdetails/new/2t36crav3tw106345/2026-toyota-rav4-sport-utility"
2T36CRAV3TW107690,7324,"Toyota of Puyallup",blank,"","","","still blank","","https://www.toyotaofpuyallup.com/viewdetails/new/2t36crav3tw107690/2026-toyota-rav4-sport-utility"
2T36CRAV3TW107737,6877,"Billion Toyota",blank,"","Limited","url+snapshot","both agree","url slug ""Limited""; jsonld-name ""Limited"" (box1 2026-10-03)","https://www.siouxfallstoyota.com/new-Sioux+Falls-2026-Toyota-RAV4-Limited-2T36CRAV3TW107737"
2T36CRAV3TW108211,7136,"Orem Toyota",blank,"","Limited","url","url only","url slug ""Limited""","https://www.oremtoyota.com/new-Orem-2026-Toyota-RAV4-Limited-2T36CRAV3TW108211"
2T36CRAV3TW110296,7324,"Toyota of Puyallup",blank,"","","","still blank","","https://www.toyotaofpuyallup.com/viewdetails/new/2t36crav3tw110296/2026-toyota-rav4-sport-utility"
2T36CRAV3TW38G076,6868,"Toyota of Grand Rapids",blank,"","Woodland","url","url only","url slug ""Woodland""","https://www.toyotaofgrandrapids.com/new-Grand+Rapids-2026-Toyota-RAV4-Woodland-2T36CRAV3TW38G076"
2T36CRAV3TW38H180,6722,"Toyota of Bowling Green",blank,"","","","still blank","","https://www.toyotaofbowlinggreen.com/viewdetails/new/2t36crav3tw38h180/2026-toyota-rav4-sport-utility"
2T36CRAV3TW39F554,6722,"Toyota of Bowling Green",blank,"","","","still blank","","https://www.toyotaofbowlinggreen.com/viewdetails/new/2t36crav3tw39f554/2026-toyota-rav4-sport-utility"
2T36CRAV3TW39F635,6718,"Roberts Toyota",blank,"","","","still blank","","https://www.robertstoyota.com/viewdetails/new/2t36crav3tw39f635/2026-toyota-rav4-sport-utility"
2T36CRAV3TW39F960,7076,"Gulf Coast Toyota",blank,"","","","still blank","","https://www.gulfcoasttoyota.com/viewdetails/new/2t36crav3tw39f960/2026-toyota-rav4-sport-utility"
2T36CRAV3TW39G087,7001,"Mark McLarty Toyota",blank,"","XSE","url","url only","url slug ""XSE""","https://www.markmclartytoyota.com/new-North+Little+Rock-2026-Toyota-RAV4-XSE-2T36CRAV3TW39G087"
2T36CRAV3TW40F242,7325,"Titus-Will Toyota",blank,"","SE","url","url only","url slug ""SE""","https://www.tituswilltoyota.com/new-Tacoma-2026-Toyota-RAV4-SE-2T36CRAV3TW40F242"
2T36CRAV3TW40G634,7322,"Toyota of Lake City",blank,"","Limited","url","url only","url slug ""Limited""","https://www.toyotaoflakecity.com/new-Seattle-2026-Toyota-RAV4-Limited-2T36CRAV3TW40G634"
2T36CRAV3TW40J199,7322,"Toyota of Lake City",blank,"","XSE","url","url only","url slug ""XSE""","https://www.toyotaoflakecity.com/new-Seattle-2026-Toyota-RAV4-XSE-2T36CRAV3TW40J199"
2T36CRAV3TW41F138,6865,"Matick Toyota",blank,"","XSE","url","url only","url slug ""XSE""","https://www.maticktoyota.com/new-Macomb-2026-Toyota-RAV4-XSE-2T36CRAV3TW41F138"
2T36CRAV3TW41G158,7310,"Vancouver Toyota",blank,"","","","still blank","","https://www.vancouvertoyota.com/viewdetails/new/2t36crav3tw41g158/2026-toyota-rav4-sport-utility"
2T36CRAV3TW41H598,6858,"Page Toyota",blank,"","","","still blank","","https://www.pagetoyota.com/viewdetails/new/2t36crav3tw41h598/2026-toyota-rav4-sport-utility"
2T36CRAV3TW41H620,7324,"Toyota of Puyallup",blank,"","","","still blank","","https://www.toyotaofpuyallup.com/viewdetails/new/2t36crav3tw41h620/2026-toyota-rav4-sport-utility"
2T36CRAV3TW41H665,7322,"Toyota of Lake City",blank,"","XLE Premium","url","url only","url slug ""XLE Premium""","https://www.toyotaoflakecity.com/new-Seattle-2026-Toyota-RAV4-XLE+Premium-2T36CRAV3TW41H665"
2T36CRAV3TW42E387,6718,"Roberts Toyota",blank,"","","","still blank","","https://www.robertstoyota.com/viewdetails/new/2t36crav3tw42e387/2026-toyota-rav4-sport-utility"
2T36CRAV3TW42G768,7322,"Toyota of Lake City",blank,"","XSE","url","url only","url slug ""XSE""","https://www.toyotaoflakecity.com/new-Seattle-2026-Toyota-RAV4-XSE-2T36CRAV3TW42G768"
2T36CRAV3TW42J114,6894,"Bergstrom Toyota",blank,"","Limited","url","url only","url slug ""Limited""","https://www.bergstromtoyota.com/new-Oshkosh-2026-Toyota-RAV4-Limited-2T36CRAV3TW42J114"
2T36CRAV3TW42J582,7136,"Orem Toyota",blank,"","XLE Premium","url","url only","url slug ""XLE Premium""","https://www.oremtoyota.com/new-Orem-2026-Toyota-RAV4-XLE+Premium-2T36CRAV3TW42J582"
2T36CRAV3TW42J842,7310,"Vancouver Toyota",blank,"","","","still blank","","https://www.vancouvertoyota.com/viewdetails/new/2t36crav3tw42j842/2026-toyota-rav4-sport-utility"
2T36CRAV3TW42J873,7324,"Toyota of Puyallup",blank,"","","","still blank","","https://www.toyotaofpuyallup.com/viewdetails/new/2t36crav3tw42j873/2026-toyota-rav4-sport-utility"
2T36CRAV3TW43E921,7331,"I-5 Toyota",blank,"","Woodland","url","url only","url slug ""Woodland""","https://www.i-5toyota.com/new-Chehalis-2026-Toyota-RAV4-Woodland-2T36CRAV3TW43E921"
2T36CRAV3TW43G166,6877,"Billion Toyota",blank,"","SE","url+snapshot","both agree","url slug ""SE""; jsonld-name ""SE"" (box1 2026-10-08)","https://www.siouxfallstoyota.com/new-Sioux+Falls-2026-Toyota-RAV4-SE-2T36CRAV3TW43G166"
2T36CRAV3TW43H687,7310,"Vancouver Toyota",blank,"","","","still blank","","https://www.vancouvertoyota.com/viewdetails/new/2t36crav3tw43h687/2026-toyota-rav4-sport-utility"
2T36CRAV3TW43J030,7337,"Five Star Toyota",blank,"","XSE","url","url only","url slug ""XSE""","https://www.fivestartoyota.com/new-Aberdeen-2026-Toyota-RAV4-XSE-2T36CRAV3TW43J030"
2T36CRAV4TC041412,7337,"Five Star Toyota",blank,"","XLE Premium","url","url only","url slug ""XLE Premium""","https://www.fivestartoyota.com/new-Aberdeen-2026-Toyota-RAV4-XLE+Premium-2T36CRAV4TC041412"
2T36CRAV4TC042642,7260,"Modesto Toyota",blank,"","","","still blank","","https://modestotoyota.autogo.ai/vehicle/New/2026/Toyota/RAV4/2T36CRAV4TC042642/"
2T36CRAV4TC045265,6877,"Billion Toyota",blank,"","LE","url+snapshot","both agree","url slug ""LE""; jsonld-name ""LE"" (box1 2026-10-08)","https://www.siouxfallstoyota.com/new-Sioux+Falls-2026-Toyota-RAV4-LE-2T36CRAV4TC045265"
2T36CRAV4TC42K127,6718,"Roberts Toyota",blank,"","","","still blank","","https://www.robertstoyota.com/viewdetails/new/2t36crav4tc42k127/2026-toyota-rav4-sport-utility"
2T36CRAV4TW100571,7323,"Swickard Toyota",blank,"","XLE Premium","url","url only","url slug ""XLE Premium""","https://www.swickardtoyota.com/new-Edmonds-2026-Toyota-RAV4-XLE+Premium-2T36CRAV4TW100571"
2T36CRAV4TW100859,7260,"Modesto Toyota",blank,"","","","still blank","","https://modestotoyota.autogo.ai/vehicle/New/2026/Toyota/RAV4/2T36CRAV4TW100859/"
2T36CRAV4TW101283,6863,"Randy Wise Toyota",blank,"","Woodland","url","url only","url slug ""Woodland""","https://www.randywisetoyota.com/new-Grand+Blanc-2026-Toyota-RAV4-Woodland-2T36CRAV4TW101283"
2T36CRAV4TW101297,7310,"Vancouver Toyota",blank,"","","","still blank","","https://www.vancouvertoyota.com/viewdetails/new/2t36crav4tw101297/2026-toyota-rav4-sport-utility"
2T36CRAV4TW103907,7136,"Orem Toyota",blank,"","Limited","url","url only","url slug ""Limited""","https://www.oremtoyota.com/new-Orem-2026-Toyota-RAV4-Limited-2T36CRAV4TW103907"
2T36CRAV4TW105303,6910,"Markquart Toyota",blank,"","XSE","url","url only","url slug ""XSE""","https://www.markquarttoyota.com/new-Eau+Claire+Area-2026-Toyota-RAV4-XSE-2T36CRAV4TW105303"
2T36CRAV4TW107567,7318,"Toyota of Seattle",blank,"","","","still blank","","https://www.toyotaofseattle.com/viewdetails/new/2t36crav4tw107567/2026-toyota-rav4-sport-utility"
2T36CRAV4TW111232,7136,"Orem Toyota",blank,"","XSE","url","url only","url slug ""XSE""","https://www.oremtoyota.com/new-Orem-2026-Toyota-RAV4-XSE-2T36CRAV4TW111232"
2T36CRAV4TW38J173,7310,"Vancouver Toyota",blank,"","","","still blank","","https://www.vancouvertoyota.com/viewdetails/new/2t36crav4tw38j173/2026-toyota-rav4-sport-utility"
2T36CRAV4TW39E736,6865,"Matick Toyota",blank,"","Woodland","url","url only","url slug ""Woodland""","https://www.maticktoyota.com/new-Macomb-2026-Toyota-RAV4-Woodland-2T36CRAV4TW39E736"
2T36CRAV4TW39F823,7001,"Mark McLarty Toyota",blank,"","XSE","url","url only","url slug ""XSE""","https://www.markmclartytoyota.com/new-North+Little+Rock-2026-Toyota-RAV4-XSE-2T36CRAV4TW39F823"
2T36CRAV4TW39H958,6863,"Randy Wise Toyota",blank,"","SE","url","url only","url slug ""SE""","https://www.randywisetoyota.com/new-Grand+Blanc-2026-Toyota-RAV4-SE-2T36CRAV4TW39H958"
2T36CRAV4TW40F427,7322,"Toyota of Lake City",blank,"","SE","url","url only","url slug ""SE""","https://www.toyotaoflakecity.com/new-Seattle-2026-Toyota-RAV4-SE-2T36CRAV4TW40F427"
2T36CRAV4TW40G464,7310,"Vancouver Toyota",blank,"","","","still blank","","https://www.vancouvertoyota.com/viewdetails/new/2t36crav4tw40g464/2026-toyota-rav4-sport-utility"
2T36CRAV4TW40G805,7331,"I-5 Toyota",blank,"","Limited","url","url only","url slug ""Limited""","https://www.i-5toyota.com/new-Chehalis-2026-Toyota-RAV4-Limited-2T36CRAV4TW40G805"
2T36CRAV4TW40G948,6863,"Randy Wise Toyota",blank,"","Woodland","url","url only","url slug ""Woodland""","https://www.randywisetoyota.com/new-Grand+Blanc-2026-Toyota-RAV4-Woodland-2T36CRAV4TW40G948"
2T36CRAV4TW40J907,6722,"Toyota of Bowling Green",blank,"","","","still blank","","https://www.toyotaofbowlinggreen.com/viewdetails/new/2t36crav4tw40j907/2026-toyota-rav4-sport-utility"
2T36CRAV4TW41F049,7323,"Swickard Toyota",blank,"","SE","url","url only","url slug ""SE""","https://www.swickardtoyota.com/new-Edmonds-2026-Toyota-RAV4-SE-2T36CRAV4TW41F049"
2T36CRAV4TW41F178,7324,"Toyota of Puyallup",blank,"","","","still blank","","https://www.toyotaofpuyallup.com/viewdetails/new/2t36crav4tw41f178/2026-toyota-rav4-sport-utility"
2T36CRAV4TW42G732,7325,"Titus-Will Toyota",blank,"","XSE","url","url only","url slug ""XSE""","https://www.tituswilltoyota.com/new-Tacoma-2026-Toyota-RAV4-XSE-2T36CRAV4TW42G732"
2T36CRAV4TW42H508,7322,"Toyota of Lake City",blank,"","SE","url","url only","url slug ""SE""","https://www.toyotaoflakecity.com/new-Seattle-2026-Toyota-RAV4-SE-2T36CRAV4TW42H508"
2T36CRAV4TW42J042,7323,"Swickard Toyota",blank,"","Woodland","url","url only","url slug ""Woodland""","https://www.swickardtoyota.com/new-Edmonds-2026-Toyota-RAV4-Woodland-2T36CRAV4TW42J042"
2T36CRAV4TW43E846,7324,"Toyota of Puyallup",blank,"","","","still blank","","https://www.toyotaofpuyallup.com/viewdetails/new/2t36crav4tw43e846/2026-toyota-rav4-sport-utility"
2T36CRAV4TW43F530,7322,"Toyota of Lake City",blank,"","Woodland","url","url only","url slug ""Woodland""","https://www.toyotaoflakecity.com/new-Seattle-2026-Toyota-RAV4-Woodland-2T36CRAV4TW43F530"
2T36CRAV4TW43H083,7331,"I-5 Toyota",blank,"","SE","url","url only","url slug ""SE""","https://www.i-5toyota.com/new-Chehalis-2026-Toyota-RAV4-SE-2T36CRAV4TW43H083"
2T36CRAV4TW43J103,6910,"Markquart Toyota",blank,"","Limited","url","url only","url slug ""Limited""","https://www.markquarttoyota.com/new-Eau+Claire+Area-2026-Toyota-RAV4-Limited-2T36CRAV4TW43J103"
2T36CRAV5TC042634,7316,"Michael's Toyota of Bellevue",blank,"","LE","url","url only","url slug ""LE""","https://www.toyotaofbellevue.com/new-Bellevue-2026-Toyota-RAV4-LE-2T36CRAV5TC042634"
2T36CRAV5TC045548,6718,"Roberts Toyota",blank,"","","","still blank","","https://www.robertstoyota.com/viewdetails/new/2t36crav5tc045548/2026-toyota-rav4-sport-utility"
2T36CRAV5TC047655,6315,"Westchester Toyota",blank,"","","","still blank","","https://www.westchestertoyota.com/inventory/new"
2T36CRAV5TC40G085,6868,"Toyota of Grand Rapids",blank,"","XLE Premium","url","url only","url slug ""XLE Premium""","https://www.toyotaofgrandrapids.com/new-Grand+Rapids-2026-Toyota-RAV4-XLE+Premium-2T36CRAV5TC40G085"
2T36CRAV5TC41E669,7324,"Toyota of Puyallup",blank,"","","","still blank","","https://www.toyotaofpuyallup.com/viewdetails/new/2t36crav5tc41e669/2026-toyota-rav4-sport-utility"
2T36CRAV5TC42H938,6736,"Toyota of Jackson",blank,"","LE","url","url only","url slug ""LE""","https://www.toyotaofjackson.com/new-Jackson-2026-Toyota-RAV4-LE-2T36CRAV5TC42H938"
2T36CRAV5TC43F182,7136,"Orem Toyota",blank,"","XLE Premium","url","url only","url slug ""XLE Premium""","https://www.oremtoyota.com/new-Orem-2026-Toyota-RAV4-XLE+Premium-2T36CRAV5TC43F182"
2T36CRAV5TW086776,7337,"Five Star Toyota",blank,"","Woodland","url","url only","url slug ""Woodland""","https://www.fivestartoyota.com/new-Aberdeen-2026-Toyota-RAV4-Woodland-2T36CRAV5TW086776"
2T36CRAV5TW100966,6483,"Koons Toyota Arlington",blank,"","Limited","url","url only","url slug ""Limited""","https://www.koonstoyotaarlington.com/new-Arlington-2026-Toyota-RAV4-Limited-2T36CRAV5TW100966"
2T36CRAV5TW101521,6877,"Billion Toyota",blank,"","Woodland","url","url only","url slug ""Woodland""","https://www.siouxfallstoyota.com/new-Sioux+Falls-2026-Toyota-RAV4-Woodland-2T36CRAV5TW101521"
2T36CRAV5TW102572,6736,"Toyota of Jackson",blank,"","Limited","url","url only","url slug ""Limited""","https://www.toyotaofjackson.com/new-Jackson-2026-Toyota-RAV4-Limited-2T36CRAV5TW102572"
2T36CRAV5TW102684,7324,"Toyota of Puyallup",blank,"","","","still blank","","https://www.toyotaofpuyallup.com/viewdetails/new/2t36crav5tw102684/2026-toyota-rav4-sport-utility"
2T36CRAV5TW103284,6910,"Markquart Toyota",blank,"","SE","url","url only","url slug ""SE""","https://www.markquarttoyota.com/new-Eau+Claire+Area-2026-Toyota-RAV4-SE-2T36CRAV5TW103284"
2T36CRAV5TW106475,7136,"Orem Toyota",blank,"","Woodland","url","url only","url slug ""Woodland""","https://www.oremtoyota.com/new-Orem-2026-Toyota-RAV4-Woodland-2T36CRAV5TW106475"
2T36CRAV5TW109294,6910,"Markquart Toyota",blank,"","Limited","url","url only","url slug ""Limited""","https://www.markquarttoyota.com/new-Eau+Claire+Area-2026-Toyota-RAV4-Limited-2T36CRAV5TW109294"
2T36CRAV5TW38E460,6755,"Toyota South",blank,"","Limited","url","url only","url slug ""Limited""","https://www.toyotasouth.com/new-Richmond+-2026-Toyota-RAV4-Limited-2T36CRAV5TW38E460"
2T36CRAV5TW38E779,7260,"Modesto Toyota",blank,"","","","still blank","","https://modestotoyota.autogo.ai/vehicle/New/2026/Toyota/RAV4/2T36CRAV5TW38E779/"
2T36CRAV5TW38F348,6865,"Matick Toyota",blank,"","SE","url","url only","url slug ""SE""","https://www.maticktoyota.com/new-Macomb-2026-Toyota-RAV4-SE-2T36CRAV5TW38F348"
2T36CRAV5TW38G094,6877,"Billion Toyota",blank,"","XSE","url","url only","url slug ""XSE""","https://www.siouxfallstoyota.com/new-Sioux+Falls-2026-Toyota-RAV4-XSE-2T36CRAV5TW38G094"
2T36CRAV5TW39F376,6722,"Toyota of Bowling Green",blank,"","","","still blank","","https://www.toyotaofbowlinggreen.com/viewdetails/new/2t36crav5tw39f376/2026-toyota-rav4-sport-utility"
2T36CRAV5TW40E321,6755,"Toyota South",blank,"","Woodland","url","url only","url slug ""Woodland""","https://www.toyotasouth.com/new-Richmond+-2026-Toyota-RAV4-Woodland-2T36CRAV5TW40E321"
2T36CRAV5TW40F243,6718,"Roberts Toyota",blank,"","","","still blank","","https://www.robertstoyota.com/viewdetails/new/2t36crav5tw40f243/2026-toyota-rav4-sport-utility"
2T36CRAV5TW40J236,7324,"Toyota of Puyallup",blank,"","","","still blank","","https://www.toyotaofpuyallup.com/viewdetails/new/2t36crav5tw40j236/2026-toyota-rav4-sport-utility"
2T36CRAV5TW41D584,7310,"Vancouver Toyota",blank,"","","","still blank","","https://www.vancouvertoyota.com/viewdetails/new/2t36crav5tw41d584/2026-toyota-rav4-sport-utility"
2T36CRAV5TW41D942,7260,"Modesto Toyota",blank,"","","","still blank","","https://modestotoyota.autogo.ai/vehicle/New/2026/Toyota/RAV4/2T36CRAV5TW41D942/"
2T36CRAV5TW41F710,6755,"Toyota South",blank,"","Woodland","url","url only","url slug ""Woodland""","https://www.toyotasouth.com/new-Richmond+-2026-Toyota-RAV4-Woodland-2T36CRAV5TW41F710"
2T36CRAV5TW41G100,7324,"Toyota of Puyallup",blank,"","","","still blank","","https://www.toyotaofpuyallup.com/viewdetails/new/2t36crav5tw41g100/2026-toyota-rav4-sport-utility"
2T36CRAV5TW41H540,7322,"Toyota of Lake City",blank,"","SE","url","url only","url slug ""SE""","https://www.toyotaoflakecity.com/new-Seattle-2026-Toyota-RAV4-SE-2T36CRAV5TW41H540"
2T36CRAV5TW42E374,7324,"Toyota of Puyallup",blank,"","","","still blank","","https://www.toyotaofpuyallup.com/viewdetails/new/2t36crav5tw42e374/2026-toyota-rav4-sport-utility"
2T36CRAV5TW42E410,7322,"Toyota of Lake City",blank,"","Woodland","url","url only","url slug ""Woodland""","https://www.toyotaoflakecity.com/new-Seattle-2026-Toyota-RAV4-Woodland-2T36CRAV5TW42E410"
2T36CRAV5TW42G657,7323,"Swickard Toyota",blank,"","XSE","url","url only","url slug ""XSE""","https://www.swickardtoyota.com/new-Edmonds-2026-Toyota-RAV4-XSE-2T36CRAV5TW42G657"
2T36CRAV5TW42H016,7322,"Toyota of Lake City",blank,"","Woodland","url","url only","url slug ""Woodland""","https://www.toyotaoflakecity.com/new-Seattle-2026-Toyota-RAV4-Woodland-2T36CRAV5TW42H016"
2T36CRAV5TW43H156,7310,"Vancouver Toyota",blank,"","","","still blank","","https://www.vancouvertoyota.com/viewdetails/new/2t36crav5tw43h156/2026-toyota-rav4-sport-utility"
2T36CRAV5TW45G192,6718,"Roberts Toyota",blank,"","","","still blank","","https://www.robertstoyota.com/viewdetails/new/2t36crav5tw45g192/2026-toyota-rav4-sport-utility"
2T36CRAV6TC017368,7001,"Mark McLarty Toyota",blank,"","XLE Premium","url","url only","url slug ""XLE Premium""","https://www.markmclartytoyota.com/new-North+Little+Rock-2026-Toyota-RAV4-XLE+Premium-2T36CRAV6TC017368"
2T36CRAV6TC041136,7316,"Michael's Toyota of Bellevue",blank,"","XLE Premium","url","url only","url slug ""XLE Premium""","https://www.toyotaofbellevue.com/new-Bellevue-2026-Toyota-RAV4-XLE+Premium-2T36CRAV6TC041136"
2T36CRAV6TC044246,6910,"Markquart Toyota",blank,"","XLE Premium","url","url only","url slug ""XLE Premium""","https://www.markquarttoyota.com/new-Eau+Claire+Area-2026-Toyota-RAV4-XLE+Premium-2T36CRAV6TC044246"
2T36CRAV6TC045591,6938,"Smart Toyota of Quad Cities",blank,"","","","still blank","","https://www.smarttoyotaqc.com/inventory/new"
2T36CRAV6TC41E499,7260,"Modesto Toyota",blank,"","","","still blank","","https://modestotoyota.autogo.ai/vehicle/New/2026/Toyota/RAV4/2T36CRAV6TC41E499/"
2T36CRAV6TC41H368,6736,"Toyota of Jackson",blank,"","LE","url","url only","url slug ""LE""","https://www.toyotaofjackson.com/new-Jackson-2026-Toyota-RAV4-LE-2T36CRAV6TC41H368"
2T36CRAV6TW064382,7316,"Michael's Toyota of Bellevue",blank,"","Woodland","url","url only","url slug ""Woodland""","https://www.toyotaofbellevue.com/used-Bellevue-2026-Toyota-RAV4-Woodland-2T36CRAV6TW064382"
2T36CRAV6TW100569,6718,"Roberts Toyota",blank,"","","","still blank","","https://www.robertstoyota.com/viewdetails/new/2t36crav6tw100569/2026-toyota-rav4-sport-utility"
2T36CRAV6TW102662,7316,"Michael's Toyota of Bellevue",blank,"","SE","url","url only","url slug ""SE""","https://www.toyotaofbellevue.com/new-Bellevue-2026-Toyota-RAV4-SE-2T36CRAV6TW102662"
2T36CRAV6TW103309,6722,"Toyota of Bowling Green",blank,"","","","still blank","","https://www.toyotaofbowlinggreen.com/viewdetails/new/2t36crav6tw103309/2026-toyota-rav4-sport-utility"
2T36CRAV6TW103584,6718,"Roberts Toyota",blank,"","","","still blank","","https://www.robertstoyota.com/viewdetails/new/2t36crav6tw103584/2026-toyota-rav4-sport-utility"
2T36CRAV6TW104234,7001,"Mark McLarty Toyota",blank,"","XSE","url","url only","url slug ""XSE""","https://www.markmclartytoyota.com/new-North+Little+Rock-2026-Toyota-RAV4-XSE-2T36CRAV6TW104234"
2T36CRAV6TW105383,6771,"Don Moore Toyota",blank,"","XSE","url","url only","url slug ""XSE""","https://www.donmooretoyota.com/new-Owensboro-2026-Toyota-RAV4-XSE-2T36CRAV6TW105383"
2T36CRAV6TW105772,7310,"Vancouver Toyota",blank,"","","","still blank","","https://www.vancouvertoyota.com/viewdetails/new/2t36crav6tw105772/2026-toyota-rav4-sport-utility"
2T36CRAV6TW108414,6894,"Bergstrom Toyota",blank,"","XLE Premium","url","url only","url slug ""XLE Premium""","https://www.bergstromtoyota.com/new-Oshkosh-2026-Toyota-RAV4-XLE+Premium-2T36CRAV6TW108414"
2T36CRAV6TW110440,7136,"Orem Toyota",blank,"","XLE Premium","url","url only","url slug ""XLE Premium""","https://www.oremtoyota.com/new-Orem-2026-Toyota-RAV4-XLE+Premium-2T36CRAV6TW110440"
2T36CRAV6TW111006,7136,"Orem Toyota",blank,"","XSE","url","url only","url slug ""XSE""","https://www.oremtoyota.com/new-Orem-2026-Toyota-RAV4-XSE-2T36CRAV6TW111006"
2T36CRAV6TW114021,6406,"Toyota of Erie",blank,"","","","still blank","","https://www.toyotaoferie.com/inventory/new"
2T36CRAV6TW36F688,7008,"Doggett Toyota of Beaumont",blank,"","","","still blank","","https://www.doggetttoyotabeaumont.com/vehicle/New/2026/Toyota/RAV4/2T36CRAV6TW36F688/"
2T36CRAV6TW38H447,7337,"Five Star Toyota",blank,"","XSE","url","url only","url slug ""XSE""","https://www.fivestartoyota.com/new-Aberdeen-2026-Toyota-RAV4-XSE-2T36CRAV6TW38H447"
2T36CRAV6TW38H870,6877,"Billion Toyota",blank,"","XLE Premium","url","url only","url slug ""XLE Premium""","https://www.siouxfallstoyota.com/new-Sioux+Falls-2026-Toyota-RAV4-XLE+Premium-2T36CRAV6TW38H870"
2T36CRAV6TW38J255,6865,"Matick Toyota",blank,"","SE","url","url only","url slug ""SE""","https://www.maticktoyota.com/new-Macomb-2026-Toyota-RAV4-SE-2T36CRAV6TW38J255"
2T36CRAV6TW39H721,6868,"Toyota of Grand Rapids",blank,"","XLE Premium","url","url only","url slug ""XLE Premium""","https://www.toyotaofgrandrapids.com/new-Grand+Rapids-2026-Toyota-RAV4-XLE+Premium-2T36CRAV6TW39H721"
2T36CRAV6TW39J252,6722,"Toyota of Bowling Green",blank,"","","","still blank","","https://www.toyotaofbowlinggreen.com/viewdetails/new/2t36crav6tw39j252/2026-toyota-rav4-sport-utility"
2T36CRAV6TW40G479,7310,"Vancouver Toyota",blank,"","","","still blank","","https://www.vancouvertoyota.com/viewdetails/new/2t36crav6tw40g479/2026-toyota-rav4-sport-utility"
2T36CRAV6TW40H020,6863,"Randy Wise Toyota",blank,"","Woodland","url","url only","url slug ""Woodland""","https://www.randywisetoyota.com/new-Grand+Blanc-2026-Toyota-RAV4-Woodland-2T36CRAV6TW40H020"
2T36CRAV6TW41E419,6722,"Toyota of Bowling Green",blank,"","","","still blank","","https://www.toyotaofbowlinggreen.com/viewdetails/new/2t36crav6tw41e419/2026-toyota-rav4-sport-utility"
2T36CRAV6TW41G400,6865,"Matick Toyota",blank,"","XLE Premium","url","url only","url slug ""XLE Premium""","https://www.maticktoyota.com/new-Macomb-2026-Toyota-RAV4-XLE+Premium-2T36CRAV6TW41G400"
2T36CRAV6TW41H644,7323,"Swickard Toyota",blank,"","SE","url","url only","url slug ""SE""","https://www.swickardtoyota.com/new-Edmonds-2026-Toyota-RAV4-SE-2T36CRAV6TW41H644"
2T36CRAV6TW41H918,6722,"Toyota of Bowling Green",blank,"","","","still blank","","https://www.toyotaofbowlinggreen.com/viewdetails/new/2t36crav6tw41h918/2026-toyota-rav4-sport-utility"
2T36CRAV6TW42E822,7323,"Swickard Toyota",blank,"","SE","url","url only","url slug ""SE""","https://www.swickardtoyota.com/new-Edmonds-2026-Toyota-RAV4-SE-2T36CRAV6TW42E822"
2T36CRAV6TW42G263,6894,"Bergstrom Toyota",blank,"","XLE Premium","url","url only","url slug ""XLE Premium""","https://www.bergstromtoyota.com/new-Oshkosh-2026-Toyota-RAV4-XLE+Premium-2T36CRAV6TW42G263"
2T36CRAV6TW42G618,7324,"Toyota of Puyallup",blank,"","","","still blank","","https://www.toyotaofpuyallup.com/viewdetails/new/2t36crav6tw42g618/2026-toyota-rav4-sport-utility"
2T36CRAV6TW42H400,7322,"Toyota of Lake City",blank,"","SE","url","url only","url slug ""SE""","https://www.toyotaoflakecity.com/new-Seattle-2026-Toyota-RAV4-SE-2T36CRAV6TW42H400"
2T36CRAV6TW42H459,7324,"Toyota of Puyallup",blank,"","","","still blank","","https://www.toyotaofpuyallup.com/viewdetails/new/2t36crav6tw42h459/2026-toyota-rav4-sport-utility"
2T36CRAV6TW43E881,7136,"Orem Toyota",blank,"","XLE Premium","url","url only","url slug ""XLE Premium""","https://www.oremtoyota.com/new-Orem-2026-Toyota-RAV4-XLE+Premium-2T36CRAV6TW43E881"
2T36CRAV6TW43G307,7136,"Orem Toyota",blank,"","SE","url","url only","url slug ""SE""","https://www.oremtoyota.com/new-Orem-2026-Toyota-RAV4-SE-2T36CRAV6TW43G307"
2T36CRAV6TW43G369,7325,"Titus-Will Toyota",blank,"","Limited","url","url only","url slug ""Limited""","https://www.tituswilltoyota.com/new-Tacoma-2026-Toyota-RAV4-Limited-2T36CRAV6TW43G369"
2T36CRAV6TW44E469,6718,"Roberts Toyota",blank,"","","","still blank","","https://www.robertstoyota.com/viewdetails/new/2t36crav6tw44e469/2026-toyota-rav4-sport-utility"
2T36CRAV7TC042733,6483,"Koons Toyota Arlington",blank,"","LE","url","url only","url slug ""LE""","https://www.koonstoyotaarlington.com/new-Arlington-2026-Toyota-RAV4-LE-2T36CRAV7TC042733"
2T36CRAV7TC042926,7260,"Modesto Toyota",blank,"","","","still blank","","https://modestotoyota.autogo.ai/vehicle/New/2026/Toyota/RAV4/2T36CRAV7TC042926/"
2T36CRAV7TC045308,6863,"Randy Wise Toyota",blank,"","LE","url","url only","url slug ""LE""","https://www.randywisetoyota.com/new-Grand+Blanc-2026-Toyota-RAV4-LE-2T36CRAV7TC045308"
2T36CRAV7TC35F835,7008,"Doggett Toyota of Beaumont",blank,"","","","still blank","","https://www.doggetttoyotabeaumont.com/vehicle/New/2026/Toyota/RAV4/2T36CRAV7TC35F835/"
2T36CRAV7TC38F739,6858,"Page Toyota",blank,"","","","still blank","","https://www.pagetoyota.com/viewdetails/new/2t36crav7tc38f739/2026-toyota-rav4-sport-utility"
2T36CRAV7TC40H237,6722,"Toyota of Bowling Green",blank,"","","","still blank","","https://www.toyotaofbowlinggreen.com/viewdetails/new/2t36crav7tc40h237/2026-toyota-rav4-sport-utility"
2T36CRAV7TC42F298,7310,"Vancouver Toyota",blank,"","","","still blank","","https://www.vancouvertoyota.com/viewdetails/new/2t36crav7tc42f298/2026-toyota-rav4-sport-utility"
2T36CRAV7TC43H418,7136,"Orem Toyota",blank,"","LE","url","url only","url slug ""LE""","https://www.oremtoyota.com/new-Orem-2026-Toyota-RAV4-LE-2T36CRAV7TC43H418"
2T36CRAV7TW015482,2671,"RIVERSIDE NISSAN MARQUETTE",blank,"","","","still blank","","https://www.marquettenissan.com/used/Toyota/2026-Toyota-RAV4-880343ccac183ebd3175949faed2819c.htm"
2T36CRAV7TW015482,10479,"RIVERSIDE NISSAN MARQUETTE",blank,"","","","still blank","","https://www.marquettenissan.com/used/Toyota/2026-Toyota-RAV4-880343ccac183ebd3175949faed2819c.htm"
2T36CRAV7TW015482,17378,"RIVERSIDE NISSAN MARQUETTE",blank,"","","","still blank","","https://www.marquettenissan.com/used/Toyota/2026-Toyota-RAV4-880343ccac183ebd3175949faed2819c.htm"
2T36CRAV7TW098038,6894,"Bergstrom Toyota",blank,"","Limited","url","url only","url slug ""Limited""","https://www.bergstromtoyota.com/new-Oshkosh-2026-Toyota-RAV4-Limited-2T36CRAV7TW098038"
2T36CRAV7TW099058,7316,"Michael's Toyota of Bellevue",blank,"","XLE Premium","url","url only","url slug ""XLE Premium""","https://www.toyotaofbellevue.com/new-Bellevue-2026-Toyota-RAV4-XLE+Premium-2T36CRAV7TW099058"
2T36CRAV7TW100273,7322,"Toyota of Lake City",blank,"","XLE Premium","url","url only","url slug ""XLE Premium""","https://www.toyotaoflakecity.com/new-Seattle-2026-Toyota-RAV4-XLE+Premium-2T36CRAV7TW100273"
2T36CRAV7TW106235,6910,"Markquart Toyota",blank,"","Limited","url","url only","url slug ""Limited""","https://www.markquarttoyota.com/new-Eau+Claire+Area-2026-Toyota-RAV4-Limited-2T36CRAV7TW106235"
2T36CRAV7TW106610,7322,"Toyota of Lake City",blank,"","Woodland","url","url only","url slug ""Woodland""","https://www.toyotaoflakecity.com/new-Seattle-2026-Toyota-RAV4-Woodland-2T36CRAV7TW106610"
2T36CRAV7TW107286,6722,"Toyota of Bowling Green",blank,"","","","still blank","","https://www.toyotaofbowlinggreen.com/viewdetails/new/2t36crav7tw107286/2026-toyota-rav4-sport-utility"
2T36CRAV7TW107336,7316,"Michael's Toyota of Bellevue",blank,"","Limited","url","url only","url slug ""Limited""","https://www.toyotaofbellevue.com/new-Bellevue-2026-Toyota-RAV4-Limited-2T36CRAV7TW107336"
2T36CRAV7TW107790,6736,"Toyota of Jackson",blank,"","Limited","url","url only","url slug ""Limited""","https://www.toyotaofjackson.com/new-Jackson-2026-Toyota-RAV4-Limited-2T36CRAV7TW107790"
2T36CRAV7TW107871,6722,"Toyota of Bowling Green",blank,"","","","still blank","","https://www.toyotaofbowlinggreen.com/viewdetails/new/2t36crav7tw107871/2026-toyota-rav4-sport-utility"
2T36CRAV7TW108180,7136,"Orem Toyota",blank,"","SE","url","url only","url slug ""SE""","https://www.oremtoyota.com/new-Orem-2026-Toyota-RAV4-SE-2T36CRAV7TW108180"
2T36CRAV7TW110978,7331,"I-5 Toyota",blank,"","Woodland","url","url only","url slug ""Woodland""","https://www.i-5toyota.com/new-Chehalis-2026-Toyota-RAV4-Woodland-2T36CRAV7TW110978"
2T36CRAV7TW39G013,7076,"Gulf Coast Toyota",blank,"","","","still blank","","https://www.gulfcoasttoyota.com/viewdetails/new/2t36crav7tw39g013/2026-toyota-rav4-sport-utility"
2T36CRAV7TW39J017,6722,"Toyota of Bowling Green",blank,"","","","still blank","","https://www.toyotaofbowlinggreen.com/viewdetails/new/2t36crav7tw39j017/2026-toyota-rav4-sport-utility"
2T36CRAV7TW40F261,7310,"Vancouver Toyota",blank,"","","","still blank","","https://www.vancouvertoyota.com/viewdetails/new/2t36crav7tw40f261/2026-toyota-rav4-sport-utility"
2T36CRAV7TW40F468,7323,"Swickard Toyota",blank,"","SE","url","url only","url slug ""SE""","https://www.swickardtoyota.com/new-Edmonds-2026-Toyota-RAV4-SE-2T36CRAV7TW40F468"
2T36CRAV7TW40F566,7310,"Vancouver Toyota",blank,"","","","still blank","","https://www.vancouvertoyota.com/viewdetails/new/2t36crav7tw40f566/2026-toyota-rav4-sport-utility"
2T36CRAV7TW40G751,7310,"Vancouver Toyota",blank,"","","","still blank","","https://www.vancouvertoyota.com/viewdetails/new/2t36crav7tw40g751/2026-toyota-rav4-sport-utility"
2T36CRAV7TW40J769,7310,"Vancouver Toyota",blank,"","","","still blank","","https://www.vancouvertoyota.com/viewdetails/new/2t36crav7tw40j769/2026-toyota-rav4-sport-utility"
2T36CRAV7TW41E137,7322,"Toyota of Lake City",blank,"","LE","url","url only","url slug ""LE""","https://www.toyotaoflakecity.com/new-Seattle-2026-Toyota-RAV4-LE-2T36CRAV7TW41E137"
2T36CRAV7TW41E364,7310,"Vancouver Toyota",blank,"","","","still blank","","https://www.vancouvertoyota.com/viewdetails/new/2t36crav7tw41e364/2026-toyota-rav4-sport-utility"
2T36CRAV7TW41E400,6910,"Markquart Toyota",blank,"","SE","url","url only","url slug ""SE""","https://www.markquarttoyota.com/new-Eau+Claire+Area-2026-Toyota-RAV4-SE-2T36CRAV7TW41E400"
2T36CRAV7TW41F045,6722,"Toyota of Bowling Green",blank,"","","","still blank","","https://www.toyotaofbowlinggreen.com/viewdetails/new/2t36crav7tw41f045/2026-toyota-rav4-sport-utility"
2T36CRAV7TW41F157,7324,"Toyota of Puyallup",blank,"","","","still blank","","https://www.toyotaofpuyallup.com/viewdetails/new/2t36crav7tw41f157/2026-toyota-rav4-sport-utility"
2T36CRAV7TW41F921,7310,"Vancouver Toyota",blank,"","","","still blank","","https://www.vancouvertoyota.com/viewdetails/new/2t36crav7tw41f921/2026-toyota-rav4-sport-utility"
2T36CRAV7TW41H653,7324,"Toyota of Puyallup",blank,"","","","still blank","","https://www.toyotaofpuyallup.com/viewdetails/new/2t36crav7tw41h653/2026-toyota-rav4-sport-utility"
2T36CRAV7TW42F901,7322,"Toyota of Lake City",blank,"","SE","url","url only","url slug ""SE""","https://www.toyotaoflakecity.com/new-Seattle-2026-Toyota-RAV4-SE-2T36CRAV7TW42F901"
2T36CRAV7TW42G658,7323,"Swickard Toyota",blank,"","XSE","url","url only","url slug ""XSE""","https://www.swickardtoyota.com/new-Edmonds-2026-Toyota-RAV4-XSE-2T36CRAV7TW42G658"
2T36CRAV7TW42H406,7323,"Swickard Toyota",blank,"","SE","url","url only","url slug ""SE""","https://www.swickardtoyota.com/new-Edmonds-2026-Toyota-RAV4-SE-2T36CRAV7TW42H406"
2T36CRAV7TW42J424,6910,"Markquart Toyota",blank,"","Woodland","url","url only","url slug ""Woodland""","https://www.markquarttoyota.com/new-Eau+Claire+Area-2026-Toyota-RAV4-Woodland-2T36CRAV7TW42J424"
2T36CRAV7TW43G722,7310,"Vancouver Toyota",blank,"","","","still blank","","https://www.vancouvertoyota.com/viewdetails/new/2t36crav7tw43g722/2026-toyota-rav4-sport-utility"
2T36CRAV7TW43J029,7322,"Toyota of Lake City",blank,"","Limited","url","url only","url slug ""Limited""","https://www.toyotaoflakecity.com/new-Seattle-2026-Toyota-RAV4-Limited-2T36CRAV7TW43J029"
2T36CRAV8TC015587,7316,"Michael's Toyota of Bellevue",blank,"","XLE Premium","url","url only","url slug ""XLE Premium""","https://www.toyotaofbellevue.com/used-Bellevue-2026-Toyota-RAV4-XLE+Premium-2T36CRAV8TC015587"
2T36CRAV8TC041686,7322,"Toyota of Lake City",blank,"","XLE Premium","url","url only","url slug ""XLE Premium""","https://www.toyotaoflakecity.com/new-Seattle-2026-Toyota-RAV4-XLE+Premium-2T36CRAV8TC041686"
2T36CRAV8TC40E783,7337,"Five Star Toyota",blank,"","LE","url","url only","url slug ""LE""","https://www.fivestartoyota.com/new-Aberdeen-2026-Toyota-RAV4-LE-2T36CRAV8TC40E783"
2T36CRAV8TW099036,7324,"Toyota of Puyallup",blank,"","","","still blank","","https://www.toyotaofpuyallup.com/viewdetails/new/2t36crav8tw099036/2026-toyota-rav4-sport-utility"
2T36CRAV8TW101058,7310,"Vancouver Toyota",blank,"","","","still blank","","https://www.vancouvertoyota.com/viewdetails/new/2t36crav8tw101058/2026-toyota-rav4-sport-utility"
2T36CRAV8TW106261,7322,"Toyota of Lake City",blank,"","XLE Premium","url","url only","url slug ""XLE Premium""","https://www.toyotaoflakecity.com/new-Seattle-2026-Toyota-RAV4-XLE+Premium-2T36CRAV8TW106261"
2T36CRAV8TW108432,7136,"Orem Toyota",blank,"","Limited","url","url only","url slug ""Limited""","https://www.oremtoyota.com/new-Orem-2026-Toyota-RAV4-Limited-2T36CRAV8TW108432"
2T36CRAV8TW108950,7310,"Vancouver Toyota",blank,"","","","still blank","","https://www.vancouvertoyota.com/viewdetails/new/2t36crav8tw108950/2026-toyota-rav4-sport-utility"
2T36CRAV8TW38H448,7337,"Five Star Toyota",blank,"","XSE","url","url only","url slug ""XSE""","https://www.fivestartoyota.com/new-Aberdeen-2026-Toyota-RAV4-XSE-2T36CRAV8TW38H448"
2T36CRAV8TW38J497,6722,"Toyota of Bowling Green",blank,"","","","still blank","","https://www.toyotaofbowlinggreen.com/viewdetails/new/2t36crav8tw38j497/2026-toyota-rav4-sport-utility"
2T36CRAV8TW39E738,6868,"Toyota of Grand Rapids",blank,"","XSE","url","url only","url slug ""XSE""","https://www.toyotaofgrandrapids.com/new-Grand+Rapids-2026-Toyota-RAV4-XSE-2T36CRAV8TW39E738"
2T36CRAV8TW39F078,7331,"I-5 Toyota",blank,"","Limited","url","url only","url slug ""Limited""","https://www.i-5toyota.com/new-Chehalis-2026-Toyota-RAV4-Limited-2T36CRAV8TW39F078"
2T36CRAV8TW39F582,6910,"Markquart Toyota",blank,"","Limited","url","url only","url slug ""Limited""","https://www.markquarttoyota.com/new-Eau+Claire+Area-2026-Toyota-RAV4-Limited-2T36CRAV8TW39F582"
2T36CRAV8TW39G084,7322,"Toyota of Lake City",blank,"","Woodland","url","url only","url slug ""Woodland""","https://www.toyotaoflakecity.com/new-Seattle-2026-Toyota-RAV4-Woodland-2T36CRAV8TW39G084"
2T36CRAV8TW39J219,6771,"Don Moore Toyota",blank,"","Limited","url","url only","url slug ""Limited""","https://www.donmooretoyota.com/new-Owensboro-2026-Toyota-RAV4-Limited-2T36CRAV8TW39J219"
2T36CRAV8TW40G693,6722,"Toyota of Bowling Green",blank,"","","","still blank","","https://www.toyotaofbowlinggreen.com/viewdetails/new/2t36crav8tw40g693/2026-toyota-rav4-sport-utility"
2T36CRAV8TW41D627,6718,"Roberts Toyota",blank,"","","","still blank","","https://www.robertstoyota.com/viewdetails/new/2t36crav8tw41d627/2026-toyota-rav4-sport-utility"
2T36CRAV8TW41E289,6865,"Matick Toyota",blank,"","SE","url","url only","url slug ""SE""","https://www.maticktoyota.com/new-Macomb-2026-Toyota-RAV4-SE-2T36CRAV8TW41E289"
2T36CRAV8TW41F152,7310,"Vancouver Toyota",blank,"","","","still blank","","https://www.vancouvertoyota.com/viewdetails/new/2t36crav8tw41f152/2026-toyota-rav4-sport-utility"
2T36CRAV8TW41H645,6865,"Matick Toyota",blank,"","SE","url","url only","url slug ""SE""","https://www.maticktoyota.com/new-Macomb-2026-Toyota-RAV4-SE-2T36CRAV8TW41H645"
2T36CRAV8TW42E353,6718,"Roberts Toyota",blank,"","","","still blank","","https://www.robertstoyota.com/viewdetails/new/2t36crav8tw42e353/2026-toyota-rav4-sport-utility"
2T36CRAV8TW42E580,6910,"Markquart Toyota",blank,"","XLE Premium","url","url only","url slug ""XLE Premium""","https://www.markquarttoyota.com/new-Eau+Claire+Area-2026-Toyota-RAV4-XLE+Premium-2T36CRAV8TW42E580"
2T36CRAV8TW42H513,7136,"Orem Toyota",blank,"","SE","url","url only","url slug ""SE""","https://www.oremtoyota.com/new-Orem-2026-Toyota-RAV4-SE-2T36CRAV8TW42H513"
2T36CRAV8TW43F563,6910,"Markquart Toyota",blank,"","Woodland","url","url only","url slug ""Woodland""","https://www.markquarttoyota.com/new-Eau+Claire+Area-2026-Toyota-RAV4-Woodland-2T36CRAV8TW43F563"
2T36CRAV8TW43H698,6722,"Toyota of Bowling Green",blank,"","","","still blank","","https://www.toyotaofbowlinggreen.com/viewdetails/new/2t36crav8tw43h698/2026-toyota-rav4-sport-utility"
2T36CRAV8TW43K111,6894,"Bergstrom Toyota",blank,"","Woodland","url","url only","url slug ""Woodland""","https://www.bergstromtoyota.com/new-Oshkosh-2026-Toyota-RAV4-Woodland-2T36CRAV8TW43K111"
2T36CRAV9TC045309,6863,"Randy Wise Toyota",blank,"","LE","url","url only","url slug ""LE""","https://www.randywisetoyota.com/new-Grand+Blanc-2026-Toyota-RAV4-LE-2T36CRAV9TC045309"
2T36CRAV9TC38G696,6877,"Billion Toyota",blank,"","LE","url","url only","url slug ""LE""","https://www.siouxfallstoyota.com/new-Sioux+Falls-2026-Toyota-RAV4-LE-2T36CRAV9TC38G696"
2T36CRAV9TC39E202,7260,"Modesto Toyota",blank,"","","","still blank","","https://modestotoyota.autogo.ai/vehicle/New/2026/Toyota/RAV4/2T36CRAV9TC39E202/"
2T36CRAV9TC40E677,7322,"Toyota of Lake City",blank,"","XLE Premium","url","url only","url slug ""XLE Premium""","https://www.toyotaoflakecity.com/new-Seattle-2026-Toyota-RAV4-XLE+Premium-2T36CRAV9TC40E677"
2T36CRAV9TC41G652,6858,"Page Toyota",blank,"","","","still blank","","https://www.pagetoyota.com/viewdetails/new/2t36crav9tc41g652/2026-toyota-rav4-sport-utility"
2T36CRAV9TC42F741,7310,"Vancouver Toyota",blank,"","","","still blank","","https://www.vancouvertoyota.com/viewdetails/new/2t36crav9tc42f741/2026-toyota-rav4-sport-utility"
2T36CRAV9TC43F850,7260,"Modesto Toyota",blank,"","","","still blank","","https://modestotoyota.autogo.ai/vehicle/New/2026/Toyota/RAV4/2T36CRAV9TC43F850/"
2T36CRAV9TW009201,6858,"Page Toyota",blank,"","","","still blank","","https://www.pagetoyota.com/viewdetails/used/2t36crav9tw009201/2026-toyota-rav4-sport-utility"
2T36CRAV9TW012468,6858,"Page Toyota",blank,"","","","still blank","","https://www.pagetoyota.com/viewdetails/used/2t36crav9tw012468/2026-toyota-rav4-sport-utility"
2T36CRAV9TW012826,6858,"Page Toyota",blank,"","","","still blank","","https://www.pagetoyota.com/viewdetails/used/2t36crav9tw012826/2026-toyota-rav4-sport-utility"
2T36CRAV9TW097201,6722,"Toyota of Bowling Green",blank,"","","","still blank","","https://www.toyotaofbowlinggreen.com/viewdetails/new/2t36crav9tw097201/2026-toyota-rav4-sport-utility"
2T36CRAV9TW100663,7136,"Orem Toyota",blank,"","XLE Premium","url","url only","url slug ""XLE Premium""","https://www.oremtoyota.com/new-Orem-2026-Toyota-RAV4-XLE+Premium-2T36CRAV9TW100663"
2T36CRAV9TW100985,6736,"Toyota of Jackson",blank,"","XSE","url","url only","url slug ""XSE""","https://www.toyotaofjackson.com/new-Jackson-2026-Toyota-RAV4-XSE-2T36CRAV9TW100985"
2T36CRAV9TW102817,7310,"Vancouver Toyota",blank,"","","","still blank","","https://www.vancouvertoyota.com/viewdetails/new/2t36crav9tw102817/2026-toyota-rav4-sport-utility"
2T36CRAV9TW103563,7323,"Swickard Toyota",blank,"","Limited","url","url only","url slug ""Limited""","https://www.swickardtoyota.com/new-Edmonds-2026-Toyota-RAV4-Limited-2T36CRAV9TW103563"
2T36CRAV9TW104177,7323,"Swickard Toyota",blank,"","Limited","url","url only","url slug ""Limited""","https://www.swickardtoyota.com/new-Edmonds-2026-Toyota-RAV4-Limited-2T36CRAV9TW104177"
2T36CRAV9TW107046,7260,"Modesto Toyota",blank,"","","","still blank","","https://modestotoyota.autogo.ai/vehicle/New/2026/Toyota/RAV4/2T36CRAV9TW107046/"
2T36CRAV9TW107094,6910,"Markquart Toyota",blank,"","SE","url","url only","url slug ""SE""","https://www.markquarttoyota.com/new-Eau+Claire+Area-2026-Toyota-RAV4-SE-2T36CRAV9TW107094"
2T36CRAV9TW109945,6771,"Don Moore Toyota",blank,"","Limited","url","url only","url slug ""Limited""","https://www.donmooretoyota.com/new-Owensboro-2026-Toyota-RAV4-Limited-2T36CRAV9TW109945"
2T36CRAV9TW110495,7260,"Modesto Toyota",blank,"","","","still blank","","https://modestotoyota.autogo.ai/vehicle/New/2026/Toyota/RAV4/2T36CRAV9TW110495/"
2T36CRAV9TW111310,6295,"Westbrook Toyota",blank,"","","","still blank","","https://www.westbrooktoyota.com/inventory/new"
2T36CRAV9TW111341,7136,"Orem Toyota",blank,"","Limited","url","url only","url slug ""Limited""","https://www.oremtoyota.com/new-Orem-2026-Toyota-RAV4-Limited-2T36CRAV9TW111341"
2T36CRAV9TW38F465,7324,"Toyota of Puyallup",blank,"","","","still blank","","https://www.toyotaofpuyallup.com/viewdetails/new/2t36crav9tw38f465/2026-toyota-rav4-sport-utility"
2T36CRAV9TW39H311,7001,"Mark McLarty Toyota",blank,"","Limited","url","url only","url slug ""Limited""","https://www.markmclartytoyota.com/new-North+Little+Rock-2026-Toyota-RAV4-Limited-2T36CRAV9TW39H311"
2T36CRAV9TW40F553,7310,"Vancouver Toyota",blank,"","","","still blank","","https://www.vancouvertoyota.com/viewdetails/new/2t36crav9tw40f553/2026-toyota-rav4-sport-utility"
2T36CRAV9TW40J840,6910,"Markquart Toyota",blank,"","Limited","url","url only","url slug ""Limited""","https://www.markquarttoyota.com/new-Eau+Claire+Area-2026-Toyota-RAV4-Limited-2T36CRAV9TW40J840"
2T36CRAV9TW41D670,6858,"Page Toyota",blank,"","","","still blank","","https://www.pagetoyota.com/viewdetails/new/2t36crav9tw41d670/2026-toyota-rav4-sport-utility"
2T36CRAV9TW41G004,7324,"Toyota of Puyallup",blank,"","","","still blank","","https://www.toyotaofpuyallup.com/viewdetails/new/2t36crav9tw41g004/2026-toyota-rav4-sport-utility"
2T36CRAV9TW41G245,7331,"I-5 Toyota",blank,"","Woodland","url","url only","url slug ""Woodland""","https://www.i-5toyota.com/new-Chehalis-2026-Toyota-RAV4-Woodland-2T36CRAV9TW41G245"
2T36CRAV9TW41G309,7323,"Swickard Toyota",blank,"","Woodland","url","url only","url slug ""Woodland""","https://www.swickardtoyota.com/new-Edmonds-2026-Toyota-RAV4-Woodland-2T36CRAV9TW41G309"
2T36CRAV9TW41G312,6722,"Toyota of Bowling Green",blank,"","","","still blank","","https://www.toyotaofbowlinggreen.com/viewdetails/new/2t36crav9tw41g312/2026-toyota-rav4-sport-utility"
2T36CRAV9TW41H444,7323,"Swickard Toyota",blank,"","SE","url","url only","url slug ""SE""","https://www.swickardtoyota.com/new-Edmonds-2026-Toyota-RAV4-SE-2T36CRAV9TW41H444"
2T36CRAV9TW42E202,7310,"Vancouver Toyota",blank,"","","","still blank","","https://www.vancouvertoyota.com/viewdetails/new/2t36crav9tw42e202/2026-toyota-rav4-sport-utility"
2T36CRAV9TW42G791,7323,"Swickard Toyota",blank,"","XSE","url","url only","url slug ""XSE""","https://www.swickardtoyota.com/new-Edmonds-2026-Toyota-RAV4-XSE-2T36CRAV9TW42G791"
2T36CRAV9TW42G953,6718,"Roberts Toyota",blank,"","","","still blank","","https://www.robertstoyota.com/viewdetails/new/2t36crav9tw42g953/2026-toyota-rav4-sport-utility"
2T36CRAV9TW42J005,6910,"Markquart Toyota",blank,"","Woodland","url","url only","url slug ""Woodland""","https://www.markquarttoyota.com/new-Eau+Claire+Area-2026-Toyota-RAV4-Woodland-2T36CRAV9TW42J005"
2T36CRAV9TW42J084,6894,"Bergstrom Toyota",blank,"","Woodland","url","url only","url slug ""Woodland""","https://www.bergstromtoyota.com/new-Oshkosh-2026-Toyota-RAV4-Woodland-2T36CRAV9TW42J084"
2T36CRAV9TW42J389,6722,"Toyota of Bowling Green",blank,"","","","still blank","","https://www.toyotaofbowlinggreen.com/viewdetails/new/2t36crav9tw42j389/2026-toyota-rav4-sport-utility"
2T36CRAV9TW42J957,7324,"Toyota of Puyallup",blank,"","","","still blank","","https://www.toyotaofpuyallup.com/viewdetails/new/2t36crav9tw42j957/2026-toyota-rav4-sport-utility"
2T36CRAV9TW43E258,7331,"I-5 Toyota",blank,"","SE","url","url only","url slug ""SE""","https://www.i-5toyota.com/new-Chehalis-2026-Toyota-RAV4-SE-2T36CRAV9TW43E258"
2T36CRAVXTC018622,7001,"Mark McLarty Toyota",blank,"","XLE Premium","url","url only","url slug ""XLE Premium""","https://www.markmclartytoyota.com/used-North+Little+Rock-2026-Toyota-RAV4-XLE+Premium-2T36CRAVXTC018622"
2T36CRAVXTC040829,7310,"Vancouver Toyota",blank,"","","","still blank","","https://www.vancouvertoyota.com/viewdetails/new/2t36cravxtc040829/2026-toyota-rav4-sport-utility"
2T36CRAVXTC40J654,7331,"I-5 Toyota",blank,"","XLE Premium","url","url only","url slug ""XLE Premium""","https://www.i-5toyota.com/new-Chehalis-2026-Toyota-RAV4-XLE+Premium-2T36CRAVXTC40J654"
2T36CRAVXTC41F414,6877,"Billion Toyota",blank,"","XLE Premium","url+snapshot","both agree","url slug ""XLE Premium""; jsonld-name ""XLE Premium"" (box1 2026-10-08)","https://www.siouxfallstoyota.com/new-Sioux+Falls-2026-Toyota-RAV4-XLE+Premium-2T36CRAVXTC41F414"
2T36CRAVXTC42K147,7310,"Vancouver Toyota",blank,"","","","still blank","","https://www.vancouvertoyota.com/viewdetails/new/2t36cravxtc42k147/2026-toyota-rav4-sport-utility"
2T36CRAVXTW011040,17378,"RIVERSIDE NISSAN MARQUETTE",blank,"","","","still blank","","https://www.marquettenissan.com/used/Toyota/2026-Toyota-RAV4-1c723150ac185c43e2a374ec2b90aa1e.htm"
2T36CRAVXTW012026,6858,"Page Toyota",blank,"","","","still blank","","https://www.pagetoyota.com/viewdetails/used/2t36cravxtw012026/2026-toyota-rav4-sport-utility"
2T36CRAVXTW014861,6899,"Smart Motors Toyota",blank,"","XLE Premium","url","url only","url slug ""XLE Premium""","https://www.smarttoyota.com/used-Madison-2026-Toyota-Rav4-XLE+Premium-2T36CRAVXTW014861"
2T36CRAVXTW098292,6803,"LaFontaine Toyota",blank,"","","","still blank","","https://www.lafontainetoyota.com/viewdetails/new/2t36cravxtw098292/2026-toyota-rav4-suv"
2T36CRAVXTW100395,6755,"Toyota South",blank,"","LE","url","url only","url slug ""LE""","https://www.toyotasouth.com/new-Richmond+-2026-Toyota-RAV4-LE-2T36CRAVXTW100395"
2T36CRAVXTW100526,6755,"Toyota South",blank,"","LE","url","url only","url slug ""LE""","https://www.toyotasouth.com/new-Richmond+-2026-Toyota-RAV4-LE-2T36CRAVXTW100526"
2T36CRAVXTW102695,6771,"Don Moore Toyota",blank,"","Limited","url","url only","url slug ""Limited""","https://www.donmooretoyota.com/new-Owensboro-2026-Toyota-RAV4-Limited-2T36CRAVXTW102695"
2T36CRAVXTW104253,7318,"Toyota of Seattle",blank,"","","","still blank","","https://www.toyotaofseattle.com/viewdetails/new/2t36cravxtw104253/2026-toyota-rav4-sport-utility"
2T36CRAVXTW104575,7001,"Mark McLarty Toyota",blank,"","Limited","url","url only","url slug ""Limited""","https://www.markmclartytoyota.com/new-North+Little+Rock-2026-Toyota-RAV4-Limited-2T36CRAVXTW104575"
2T36CRAVXTW109548,6868,"Toyota of Grand Rapids",blank,"","Woodland","url","url only","url slug ""Woodland""","https://www.toyotaofgrandrapids.com/new-Grand+Rapids-2026-Toyota-RAV4-Woodland-2T36CRAVXTW109548"
2T36CRAVXTW113566,6718,"Roberts Toyota",blank,"","","","still blank","","https://www.robertstoyota.com/viewdetails/new/2t36cravxtw113566/2026-toyota-rav4-sport-utility"
2T36CRAVXTW38F863,7066,"Toyota of Katy",blank,"","Limited","url","url only","url slug ""Limited""","https://www.toyotaofkaty.com/new-Katy-2026-Toyota-RAV4-Limited-2T36CRAVXTW38F863"
2T36CRAVXTW38G110,6899,"Smart Motors Toyota",blank,"","Woodland","url","url only","url slug ""Woodland""","https://www.smarttoyota.com/new-Madison-2026-Toyota-RAV4-Woodland-2T36CRAVXTW38G110"
2T36CRAVXTW38H516,6877,"Billion Toyota",blank,"","SE","url","url only","url slug ""SE""","https://www.siouxfallstoyota.com/new-Sioux+Falls-2026-Toyota-RAV4-SE-2T36CRAVXTW38H516"
2T36CRAVXTW38H533,6899,"Smart Motors Toyota",blank,"","SE","url","url only","url slug ""SE""","https://www.smarttoyota.com/new-Madison-2026-Toyota-RAV4-SE-2T36CRAVXTW38H533"
2T36CRAVXTW38H922,7322,"Toyota of Lake City",blank,"","XLE Premium","url","url only","url slug ""XLE Premium""","https://www.toyotaoflakecity.com/new-Seattle-2026-Toyota-RAV4-XLE+Premium-2T36CRAVXTW38H922"
2T36CRAVXTW38J467,7001,"Mark McLarty Toyota",blank,"","Woodland","url","url only","url slug ""Woodland""","https://www.markmclartytoyota.com/new-North+Little+Rock-2026-Toyota-RAV4-Woodland-2T36CRAVXTW38J467"
2T36CRAVXTW39F163,7260,"Modesto Toyota",blank,"","","","still blank","","https://modestotoyota.autogo.ai/vehicle/New/2026/Toyota/RAV4/2T36CRAVXTW39F163/"
2T36CRAVXTW39F602,6755,"Toyota South",blank,"","SE","url","url only","url slug ""SE""","https://www.toyotasouth.com/new-Richmond+-2026-Toyota-RAV4-SE-2T36CRAVXTW39F602"
2T36CRAVXTW40E251,7001,"Mark McLarty Toyota",blank,"","Limited","url","url only","url slug ""Limited""","https://www.markmclartytoyota.com/new-North+Little+Rock-2026-Toyota-RAV4-Limited-2T36CRAVXTW40E251"
2T36CRAVXTW40G940,6865,"Matick Toyota",blank,"","Woodland","url","url only","url slug ""Woodland""","https://www.maticktoyota.com/new-Macomb-2026-Toyota-RAV4-Woodland-2T36CRAVXTW40G940"
2T36CRAVXTW40J880,7310,"Vancouver Toyota",blank,"","","","still blank","","https://www.vancouvertoyota.com/viewdetails/new/2t36cravxtw40j880/2026-toyota-rav4-sport-utility"
2T36CRAVXTW41D970,6910,"Markquart Toyota",blank,"","XLE Premium","url","url only","url slug ""XLE Premium""","https://www.markquarttoyota.com/new-Eau+Claire+Area-2026-Toyota-RAV4-XLE+Premium-2T36CRAVXTW41D970"
2T36CRAVXTW41F931,7322,"Toyota of Lake City",blank,"","XSE","url","url only","url slug ""XSE""","https://www.toyotaoflakecity.com/new-Seattle-2026-Toyota-RAV4-XSE-2T36CRAVXTW41F931"
2T36CRAVXTW41G464,6722,"Toyota of Bowling Green",blank,"","","","still blank","","https://www.toyotaofbowlinggreen.com/viewdetails/new/2t36cravxtw41g464/2026-toyota-rav4-sport-utility"
2T36CRAVXTW42E631,7322,"Toyota of Lake City",blank,"","XLE Premium","url","url only","url slug ""XLE Premium""","https://www.toyotaoflakecity.com/new-Seattle-2026-Toyota-RAV4-XLE+Premium-2T36CRAVXTW42E631"
2T36CRAVXTW42G637,7310,"Vancouver Toyota",blank,"","","","still blank","","https://www.vancouvertoyota.com/viewdetails/new/2t36cravxtw42g637/2026-toyota-rav4-sport-utility"
2T36CRAVXTW43F032,6910,"Markquart Toyota",blank,"","Woodland","url","url only","url slug ""Woodland""","https://www.markquarttoyota.com/new-Eau+Claire+Area-2026-Toyota-RAV4-Woodland-2T36CRAVXTW43F032"
2T36CRAVXTW43F242,7323,"Swickard Toyota",blank,"","Limited","url","url only","url slug ""Limited""","https://www.swickardtoyota.com/new-Edmonds-2026-Toyota-RAV4-Limited-2T36CRAVXTW43F242"
2T36DRBV0TC004093,7260,"Modesto Toyota",blank,"","","","still blank","","https://modestotoyota.autogo.ai/vehicle/New/2026/Toyota/RAV4/2T36DRBV0TC004093/"
2T36DRBV0TC023551,7076,"Gulf Coast Toyota",blank,"","","","still blank","","https://www.gulfcoasttoyota.com/viewdetails/new/2t36drbv0tc023551/2026-toyota-rav4-sport-utility"
2T36DRBV0TC024036,7076,"Gulf Coast Toyota",blank,"","XLE Premium","snapshot","snapshot only","jsonld-name ""XLE Premium"" (box2 2026-10-08)","https://www.gulfcoasttoyota.com/viewdetails/new/2t36drbv0tc024036/2026-toyota-rav4-sport-utility"
2T36DRBV0TC39F752,7310,"Vancouver Toyota",blank,"","","","still blank","","https://www.vancouvertoyota.com/viewdetails/new/2t36drbv0tc39f752/2026-toyota-rav4-sport-utility"
2T36DRBV0TC39H193,7324,"Toyota of Puyallup",blank,"","","","still blank","","https://www.toyotaofpuyallup.com/viewdetails/new/2t36drbv0tc39h193/2026-toyota-rav4-sport-utility"
2T36DRBV0TC40F163,7076,"Gulf Coast Toyota",blank,"","","","still blank","","https://www.gulfcoasttoyota.com/viewdetails/new/2t36drbv0tc40f163/2026-toyota-rav4-sport-utility"
2T36DRBV0TC44K175,7260,"Modesto Toyota",blank,"","","","still blank","","https://modestotoyota.autogo.ai/vehicle/New/2026/Toyota/RAV4/2T36DRBV0TC44K175/"
2T36DRBV0TW028277,7318,"Toyota of Seattle",blank,"","","","still blank","","https://www.toyotaofseattle.com/viewdetails/new/2t36drbv0tw028277/2026-toyota-rav4-sport-utility"
2T36DRBV0TW029042,7324,"Toyota of Puyallup",blank,"","","","still blank","","https://www.toyotaofpuyallup.com/viewdetails/new/2t36drbv0tw029042/2026-toyota-rav4-sport-utility"
2T36DRBV0TW029168,7316,"Michael's Toyota of Bellevue",blank,"","XLE Premium","url","url only","url slug ""XLE Premium""","https://www.toyotaofbellevue.com/new-Bellevue-2026-Toyota-RAV4-XLE+Premium-2T36DRBV0TW029168"
2T36DRBV0TW029378,6894,"Bergstrom Toyota",blank,"","XLE Premium","url","url only","url slug ""XLE Premium""","https://www.bergstromtoyota.com/new-Oshkosh-2026-Toyota-RAV4-XLE+Premium-2T36DRBV0TW029378"
2T36DRBV0TW030238,6747,"J. Allen Toyota",blank,"","","","still blank","","https://www.jallentoyota.com/viewdetails/new/2t36drbv0tw030238/2026-toyota-rav4-sport-utility"
2T36DRBV0TW38H214,6736,"Toyota of Jackson",blank,"","XLE Premium","url","url only","url slug ""XLE Premium""","https://www.toyotaofjackson.com/new-Jackson-2026-Toyota-RAV4-XLE+Premium-2T36DRBV0TW38H214"
2T36DRBV1TC023316,7310,"Vancouver Toyota",blank,"","","","still blank","","https://www.vancouvertoyota.com/viewdetails/new/2t36drbv1tc023316/2026-toyota-rav4-sport-utility"
2T36DRBV1TC024966,7219,"Toyota of Redlands",blank,"","","","still blank","","https://www.toyotaofredlands.com/viewdetails/new/2t36drbv0tc40j738/2026-toyota-rav4-sport-utility"
2T36DRBV1TC025115,6559,"Scott Clark Toyota",blank,"","","","still blank","","https://www.scottclarkstoyota.com/inventory/new/toyota/rav4"
2T36DRBV1TC025356,7331,"I-5 Toyota",blank,"","XLE Premium","url","url only","url slug ""XLE Premium""","https://www.i-5toyota.com/new-Chehalis-2026-Toyota-RAV4-XLE+Premium-2T36DRBV1TC025356"
2T36DRBV1TC025972,6418,"Rohrich Toyota",blank,"","","","still blank","","https://www.rohrichtoyota.com/inventory/new"
2T36DRBV1TC38E405,7072,"Space City Toyota",blank,"","XLE Premium","url","url only","url slug ""XLE Premium""","https://www.spacecitytoyota.com/new-Humble-2026-Toyota-RAV4-XLE+Premium-2T36DRBV1TC38E405"
2T36DRBV1TC39H154,7337,"Five Star Toyota",blank,"","XLE Premium","url","url only","url slug ""XLE Premium""","https://www.fivestartoyota.com/new-Aberdeen-2026-Toyota-RAV4-XLE+Premium-2T36DRBV1TC39H154"
2T36DRBV1TW027915,7310,"Vancouver Toyota",blank,"","","","still blank","","https://www.vancouvertoyota.com/viewdetails/new/2t36drbv1tw027915/2026-toyota-rav4-sport-utility"
2T36DRBV1TW028787,7322,"Toyota of Lake City",blank,"","XLE Premium","url","url only","url slug ""XLE Premium""","https://www.toyotaoflakecity.com/new-Seattle-2026-Toyota-RAV4-XLE+Premium-2T36DRBV1TW028787"
2T36DRBV1TW029874,7260,"Modesto Toyota",blank,"","","","still blank","","https://modestotoyota.autogo.ai/vehicle/New/2026/Toyota/RAV4/2T36DRBV1TW029874/"
2T36DRBV1TW029888,7322,"Toyota of Lake City",blank,"","SE","url","url only","url slug ""SE""","https://www.toyotaoflakecity.com/new-Seattle-2026-Toyota-RAV4-SE-2T36DRBV1TW029888"
2T36DRBV1TW029924,7318,"Toyota of Seattle",blank,"","","","still blank","","https://www.toyotaofseattle.com/viewdetails/new/2t36drbv1tw029924/2026-toyota-rav4-sport-utility"
2T36DRBV1TW030149,7310,"Vancouver Toyota",blank,"","","","still blank","","https://www.vancouvertoyota.com/viewdetails/new/2t36drbv1tw030149/2026-toyota-rav4-sport-utility"
2T36DRBV1TW030331,7324,"Toyota of Puyallup",blank,"","","","still blank","","https://www.toyotaofpuyallup.com/viewdetails/new/2t36drbv1tw030331/2026-toyota-rav4-sport-utility"
2T36DRBV1TW39E561,7324,"Toyota of Puyallup",blank,"","","","still blank","","https://www.toyotaofpuyallup.com/viewdetails/new/2t36drbv1tw39e561/2026-toyota-rav4-sport-utility"
2T36DRBV1TW39F600,7001,"Mark McLarty Toyota",blank,"","SE","url","url only","url slug ""SE""","https://www.markmclartytoyota.com/new-North+Little+Rock-2026-Toyota-RAV4-SE-2T36DRBV1TW39F600"
2T36DRBV1TW39H279,6858,"Page Toyota",blank,"","","","still blank","","https://www.pagetoyota.com/viewdetails/new/2t36drbv1tw39h279/2026-toyota-rav4-sport-utility"
2T36DRBV1TW39J476,6755,"Toyota South",blank,"","SE","url","url only","url slug ""SE""","https://www.toyotasouth.com/new-Richmond+-2026-Toyota-RAV4-SE-2T36DRBV1TW39J476"
2T36DRBV1TW41H997,6736,"Toyota of Jackson",blank,"","XLE Premium","url","url only","url slug ""XLE Premium""","https://www.toyotaofjackson.com/new-Jackson-2026-Toyota-RAV4-XLE+Premium-2T36DRBV1TW41H997"
2T36DRBV2TC022577,6722,"Toyota of Bowling Green",blank,"","","","still blank","","https://www.toyotaofbowlinggreen.com/viewdetails/new/2t36drbv2tc022577/2026-toyota-rav4-sport-utility"
2T36DRBV2TC024040,7001,"Mark McLarty Toyota",blank,"","XLE Premium","url","url only","url slug ""XLE Premium""","https://www.markmclartytoyota.com/new-North+Little+Rock-2026-Toyota-RAV4-XLE+Premium-2T36DRBV2TC024040"
2T36DRBV2TC36G320,7008,"Doggett Toyota of Beaumont",blank,"","","","still blank","","https://www.doggetttoyotabeaumont.com/vehicle/New/2026/Toyota/RAV4/2T36DRBV2TC36G320/"
2T36DRBV2TC38F725,7310,"Vancouver Toyota",blank,"","","","still blank","","https://www.vancouvertoyota.com/viewdetails/new/2t36drbv2tc38f725/2026-toyota-rav4-sport-utility"
2T36DRBV2TC39G269,7001,"Mark McLarty Toyota",blank,"","LE","url","url only","url slug ""LE""","https://www.markmclartytoyota.com/new-North+Little+Rock-2026-Toyota-RAV4-LE-2T36DRBV2TC39G269"
2T36DRBV2TC45H037,6736,"Toyota of Jackson",blank,"","LE","url","url only","url slug ""LE""","https://www.toyotaofjackson.com/new-Jackson-2026-Toyota-RAV4-LE-2T36DRBV2TC45H037"
2T36DRBV2TW028331,7310,"Vancouver Toyota",blank,"","","","still blank","","https://www.vancouvertoyota.com/viewdetails/new/2t36drbv2tw028331/2026-toyota-rav4-sport-utility"
2T36DRBV2TW028667,7316,"Michael's Toyota of Bellevue",blank,"","XLE Premium","url","url only","url slug ""XLE Premium""","https://www.toyotaofbellevue.com/new-Bellevue-2026-Toyota-RAV4-XLE+Premium-2T36DRBV2TW028667"
2T36DRBV2TW028684,7008,"Doggett Toyota of Beaumont",blank,"","","","still blank","","https://www.doggetttoyotabeaumont.com/vehicle/New/2026/Toyota/RAV4/2T36DRBV2TW028684/"
2T36DRBV2TW028944,7310,"Vancouver Toyota",blank,"","","","still blank","","https://www.vancouvertoyota.com/viewdetails/new/2t36drbv2tw028944/2026-toyota-rav4-sport-utility"
2T36DRBV2TW38F271,7076,"Gulf Coast Toyota",blank,"","","","still blank","","https://www.gulfcoasttoyota.com/viewdetails/new/2t36drbv2tw38f271/2026-toyota-rav4-sport-utility"
2T36DRBV2TW38H361,7325,"Titus-Will Toyota",blank,"","XLE Premium","url","url only","url slug ""XLE Premium""","https://www.tituswilltoyota.com/new-Tacoma-2026-Toyota-RAV4-XLE+Premium-2T36DRBV2TW38H361"
2T36DRBV2TW38H506,7001,"Mark McLarty Toyota",blank,"","SE","url","url only","url slug ""SE""","https://www.markmclartytoyota.com/new-North+Little+Rock-2026-Toyota-RAV4-SE-2T36DRBV2TW38H506"
2T36DRBV2TW39E990,6747,"J. Allen Toyota",blank,"","","","still blank","","https://www.jallentoyota.com/viewdetails/new/2t36drbv2tw39e990/2026-toyota-rav4-sport-utility"
2T36DRBV3TC022510,6684,"Sun Toyota of New Port Richey",blank,"","","","still blank","","https://www.suntoyota.com/viewdetails/used/2t36drbv3tc022510/2026-toyota-rav4-4d-sport-utility"
2T36DRBV3TC022619,7324,"Toyota of Puyallup",blank,"","","","still blank","","https://www.toyotaofpuyallup.com/viewdetails/new/2t36drbv3tc022619/2026-toyota-rav4-sport-utility"
2T36DRBV3TC022846,7310,"Vancouver Toyota",blank,"","","","still blank","","https://www.vancouvertoyota.com/inventory/new/toyota/rav4"
2T36DRBV3TC022880,7318,"Toyota of Seattle",blank,"","","","still blank","","https://www.toyotaofseattle.com/viewdetails/new/2t36drbv3tc022880/2026-toyota-rav4-sport-utility"
2T36DRBV3TC023771,7063,"Mike Calvert Toyota",blank,"","XLE Premium","url","url only","url slug ""XLE Premium""","https://www.mikecalverttoyota.com/new-Houston-2026-Toyota-RAV4-XLE+Premium-2T36DRBV3TC023771"
2T36DRBV3TC38F698,7331,"I-5 Toyota",blank,"","XLE Premium","url","url only","url slug ""XLE Premium""","https://www.i-5toyota.com/new-Chehalis-2026-Toyota-RAV4-XLE+Premium-2T36DRBV3TC38F698"
2T36DRBV3TC39F793,7323,"Swickard Toyota",blank,"","XLE Premium","url","url only","url slug ""XLE Premium""","https://www.swickardtoyota.com/new-Edmonds-2026-Toyota-RAV4-XLE+Premium-2T36DRBV3TC39F793"
2T36DRBV3TC39J397,7324,"Toyota of Puyallup",blank,"","","","still blank","","https://www.toyotaofpuyallup.com/viewdetails/new/2t36drbv3tc39j397/2026-toyota-rav4-sport-utility"
2T36DRBV3TC42F178,7260,"Modesto Toyota",blank,"","","","still blank","","https://modestotoyota.autogo.ai/vehicle/New/2026/Toyota/RAV4/2T36DRBV3TC42F178/"
2T36DRBV3TW013109,5398,"Gillman Honda of San Antonio",blank,"","","","still blank","","https://www.gillmanhondasanantonio.com/used/Toyota/2026-Toyota-RAV4-near-san-antonio-tx-19f81b51ac183bd6400d388cada349b4.htm"
2T36DRBV3TW025390,7008,"Doggett Toyota of Beaumont",blank,"","","","still blank","","https://www.doggetttoyotabeaumont.com/vehicle/New/2026/Toyota/RAV4/2T36DRBV3TW025390/"
2T36DRBV3TW026880,7087,"Vic Vaughan Toyota of Boerne",blank,"","XLE Premium","url","url only","url slug ""XLE Premium""","https://www.toyotaofboerne.com/new-Boerne-2026-Toyota-RAV4-XLE+Premium-2T36DRBV3TW026880"
2T36DRBV3TW028841,7310,"Vancouver Toyota",blank,"","","","still blank","","https://www.vancouvertoyota.com/viewdetails/new/2t36drbv3tw028841/2026-toyota-rav4-sport-utility"
2T36DRBV3TW029097,7087,"Vic Vaughan Toyota of Boerne",blank,"","SE","url","url only","url slug ""SE""","https://www.toyotaofboerne.com/new-Boerne-2026-Toyota-RAV4-SE-2T36DRBV3TW029097"
2T36DRBV3TW030248,7322,"Toyota of Lake City",blank,"","XLE Premium","url","url only","url slug ""XLE Premium""","https://www.toyotaoflakecity.com/new-Seattle-2026-Toyota-RAV4-XLE+Premium-2T36DRBV3TW030248"
2T36DRBV3TW40H522,7325,"Titus-Will Toyota",blank,"","XLE Premium","url","url only","url slug ""XLE Premium""","https://www.tituswilltoyota.com/new-Tacoma-2026-Toyota-RAV4-XLE+Premium-2T36DRBV3TW40H522"
2T36DRBV4TC013329,7001,"Mark McLarty Toyota",blank,"","LE","url","url only","url slug ""LE""","https://www.markmclartytoyota.com/used-North+Little+Rock-2026-Toyota-RAV4-LE-2T36DRBV4TC013329"
2T36DRBV4TC023861,7331,"I-5 Toyota",blank,"","XLE Premium","url","url only","url slug ""XLE Premium""","https://www.i-5toyota.com/new-Chehalis-2026-Toyota-RAV4-XLE+Premium-2T36DRBV4TC023861"
2T36DRBV4TC024007,7076,"Gulf Coast Toyota",blank,"","","","still blank","","https://www.gulfcoasttoyota.com/viewdetails/new/2t36drbv4tc024007/2026-toyota-rav4-sport-utility"
2T36DRBV4TC024220,7316,"Michael's Toyota of Bellevue",blank,"","XLE Premium","url","url only","url slug ""XLE Premium""","https://www.toyotaofbellevue.com/new-Bellevue-2026-Toyota-RAV4-XLE+Premium-2T36DRBV4TC024220"
2T36DRBV4TC024296,7310,"Vancouver Toyota",blank,"","","","still blank","","https://www.vancouvertoyota.com/viewdetails/new/2t36drbv4tc024296/2026-toyota-rav4-sport-utility"
2T36DRBV4TC024654,7322,"Toyota of Lake City",blank,"","XLE Premium","url","url only","url slug ""XLE Premium""","https://www.toyotaoflakecity.com/new-Seattle-2026-Toyota-RAV4-XLE+Premium-2T36DRBV4TC024654"
2T36DRBV4TC39F804,7310,"Vancouver Toyota",blank,"","","","still blank","","https://www.vancouvertoyota.com/viewdetails/new/2t36drbv4tc39f804/2026-toyota-rav4-sport-utility"
2T36DRBV4TC40H269,6722,"Toyota of Bowling Green",blank,"","","","still blank","","https://www.toyotaofbowlinggreen.com/viewdetails/new/2t36drbv4tc40h269/2026-toyota-rav4-sport-utility"
2T36DRBV4TC44E287,7260,"Modesto Toyota",blank,"","","","still blank","","https://modestotoyota.autogo.ai/vehicle/New/2026/Toyota/RAV4/2T36DRBV4TC44E287/"
2T36DRBV4TW029030,7063,"Mike Calvert Toyota",blank,"","XLE Premium","url","url only","url slug ""XLE Premium""","https://www.mikecalverttoyota.com/new-Houston-2026-Toyota-RAV4-XLE+Premium-2T36DRBV4TW029030"
2T36DRBV4TW029495,7318,"Toyota of Seattle",blank,"","","","still blank","","https://www.toyotaofseattle.com/viewdetails/new/2t36drbv4tw029495/2026-toyota-rav4-sport-utility"
2T36DRBV4TW029691,7318,"Toyota of Seattle",blank,"","","","still blank","","https://www.toyotaofseattle.com/viewdetails/new/2t36drbv4tw029691/2026-toyota-rav4-sport-utility"
2T36DRBV4TW030386,7310,"Vancouver Toyota",blank,"","","","still blank","","https://www.vancouvertoyota.com/viewdetails/new/2t36drbv4tw030386/2026-toyota-rav4-sport-utility"
2T36DRBV4TW030629,6736,"Toyota of Jackson",blank,"","XLE Premium","url","url only","url slug ""XLE Premium""","https://www.toyotaofjackson.com/new-Jackson-2026-Toyota-RAV4-XLE+Premium-2T36DRBV4TW030629"
2T36DRBV4TW38F823,7324,"Toyota of Puyallup",blank,"","","","still blank","","https://www.toyotaofpuyallup.com/viewdetails/new/2t36drbv4tw38f823/2026-toyota-rav4-sport-utility"
2T36DRBV4TW38H541,7073,"Mac Haik Toyota",blank,"","SE","url","url only","url slug ""SE""","https://www.machaiktoyota.com/new-League+City-2026-Toyota-RAV4-SE-2T36DRBV4TW38H541"
2T36DRBV4TW38H829,7324,"Toyota of Puyallup",blank,"","","","still blank","","https://www.toyotaofpuyallup.com/viewdetails/new/2t36drbv4tw38h829/2026-toyota-rav4-sport-utility"
2T36DRBV4TW40F021,6747,"J. Allen Toyota",blank,"","","","still blank","","https://www.jallentoyota.com/viewdetails/new/2t36drbv4tw40f021/2026-toyota-rav4-sport-utility"
2T36DRBV4TW40H075,7310,"Vancouver Toyota",blank,"","","","still blank","","https://www.vancouvertoyota.com/viewdetails/new/2t36drbv4tw40h075/2026-toyota-rav4-sport-utility"
2T36DRBV5TC023545,7316,"Michael's Toyota of Bellevue",blank,"","XLE Premium","url","url only","url slug ""XLE Premium""","https://www.toyotaofbellevue.com/new-Bellevue-2026-Toyota-RAV4-XLE+Premium-2T36DRBV5TC023545"
2T36DRBV5TC023562,7310,"Vancouver Toyota",blank,"","","","still blank","","https://www.vancouvertoyota.com/viewdetails/new/2t36drbv5tc023562/2026-toyota-rav4-sport-utility"
2T36DRBV5TC023951,7260,"Modesto Toyota",blank,"","","","still blank","","https://modestotoyota.autogo.ai/vehicle/New/2026/Toyota/RAV4/2T36DRBV5TC023951/"
2T36DRBV5TC025120,7318,"Toyota of Seattle",blank,"","","","still blank","","https://www.toyotaofseattle.com/viewdetails/new/2t36drbv5tc025120/2026-toyota-rav4-sport-utility"
2T36DRBV5TW026346,7322,"Toyota of Lake City",blank,"","XLE Premium","url","url only","url slug ""XLE Premium""","https://www.toyotaoflakecity.com/new-Seattle-2026-Toyota-RAV4-XLE+Premium-2T36DRBV5TW026346"
2T36DRBV5TW031160,6736,"Toyota of Jackson",blank,"","XLE Premium","url","url only","url slug ""XLE Premium""","https://www.toyotaofjackson.com/new-Jackson-2026-Toyota-RAV4-XLE+Premium-2T36DRBV5TW031160"
2T36DRBV5TW38H936,7310,"Vancouver Toyota",blank,"","","","still blank","","https://www.vancouvertoyota.com/viewdetails/new/2t36drbv5tw38h936/2026-toyota-rav4-sport-utility"
2T36DRBV5TW40F089,6747,"J. Allen Toyota",blank,"","","","still blank","","https://www.jallentoyota.com/viewdetails/new/2t36drbv5tw40f089/2026-toyota-rav4-sport-utility"
2T36DRBV6TC022887,7325,"Titus-Will Toyota",blank,"","XLE Premium","url","url only","url slug ""XLE Premium""","https://www.tituswilltoyota.com/new-Tacoma-2026-Toyota-RAV4-XLE+Premium-2T36DRBV6TC022887"
2T36DRBV6TC024915,7310,"Vancouver Toyota",blank,"","","","still blank","","https://www.vancouvertoyota.com/viewdetails/new/2t36drbv6tc024915/2026-toyota-rav4-sport-utility"
2T36DRBV6TC39F755,7324,"Toyota of Puyallup",blank,"","","","still blank","","https://www.toyotaofpuyallup.com/viewdetails/new/2t36drbv6tc39f755/2026-toyota-rav4-sport-utility"
2T36DRBV6TC41E708,6736,"Toyota of Jackson",blank,"","LE","url","url only","url slug ""LE""","https://www.toyotaofjackson.com/new-Jackson-2026-Toyota-RAV4-LE-2T36DRBV6TC41E708"
2T36DRBV6TW028896,7087,"Vic Vaughan Toyota of Boerne",blank,"","XLE Premium","url","url only","url slug ""XLE Premium""","https://www.toyotaofboerne.com/new-Boerne-2026-Toyota-RAV4-XLE+Premium-2T36DRBV6TW028896"
2T36DRBV6TW029482,7316,"Michael's Toyota of Bellevue",blank,"","SE","url","url only","url slug ""SE""","https://www.toyotaofbellevue.com/new-Bellevue-2026-Toyota-RAV4-SE-2T36DRBV6TW029482"
2T36DRBV6TW030289,7001,"Mark McLarty Toyota",blank,"","XLE Premium","url","url only","url slug ""XLE Premium""","https://www.markmclartytoyota.com/new-North+Little+Rock-2026-Toyota-RAV4-XLE+Premium-2T36DRBV6TW030289"
2T36DRBV6TW030468,7324,"Toyota of Puyallup",blank,"","","","still blank","","https://www.toyotaofpuyallup.com/viewdetails/new/2t36drbv6tw030468/2026-toyota-rav4-sport-utility"
2T36DRBV6TW031247,7323,"Swickard Toyota",blank,"","SE","url","url only","url slug ""SE""","https://www.swickardtoyota.com/new-Edmonds-2026-Toyota-RAV4-SE-2T36DRBV6TW031247"
2T36DRBV6TW38E916,6736,"Toyota of Jackson",blank,"","XLE Premium","url","url only","url slug ""XLE Premium""","https://www.toyotaofjackson.com/new-Jackson-2026-Toyota-RAV4-XLE+Premium-2T36DRBV6TW38E916"
2T36DRBV6TW39H990,6863,"Randy Wise Toyota",blank,"","SE","url","url only","url slug ""SE""","https://www.randywisetoyota.com/new-Grand+Blanc-2026-Toyota-RAV4-SE-2T36DRBV6TW39H990"
2T36DRBV6TW43J714,7324,"Toyota of Puyallup",blank,"","","","still blank","","https://www.toyotaofpuyallup.com/viewdetails/new/2t36drbv6tw43j714/2026-toyota-rav4-sport-utility"
2T36DRBV7TC020467,7072,"Space City Toyota",blank,"","XLE Premium","url","url only","url slug ""XLE Premium""","https://www.spacecitytoyota.com/new-Humble-2026-Toyota-RAV4-XLE+Premium-2T36DRBV7TC020467"
2T36DRBV7TC022087,7325,"Titus-Will Toyota",blank,"","XLE Premium","url","url only","url slug ""XLE Premium""","https://www.tituswilltoyota.com/new-Tacoma-2026-Toyota-RAV4-XLE+Premium-2T36DRBV7TC022087"
2T36DRBV7TC022266,7087,"Vic Vaughan Toyota of Boerne",blank,"","XLE Premium","url","url only","url slug ""XLE Premium""","https://www.toyotaofboerne.com/new-Boerne-2026-Toyota-RAV4-XLE+Premium-2T36DRBV7TC022266"
2T36DRBV7TC022462,7001,"Mark McLarty Toyota",blank,"","XLE Premium","url","url only","url slug ""XLE Premium""","https://www.markmclartytoyota.com/new-North+Little+Rock-2026-Toyota-RAV4-XLE+Premium-2T36DRBV7TC022462"
2T36DRBV7TC023157,7324,"Toyota of Puyallup",blank,"","","","still blank","","https://www.toyotaofpuyallup.com/viewdetails/new/2t36drbv7tc023157/2026-toyota-rav4-sport-utility"
2T36DRBV7TC023756,7260,"Modesto Toyota",blank,"","","","still blank","","https://modestotoyota.autogo.ai/vehicle/New/2026/Toyota/RAV4/2T36DRBV7TC023756/"
2T36DRBV7TC024177,7076,"Gulf Coast Toyota",blank,"","","","still blank","","https://www.gulfcoasttoyota.com/viewdetails/new/2t36drbv7tc024177/2026-toyota-rav4-sport-utility"
2T36DRBV7TC40K059,7260,"Modesto Toyota",blank,"","","","still blank","","https://modestotoyota.autogo.ai/vehicle/New/2026/Toyota/RAV4/2T36DRBV7TC40K059/"
2T36DRBV7TW028373,7331,"I-5 Toyota",blank,"","XLE Premium","url","url only","url slug ""XLE Premium""","https://www.i-5toyota.com/new-Chehalis-2026-Toyota-RAV4-XLE+Premium-2T36DRBV7TW028373"
2T36DRBV7TW028471,7322,"Toyota of Lake City",blank,"","XLE Premium","url","url only","url slug ""XLE Premium""","https://www.toyotaoflakecity.com/new-Seattle-2026-Toyota-RAV4-XLE+Premium-2T36DRBV7TW028471"
2T36DRBV7TW029099,7322,"Toyota of Lake City",blank,"","XLE Premium","url","url only","url slug ""XLE Premium""","https://www.toyotaoflakecity.com/new-Seattle-2026-Toyota-RAV4-XLE+Premium-2T36DRBV7TW029099"
2T36DRBV7TW029331,7316,"Michael's Toyota of Bellevue",blank,"","SE","url","url only","url slug ""SE""","https://www.toyotaofbellevue.com/new-Bellevue-2026-Toyota-RAV4-SE-2T36DRBV7TW029331"
2T36DRBV7TW029975,6747,"J. Allen Toyota",blank,"","","","still blank","","https://www.jallentoyota.com/viewdetails/new/2t36drbv7tw029975/2026-toyota-rav4-sport-utility"
2T36DRBV7TW030284,7316,"Michael's Toyota of Bellevue",blank,"","XLE Premium","url","url only","url slug ""XLE Premium""","https://www.toyotaofbellevue.com/new-Bellevue-2026-Toyota-RAV4-XLE+Premium-2T36DRBV7TW030284"
2T36DRBV7TW030947,7310,"Vancouver Toyota",blank,"","","","still blank","","https://www.vancouvertoyota.com/viewdetails/new/2t36drbv7tw030947/2026-toyota-rav4-sport-utility"
2T36DRBV7TW031709,6718,"Roberts Toyota",blank,"","","","still blank","","https://www.robertstoyota.com/viewdetails/new/2t36drbv7tw031709/2026-toyota-rav4-sport-utility"
2T36DRBV7TW38F038,7310,"Vancouver Toyota",blank,"","","","still blank","","https://www.vancouvertoyota.com/viewdetails/new/2t36drbv7tw38f038/2026-toyota-rav4-sport-utility"
2T36DRBV7TW38F637,7073,"Mac Haik Toyota",blank,"","XLE Premium","url","url only","url slug ""XLE Premium""","https://www.machaiktoyota.com/new-League+City-2026-Toyota-RAV4-XLE+Premium-2T36DRBV7TW38F637"
2T36DRBV7TW38J261,6858,"Page Toyota",blank,"","","","still blank","","https://www.pagetoyota.com/viewdetails/new/2t36drbv7tw38j261/2026-toyota-rav4-sport-utility"
2T36DRBV7TW41E179,7322,"Toyota of Lake City",blank,"","XLE Premium","url","url only","url slug ""XLE Premium""","https://www.toyotaoflakecity.com/new-Seattle-2026-Toyota-RAV4-XLE+Premium-2T36DRBV7TW41E179"
2T36DRBV7TW41F073,7325,"Titus-Will Toyota",blank,"","SE","url","url only","url slug ""SE""","https://www.tituswilltoyota.com/new-Tacoma-2026-Toyota-RAV4-SE-2T36DRBV7TW41F073"
2T36DRBV8TC40F153,6747,"J. Allen Toyota",blank,"","","","still blank","","https://www.jallentoyota.com/viewdetails/new/2t36drbv8tc40f153/2026-toyota-rav4-sport-utility"
2T36DRBV8TC42F743,7274,"Toyota Walnut Creek",blank,"","","","still blank","","https://www.toyotawc.com/inventory/new"
2T36DRBV8TW028060,7316,"Michael's Toyota of Bellevue",blank,"","XLE Premium","url","url only","url slug ""XLE Premium""","https://www.toyotaofbellevue.com/new-Bellevue-2026-Toyota-RAV4-XLE+Premium-2T36DRBV8TW028060"
2T36DRBV8TW028365,7310,"Vancouver Toyota",blank,"","","","still blank","","https://www.vancouvertoyota.com/viewdetails/new/2t36drbv8tw028365/2026-toyota-rav4-sport-utility"
2T36DRBV8TW028723,7310,"Vancouver Toyota",blank,"","","","still blank","","https://www.vancouvertoyota.com/viewdetails/new/2t36drbv8tw028723/2026-toyota-rav4-sport-utility"
2T36DRBV8TW029502,7316,"Michael's Toyota of Bellevue",blank,"","SE","url","url only","url slug ""SE""","https://www.toyotaofbellevue.com/new-Bellevue-2026-Toyota-RAV4-SE-2T36DRBV8TW029502"
2T36DRBV8TW030343,7325,"Titus-Will Toyota",blank,"","SE","url","url only","url slug ""SE""","https://www.tituswilltoyota.com/new-Tacoma-2026-Toyota-RAV4-SE-2T36DRBV8TW030343"
2T36DRBV8TW030441,7318,"Toyota of Seattle",blank,"","","","still blank","","https://www.toyotaofseattle.com/viewdetails/new/2t36drbv8tw030441/2026-toyota-rav4-sport-utility"
2T36DRBV8TW37H367,6858,"Page Toyota",blank,"","","","still blank","","https://www.pagetoyota.com/viewdetails/new/2t36drbv8tw37h367/2026-toyota-rav4-sport-utility"
2T36DRBV8TW38F646,6747,"J. Allen Toyota",blank,"","","","still blank","","https://www.jallentoyota.com/viewdetails/new/2t36drbv8tw38f646/2026-toyota-rav4-sport-utility"
2T36DRBV8TW38G120,7322,"Toyota of Lake City",blank,"","SE","url","url only","url slug ""SE""","https://www.toyotaoflakecity.com/new-Seattle-2026-Toyota-RAV4-SE-2T36DRBV8TW38G120"
2T36DRBV8TW41E241,7324,"Toyota of Puyallup",blank,"","","","still blank","","https://www.toyotaofpuyallup.com/viewdetails/new/2t36drbv8tw41e241/2026-toyota-rav4-sport-utility"
2T36DRBV8TW41H706,7001,"Mark McLarty Toyota",blank,"","XLE Premium","url","url only","url slug ""XLE Premium""","https://www.markmclartytoyota.com/new-North+Little+Rock-2026-Toyota-RAV4-XLE+Premium-2T36DRBV8TW41H706"
2T36DRBV9TC022575,7076,"Gulf Coast Toyota",blank,"","","","still blank","","https://www.gulfcoasttoyota.com/viewdetails/new/2t36drbv9tc022575/2026-toyota-rav4-sport-utility"
2T36DRBV9TC024892,7310,"Vancouver Toyota",blank,"","","","still blank","","https://www.vancouvertoyota.com/viewdetails/new/2t36drbv9tc024892/2026-toyota-rav4-sport-utility"
2T36DRBV9TC38F768,7325,"Titus-Will Toyota",blank,"","XLE Premium","url","url only","url slug ""XLE Premium""","https://www.tituswilltoyota.com/new-Tacoma-2026-Toyota-RAV4-XLE+Premium-2T36DRBV9TC38F768"
2T36DRBV9TC39E812,7322,"Toyota of Lake City",blank,"","XLE Premium","url","url only","url slug ""XLE Premium""","https://www.toyotaoflakecity.com/new-Seattle-2026-Toyota-RAV4-XLE+Premium-2T36DRBV9TC39E812"
2T36DRBV9TC41G663,7260,"Modesto Toyota",blank,"","","","still blank","","https://modestotoyota.autogo.ai/vehicle/New/2026/Toyota/RAV4/2T36DRBV9TC41G663/"
2T36DRBV9TC42H761,7260,"Modesto Toyota",blank,"","","","still blank","","https://modestotoyota.autogo.ai/vehicle/New/2026/Toyota/RAV4/2T36DRBV9TC42H761/"
2T36DRBV9TW028021,7325,"Titus-Will Toyota",blank,"","XLE Premium","url","url only","url slug ""XLE Premium""","https://www.tituswilltoyota.com/new-Tacoma-2026-Toyota-RAV4-XLE+Premium-2T36DRBV9TW028021"
2T36DRBV9TW028584,7310,"Vancouver Toyota",blank,"","","","still blank","","https://www.vancouvertoyota.com/viewdetails/new/2t36drbv9tw028584/2026-toyota-rav4-sport-utility"
2T36DRBV9TW029508,7325,"Titus-Will Toyota",blank,"","XLE Premium","url","url only","url slug ""XLE Premium""","https://www.tituswilltoyota.com/new-Tacoma-2026-Toyota-RAV4-XLE+Premium-2T36DRBV9TW029508"
2T36DRBV9TW030853,7260,"Modesto Toyota",blank,"","","","still blank","","https://modestotoyota.autogo.ai/vehicle/New/2026/Toyota/RAV4/2T36DRBV9TW030853/"
2T36DRBV9TW39G977,7331,"I-5 Toyota",blank,"","SE","url","url only","url slug ""SE""","https://www.i-5toyota.com/new-Chehalis-2026-Toyota-RAV4-SE-2T36DRBV9TW39G977"
2T36DRBVXTC023685,7076,"Gulf Coast Toyota",blank,"","","","still blank","","https://www.gulfcoasttoyota.com/viewdetails/new/2t36drbvxtc023685/2026-toyota-rav4-sport-utility"
2T36DRBVXTC024609,6747,"J. Allen Toyota",blank,"","","","still blank","","https://www.jallentoyota.com/viewdetails/new/2t36drbvxtc024609/2026-toyota-rav4-sport-utility"
2T36DRBVXTC024898,7322,"Toyota of Lake City",blank,"","XLE Premium","url","url only","url slug ""XLE Premium""","https://www.toyotaoflakecity.com/new-Seattle-2026-Toyota-RAV4-XLE+Premium-2T36DRBVXTC024898"
2T36DRBVXTC025033,7324,"Toyota of Puyallup",blank,"","","","still blank","","https://www.toyotaofpuyallup.com/viewdetails/new/2t36drbvxtc025033/2026-toyota-rav4-sport-utility"
2T36DRBVXTC36G453,7008,"Doggett Toyota of Beaumont",blank,"","","","still blank","","https://www.doggetttoyotabeaumont.com/vehicle/New/2026/Toyota/RAV4/2T36DRBVXTC36G453/"
2T36DRBVXTC39E222,6736,"Toyota of Jackson",blank,"","XLE Premium","url","url only","url slug ""XLE Premium""","https://www.toyotaofjackson.com/new-Jackson-2026-Toyota-RAV4-XLE+Premium-2T36DRBVXTC39E222"
2T36DRBVXTC39E821,7324,"Toyota of Puyallup",blank,"","","","still blank","","https://www.toyotaofpuyallup.com/viewdetails/new/2t36drbvxtc39e821/2026-toyota-rav4-sport-utility"
2T36DRBVXTC39G438,7008,"Doggett Toyota of Beaumont",blank,"","","","still blank","","https://www.doggetttoyotabeaumont.com/vehicle/New/2026/Toyota/RAV4/2T36DRBVXTC39G438/"
2T36DRBVXTC44F914,6736,"Toyota of Jackson",blank,"","LE","url","url only","url slug ""LE""","https://www.toyotaofjackson.com/new-Jackson-2026-Toyota-RAV4-LE-2T36DRBVXTC44F914"
2T36DRBVXTW028559,7310,"Vancouver Toyota",blank,"","","","still blank","","https://www.vancouvertoyota.com/viewdetails/new/2t36drbvxtw028559/2026-toyota-rav4-sport-utility"
2T36DRBVXTW029212,7260,"Modesto Toyota",blank,"","","","still blank","","https://modestotoyota.autogo.ai/vehicle/New/2026/Toyota/RAV4/2T36DRBVXTW029212/"
2T36DRBVXTW030103,7318,"Toyota of Seattle",blank,"","","","still blank","","https://www.toyotaofseattle.com/viewdetails/new/2t36drbvxtw030103/2026-toyota-rav4-sport-utility"
2T36DRBVXTW36H343,7008,"Doggett Toyota of Beaumont",blank,"","","","still blank","","https://www.doggetttoyotabeaumont.com/vehicle/New/2026/Toyota/RAV4/2T36DRBVXTW36H343/"
2T36DRBVXTW37F572,7008,"Doggett Toyota of Beaumont",blank,"","","","still blank","","https://www.doggetttoyotabeaumont.com/vehicle/New/2026/Toyota/RAV4/2T36DRBVXTW37F572/"
2T36DRBVXTW39J606,7310,"Vancouver Toyota",blank,"","","","still blank","","https://www.vancouvertoyota.com/viewdetails/new/2t36drbvxtw39j606/2026-toyota-rav4-sport-utility"
2T36DRBVXTW40F279,7001,"Mark McLarty Toyota",blank,"","SE","url","url only","url slug ""SE""","https://www.markmclartytoyota.com/new-North+Little+Rock-2026-Toyota-RAV4-SE-2T36DRBVXTW40F279"
2T36DRBVXTW42E706,7260,"Modesto Toyota",blank,"","","","still blank","","https://modestotoyota.autogo.ai/vehicle/New/2026/Toyota/RAV4/2T36DRBVXTW42E706/"
2T36DRBVXTW44E647,7260,"Modesto Toyota",blank,"","","","still blank","","https://modestotoyota.autogo.ai/vehicle/New/2026/Toyota/RAV4/2T36DRBVXTW44E647/"
4T36CRAV0TU007689,6910,"Markquart Toyota",blank,"","XLE Premium","url","url only","url slug ""XLE Premium""","https://www.markquarttoyota.com/new-Eau+Claire+Area-2026-Toyota-RAV4-XLE+Premium-4T36CRAV0TU007689"
4T36CRAV0TU008471,7260,"Modesto Toyota",blank,"","","","still blank","","https://modestotoyota.autogo.ai/vehicle/New/2026/Toyota/RAV4/4T36CRAV0TU008471/"
4T36CRAV0TU009149,6979,"Lewis Toyota of Topeka",blank,"","","","still blank","","https://www.lewistoyota.com/inventory/new/toyota-rav4-for+sale+in+topeka+ks.htm"
4T36CRAV0TU010639,7136,"Orem Toyota",blank,"","SE","url","url only","url slug ""SE""","https://www.oremtoyota.com/new-Orem-2026-Toyota-RAV4-SE-4T36CRAV0TU010639"
4T36CRAV0TU011256,6736,"Toyota of Jackson",blank,"","XLE Premium","url","url only","url slug ""XLE Premium""","https://www.toyotaofjackson.com/new-Jackson-2026-Toyota-RAV4-XLE+Premium-4T36CRAV0TU011256"
4T36CRAV0TU011757,6863,"Randy Wise Toyota",blank,"","XLE Premium","url","url only","url slug ""XLE Premium""","https://www.randywisetoyota.com/new-Grand+Blanc-2026-Toyota-RAV4-XLE+Premium-4T36CRAV0TU011757"
4T36CRAV0TU012262,6755,"Toyota South",blank,"","SE","url","url only","url slug ""SE""","https://www.toyotasouth.com/new-Richmond+-2026-Toyota-RAV4-SE-4T36CRAV0TU012262"
4T36CRAV0TU39G323,6877,"Billion Toyota",blank,"","SE","url","url only","url slug ""SE""","https://www.siouxfallstoyota.com/new-Sioux+Falls-2026-Toyota-RAV4-SE-4T36CRAV0TU39G323"
4T36CRAV0TU39G693,6877,"Billion Toyota",blank,"","SE","url","url only","url slug ""SE""","https://www.siouxfallstoyota.com/new-Sioux+Falls-2026-Toyota-RAV4-SE-4T36CRAV0TU39G693"
4T36CRAV0TU40K763,7001,"Mark McLarty Toyota",blank,"","XLE Premium","url","url only","url slug ""XLE Premium""","https://www.markmclartytoyota.com/new-North+Little+Rock-2026-Toyota-RAV4-XLE+Premium-4T36CRAV0TU40K763"
4T36CRAV0TU40L279,6858,"Page Toyota",blank,"","","","still blank","","https://www.pagetoyota.com/viewdetails/new/4t36crav0tu40l279/2026-toyota-rav4-sport-utility"
4T36CRAV0TU40M139,7260,"Modesto Toyota",blank,"","","","still blank","","https://modestotoyota.autogo.ai/vehicle/New/2026/Toyota/RAV4/4T36CRAV0TU40M139/"
4T36CRAV0TU40M254,6865,"Matick Toyota",blank,"","XLE Premium","url","url only","url slug ""XLE Premium""","https://www.maticktoyota.com/new-Macomb-2026-Toyota-RAV4-XLE+Premium-4T36CRAV0TU40M254"
4T36CRAV0TU41P716,7260,"Modesto Toyota",blank,"","","","still blank","","https://modestotoyota.autogo.ai/vehicle/New/2026/Toyota/RAV4/4T36CRAV0TU41P716/"
4T36CRAV0TU41R370,6910,"Markquart Toyota",blank,"","XLE Premium","url","url only","url slug ""XLE Premium""","https://www.markquarttoyota.com/new-Eau+Claire+Area-2026-Toyota-RAV4-XLE+Premium-4T36CRAV0TU41R370"
4T36CRAV0TU43P318,7260,"Modesto Toyota",blank,"","","","still blank","","https://modestotoyota.autogo.ai/vehicle/New/2026/Toyota/RAV4/4T36CRAV0TU43P318/"
4T36CRAV1TU009631,7260,"Modesto Toyota",blank,"","","","still blank","","https://modestotoyota.autogo.ai/vehicle/New/2026/Toyota/RAV4/4T36CRAV1TU009631/"
4T36CRAV1TU010200,6865,"Matick Toyota",blank,"","LE","url","url only","url slug ""LE""","https://www.maticktoyota.com/new-Macomb-2026-Toyota-RAV4-LE-4T36CRAV1TU010200"
4T36CRAV1TU011170,7323,"Swickard Toyota",blank,"","XSE","url","url only","url slug ""XSE""","https://www.swickardtoyota.com/new-Edmonds-2026-Toyota-RAV4-XSE-4T36CRAV1TU011170"
4T36CRAV1TU011203,7322,"Toyota of Lake City",blank,"","XSE","url","url only","url slug ""XSE""","https://www.toyotaoflakecity.com/new-Seattle-2026-Toyota-RAV4-XSE-4T36CRAV1TU011203"
4T36CRAV1TU011248,6910,"Markquart Toyota",blank,"","SE","url","url only","url slug ""SE""","https://www.markquarttoyota.com/new-Eau+Claire+Area-2026-Toyota-RAV4-SE-4T36CRAV1TU011248"
4T36CRAV1TU012089,6910,"Markquart Toyota",blank,"","LE","url","url only","url slug ""LE""","https://www.markquarttoyota.com/new-Eau+Claire+Area-2026-Toyota-RAV4-LE-4T36CRAV1TU012089"
4T36CRAV1TU012108,7318,"Toyota of Seattle",blank,"","","","still blank","","https://www.toyotaofseattle.com/viewdetails/new/4t36crav1tu012108/2026-toyota-rav4-sport-utility"
4T36CRAV1TU012268,6910,"Markquart Toyota",blank,"","SE","url","url only","url slug ""SE""","https://www.markquarttoyota.com/new-Eau+Claire+Area-2026-Toyota-RAV4-SE-4T36CRAV1TU012268"
4T36CRAV1TU012416,7323,"Swickard Toyota",blank,"","XSE","url","url only","url slug ""XSE""","https://www.swickardtoyota.com/new-Edmonds-2026-Toyota-RAV4-XSE-4T36CRAV1TU012416"
4T36CRAV1TU012495,7324,"Toyota of Puyallup",blank,"","","","still blank","","https://www.toyotaofpuyallup.com/viewdetails/new/4t36crav1tu012495/2026-toyota-rav4-sport-utility"
4T36CRAV1TU38G688,6863,"Randy Wise Toyota",blank,"","XLE Premium","url","url only","url slug ""XLE Premium""","https://www.randywisetoyota.com/new-Grand+Blanc-2026-Toyota-RAV4-XLE+Premium-4T36CRAV1TU38G688"
4T36CRAV1TU39F732,7310,"Vancouver Toyota",blank,"","","","still blank","","https://www.vancouvertoyota.com/viewdetails/new/4t36crav1tu39f732/2026-toyota-rav4-sport-utility"
4T36CRAV1TU39F763,6910,"Markquart Toyota",blank,"","LE","url","url only","url slug ""LE""","https://www.markquarttoyota.com/new-Eau+Claire+Area-2026-Toyota-RAV4-LE-4T36CRAV1TU39F763"
4T36CRAV1TU39G282,7337,"Five Star Toyota",blank,"","XSE","url","url only","url slug ""XSE""","https://www.fivestartoyota.com/new-Aberdeen-2026-Toyota-RAV4-XSE-4T36CRAV1TU39G282"
4T36CRAV1TU39G637,7260,"Modesto Toyota",blank,"","","","still blank","","https://modestotoyota.autogo.ai/vehicle/New/2026/Toyota/RAV4/4T36CRAV1TU39G637/"
4T36CRAV1TU40K349,7310,"Vancouver Toyota",blank,"","","","still blank","","https://www.vancouvertoyota.com/viewdetails/new/4t36crav1tu40k349/2026-toyota-rav4-sport-utility"
4T36CRAV1TU40L078,7310,"Vancouver Toyota",blank,"","","","still blank","","https://www.vancouvertoyota.com/viewdetails/new/4t36crav1tu40l078/2026-toyota-rav4-sport-utility"
4T36CRAV1TU40L386,6755,"Toyota South",blank,"","LE","url","url only","url slug ""LE""","https://www.toyotasouth.com/new-Richmond+-2026-Toyota-RAV4-LE-4T36CRAV1TU40L386"
4T36CRAV1TU40M103,6868,"Toyota of Grand Rapids",blank,"","LE","url","url only","url slug ""LE""","https://www.toyotaofgrandrapids.com/new-Grand+Rapids-2026-Toyota-RAV4-LE-4T36CRAV1TU40M103"
4T36CRAV1TU41R068,7324,"Toyota of Puyallup",blank,"","","","still blank","","https://www.toyotaofpuyallup.com/viewdetails/new/4t36crav1tu41r068/2026-toyota-rav4-sport-utility"
4T36CRAV1TU42P932,6755,"Toyota South",blank,"","LE","url","url only","url slug ""LE""","https://www.toyotasouth.com/new-Richmond+-2026-Toyota-RAV4-LE-4T36CRAV1TU42P932"
4T36CRAV1TU42P963,6755,"Toyota South",blank,"","XLE Premium","url","url only","url slug ""XLE Premium""","https://www.toyotasouth.com/new-Richmond+-2026-Toyota-RAV4-XLE+Premium-4T36CRAV1TU42P963"
4T36CRAV2TU009363,6910,"Markquart Toyota",blank,"","XSE","url","url only","url slug ""XSE""","https://www.markquarttoyota.com/new-Eau+Claire+Area-2026-Toyota-RAV4-XSE-4T36CRAV2TU009363"
4T36CRAV2TU009461,7310,"Vancouver Toyota",blank,"","","","still blank","","https://www.vancouvertoyota.com/viewdetails/new/4t36crav2tu009461/2026-toyota-rav4-sport-utility"
4T36CRAV2TU011520,7331,"I-5 Toyota",blank,"","XSE","url","url only","url slug ""XSE""","https://www.i-5toyota.com/new-Chehalis-2026-Toyota-RAV4-XSE-4T36CRAV2TU011520"
4T36CRAV2TU011890,7323,"Swickard Toyota",blank,"","XSE","url","url only","url slug ""XSE""","https://www.swickardtoyota.com/new-Edmonds-2026-Toyota-RAV4-XSE-4T36CRAV2TU011890"
4T36CRAV2TU012120,6722,"Toyota of Bowling Green",blank,"","","","still blank","","https://www.toyotaofbowlinggreen.com/inventory/new"
4T36CRAV2TU013266,7323,"Swickard Toyota",blank,"","XSE","url","url only","url slug ""XSE""","https://www.swickardtoyota.com/new-Edmonds-2026-Toyota-RAV4-XSE-4T36CRAV2TU013266"
4T36CRAV2TU015793,6718,"Roberts Toyota",blank,"","","","still blank","","https://www.robertstoyota.com/viewdetails/new/4t36crav2tu015793/2026-toyota-rav4-sport-utility"
4T36CRAV2TU38F968,7260,"Modesto Toyota",blank,"","","","still blank","","https://modestotoyota.autogo.ai/vehicle/New/2026/Toyota/RAV4/4T36CRAV2TU38F968/"
4T36CRAV2TU38G294,6877,"Billion Toyota",blank,"","XLE Premium","url","url only","url slug ""XLE Premium""","https://www.siouxfallstoyota.com/new-Sioux+Falls-2026-Toyota-RAV4-XLE+Premium-4T36CRAV2TU38G294"
4T36CRAV2TU38H042,7325,"Titus-Will Toyota",blank,"","XSE","url","url only","url slug ""XSE""","https://www.tituswilltoyota.com/new-Tacoma-2026-Toyota-RAV4-XSE-4T36CRAV2TU38H042"
4T36CRAV2TU38H087,6865,"Matick Toyota",blank,"","XSE","url","url only","url slug ""XSE""","https://www.maticktoyota.com/new-Macomb-2026-Toyota-RAV4-XSE-4T36CRAV2TU38H087"
4T36CRAV2TU39F738,6910,"Markquart Toyota",blank,"","XLE Premium","url","url only","url slug ""XLE Premium""","https://www.markquarttoyota.com/new-Eau+Claire+Area-2026-Toyota-RAV4-XLE+Premium-4T36CRAV2TU39F738"
4T36CRAV2TU39F867,6868,"Toyota of Grand Rapids",blank,"","XLE Premium","url","url only","url slug ""XLE Premium""","https://www.toyotaofgrandrapids.com/new-Grand+Rapids-2026-Toyota-RAV4-XLE+Premium-4T36CRAV2TU39F867"
4T36CRAV2TU39G386,7331,"I-5 Toyota",blank,"","XSE","url","url only","url slug ""XSE""","https://www.i-5toyota.com/new-Chehalis-2026-Toyota-RAV4-XSE-4T36CRAV2TU39G386"
4T36CRAV2TU40K876,6755,"Toyota South",blank,"","SE","url","url only","url slug ""SE""","https://www.toyotasouth.com/new-Richmond+-2026-Toyota-RAV4-SE-4T36CRAV2TU40K876"
4T36CRAV2TU40L591,6718,"Roberts Toyota",blank,"","","","still blank","","https://www.robertstoyota.com/viewdetails/new/4t36crav2tu40l591/2026-toyota-rav4-sport-utility"
4T36CRAV2TU40M126,6755,"Toyota South",blank,"","XLE Premium","url","url only","url slug ""XLE Premium""","https://www.toyotasouth.com/new-Richmond+-2026-Toyota-RAV4-XLE+Premium-4T36CRAV2TU40M126"
4T36CRAV2TU40M322,6865,"Matick Toyota",blank,"","XLE Premium","url","url only","url slug ""XLE Premium""","https://www.maticktoyota.com/new-Macomb-2026-Toyota-RAV4-XLE+Premium-4T36CRAV2TU40M322"
4T36CRAV2TU41P894,6863,"Randy Wise Toyota",blank,"","XLE Premium","url","url only","url slug ""XLE Premium""","https://www.randywisetoyota.com/new-Grand+Blanc-2026-Toyota-RAV4-XLE+Premium-4T36CRAV2TU41P894"
4T36CRAV2TU41P989,6722,"Toyota of Bowling Green",blank,"","","","still blank","","https://www.toyotaofbowlinggreen.com/viewdetails/new/4t36crav2tu41p989/2026-toyota-rav4-sport-utility"
4T36CRAV2TU42P969,6755,"Toyota South",blank,"","XLE Premium","url","url only","url slug ""XLE Premium""","https://www.toyotasouth.com/new-Richmond+-2026-Toyota-RAV4-XLE+Premium-4T36CRAV2TU42P969"
4T36CRAV2TU43P966,6877,"Billion Toyota",blank,"","XSE","url+snapshot","both agree","url slug ""XSE""; jsonld-name ""XSE"" (box1 2026-10-08)","https://www.siouxfallstoyota.com/new-Sioux+Falls-2026-Toyota-RAV4-XSE-4T36CRAV2TU43P966"
4T36CRAV3TU008934,6910,"Markquart Toyota",blank,"","XLE Premium","url","url only","url slug ""XLE Premium""","https://www.markquarttoyota.com/new-Eau+Claire+Area-2026-Toyota-RAV4-XLE+Premium-4T36CRAV3TU008934"
4T36CRAV3TU009159,7324,"Toyota of Puyallup",blank,"","","","still blank","","https://www.toyotaofpuyallup.com/viewdetails/new/4t36crav3tu009159/2026-toyota-rav4-sport-utility"
4T36CRAV3TU010277,7310,"Vancouver Toyota",blank,"","","","still blank","","https://www.vancouvertoyota.com/viewdetails/new/4t36crav3tu010277/2026-toyota-rav4-sport-utility"
4T36CRAV3TU011994,7316,"Michael's Toyota of Bellevue",blank,"","XSE","url","url only","url slug ""XSE""","https://www.toyotaofbellevue.com/new-Bellevue-2026-Toyota-RAV4-XSE-4T36CRAV3TU011994"
4T36CRAV3TU012806,7260,"Modesto Toyota",blank,"","","","still blank","","https://modestotoyota.autogo.ai/vehicle/New/2026/Toyota/RAV4/4T36CRAV3TU012806/"
4T36CRAV3TU38G207,6858,"Page Toyota",blank,"","","","still blank","","https://www.pagetoyota.com/viewdetails/new/4t36crav3tu38g207/2026-toyota-rav4-sport-utility"
4T36CRAV3TU38G269,6863,"Randy Wise Toyota",blank,"","XLE Premium","url","url only","url slug ""XLE Premium""","https://www.randywisetoyota.com/new-Grand+Blanc-2026-Toyota-RAV4-XLE+Premium-4T36CRAV3TU38G269"
4T36CRAV3TU39F473,6910,"Markquart Toyota",blank,"","LE","url","url only","url slug ""LE""","https://www.markquarttoyota.com/new-Eau+Claire+Area-2026-Toyota-RAV4-LE-4T36CRAV3TU39F473"
4T36CRAV3TU39F747,7324,"Toyota of Puyallup",blank,"","","","still blank","","https://www.toyotaofpuyallup.com/viewdetails/new/4t36crav3tu39f747/2026-toyota-rav4-sport-utility"
4T36CRAV3TU39F814,7260,"Modesto Toyota",blank,"","","","still blank","","https://modestotoyota.autogo.ai/vehicle/New/2026/Toyota/RAV4/4T36CRAV3TU39F814/"
4T36CRAV3TU39G008,6771,"Don Moore Toyota",blank,"","LE","url","url only","url slug ""LE""","https://www.donmooretoyota.com/new-Owensboro-2026-Toyota-RAV4-LE-4T36CRAV3TU39G008"
4T36CRAV3TU39G171,6771,"Don Moore Toyota",blank,"","XLE Premium","url","url only","url slug ""XLE Premium""","https://www.donmooretoyota.com/new-Owensboro-2026-Toyota-RAV4-XLE+Premium-4T36CRAV3TU39G171"
4T36CRAV3TU39G977,7324,"Toyota of Puyallup",blank,"","","","still blank","","https://www.toyotaofpuyallup.com/viewdetails/new/4t36crav3tu39g977/2026-toyota-rav4-sport-utility"
4T36CRAV3TU40K689,6899,"Smart Motors Toyota",blank,"","SE","url","url only","url slug ""SE""","https://www.smarttoyota.com/new-Madison-2026-Toyota-RAV4-SE-4T36CRAV3TU40K689"
4T36CRAV3TU40L390,6858,"Page Toyota",blank,"","","","still blank","","https://www.pagetoyota.com/viewdetails/new/4t36crav3tu40l390/2026-toyota-rav4-sport-utility"
4T36CRAV3TU40L440,6868,"Toyota of Grand Rapids",blank,"","XLE Premium","url","url only","url slug ""XLE Premium""","https://www.toyotaofgrandrapids.com/new-Grand+Rapids-2026-Toyota-RAV4-XLE+Premium-4T36CRAV3TU40L440"
4T36CRAV3TU40L468,6722,"Toyota of Bowling Green",blank,"","","","still blank","","https://www.toyotaofbowlinggreen.com/viewdetails/new/4t36crav3tu40l468/2026-toyota-rav4-sport-utility"
4T36CRAV3TU40M300,6858,"Page Toyota",blank,"","","","still blank","","https://www.pagetoyota.com/inventory/new/toyota/rav4"
4T36CRAV3TU42R391,6894,"Bergstrom Toyota",blank,"","XLE Premium","url","url only","url slug ""XLE Premium""","https://www.bergstromtoyota.com/new-Oshkosh-2026-Toyota-RAV4-XLE+Premium-4T36CRAV3TU42R391"
4T36CRAV3TU43P118,6755,"Toyota South",blank,"","XLE Premium","url","url only","url slug ""XLE Premium""","https://www.toyotasouth.com/new-Richmond+-2026-Toyota-RAV4-XLE+Premium-4T36CRAV3TU43P118"
4T36CRAV4TU007629,6910,"Markquart Toyota",blank,"","XSE","url","url only","url slug ""XSE""","https://www.markquarttoyota.com/new-Eau+Claire+Area-2026-Toyota-RAV4-XSE-4T36CRAV4TU007629"
4T36CRAV4TU008523,7136,"Orem Toyota",blank,"","XLE Premium","url","url only","url slug ""XLE Premium""","https://www.oremtoyota.com/new-Orem-2026-Toyota-RAV4-XLE+Premium-4T36CRAV4TU008523"
4T36CRAV4TU010854,7325,"Titus-Will Toyota",blank,"","XSE","url","url only","url slug ""XSE""","https://www.tituswilltoyota.com/new-Tacoma-2026-Toyota-RAV4-XSE-4T36CRAV4TU010854"
4T36CRAV4TU011051,6910,"Markquart Toyota",blank,"","XLE Premium","url","url only","url slug ""XLE Premium""","https://www.markquarttoyota.com/new-Eau+Claire+Area-2026-Toyota-RAV4-XLE+Premium-4T36CRAV4TU011051"
4T36CRAV4TU013446,7323,"Swickard Toyota",blank,"","XSE","url","url only","url slug ""XSE""","https://www.swickardtoyota.com/new-Edmonds-2026-Toyota-RAV4-XSE-4T36CRAV4TU013446"
4T36CRAV4TU40K409,6722,"Toyota of Bowling Green",blank,"","","","still blank","","https://www.toyotaofbowlinggreen.com/viewdetails/new/4t36crav4tu40k409/2026-toyota-rav4-sport-utility"
4T36CRAV4TU40K801,6877,"Billion Toyota",blank,"","XLE Premium","url+snapshot","both agree","url slug ""XLE Premium""; jsonld-name ""XLE Premium"" (box1 2026-10-03)","https://www.siouxfallstoyota.com/new-Sioux+Falls-2026-Toyota-RAV4-XLE+Premium-4T36CRAV4TU40K801"
4T36CRAV4TU40K894,7323,"Swickard Toyota",blank,"","XLE Premium","url","url only","url slug ""XLE Premium""","https://www.swickardtoyota.com/new-Edmonds-2026-Toyota-RAV4-XLE+Premium-4T36CRAV4TU40K894"
4T36CRAV4TU40L222,7260,"Modesto Toyota",blank,"","","","still blank","","https://modestotoyota.autogo.ai/vehicle/New/2026/Toyota/RAV4/4T36CRAV4TU40L222/"
4T36CRAV4TU40L267,6771,"Don Moore Toyota",blank,"","XLE Premium","url","url only","url slug ""XLE Premium""","https://www.donmooretoyota.com/new-Owensboro-2026-Toyota-RAV4-XLE+Premium-4T36CRAV4TU40L267"
4T36CRAV4TU40L396,6722,"Toyota of Bowling Green",blank,"","","","still blank","","https://www.toyotaofbowlinggreen.com/viewdetails/new/4t36crav4tu40l396/2026-toyota-rav4-sport-utility"
4T36CRAV4TU40L480,6894,"Bergstrom Toyota",blank,"","SE","url","url only","url slug ""SE""","https://www.bergstromtoyota.com/new-Oshkosh-2026-Toyota-RAV4-SE-4T36CRAV4TU40L480"
4T36CRAV4TU40M144,7260,"Modesto Toyota",blank,"","","","still blank","","https://modestotoyota.autogo.ai/vehicle/New/2026/Toyota/RAV4/4T36CRAV4TU40M144/"
4T36CRAV4TU41P640,6865,"Matick Toyota",blank,"","XLE Premium","url","url only","url slug ""XLE Premium""","https://www.maticktoyota.com/new-Macomb-2026-Toyota-RAV4-XLE+Premium-4T36CRAV4TU41P640"
4T36CRAV4TU41P850,6877,"Billion Toyota",blank,"","SE","url+snapshot","both agree","url slug ""SE""; jsonld-name ""SE"" (box1 2026-10-08)","https://www.siouxfallstoyota.com/new-Sioux+Falls-2026-Toyota-RAV4-SE-4T36CRAV4TU41P850"
4T36CRAV4TU41R016,6755,"Toyota South",blank,"","LE","url","url only","url slug ""LE""","https://www.toyotasouth.com/new-Richmond+-2026-Toyota-RAV4-LE-4T36CRAV4TU41R016"
4T36CRAV4TU41R212,6868,"Toyota of Grand Rapids",blank,"","LE","url","url only","url slug ""LE""","https://www.toyotaofgrandrapids.com/new-Grand+Rapids-2026-Toyota-RAV4-LE-4T36CRAV4TU41R212"
4T36CRAV4TU41R338,6755,"Toyota South",blank,"","XLE Premium","url","url only","url slug ""XLE Premium""","https://www.toyotasouth.com/new-Richmond+-2026-Toyota-RAV4-XLE+Premium-4T36CRAV4TU41R338"
4T36CRAV4TU42R058,6877,"Billion Toyota",blank,"","SE","url+snapshot","both agree","url slug ""SE""; jsonld-name ""SE"" (box1 2026-10-08)","https://www.siouxfallstoyota.com/new-Sioux+Falls-2026-Toyota-RAV4-SE-4T36CRAV4TU42R058"
4T36CRAV4TU43P225,6877,"Billion Toyota of Clinton",blank,"SE","SE","url+snapshot","both agree","url slug ""SE""; jsonld-name ""SE"" (box1 2026-10-08)","https://www.clintontoyota.com/new-Clinton-2026-Toyota-RAV4-SE-4T36CRAV4TU43P225"
4T36CRAV4TU43P824,6755,"Toyota South",blank,"","LE","url","url only","url slug ""LE""","https://www.toyotasouth.com/new-Richmond+-2026-Toyota-RAV4-LE-4T36CRAV4TU43P824"
4T36CRAV5TU007221,7136,"Orem Toyota",blank,"","LE","url","url only","url slug ""LE""","https://www.oremtoyota.com/new-Orem-2026-Toyota-RAV4-LE-4T36CRAV5TU007221"
4T36CRAV5TU007591,6877,"Billion Toyota",blank,"","XLE Premium","url","url only","url slug ""XLE Premium""","https://www.siouxfallstoyota.com/new-Sioux+Falls-2026-Toyota-RAV4-XLE+Premium-4T36CRAV5TU007591"
4T36CRAV5TU007817,7316,"Michael's Toyota of Bellevue",blank,"","XLE Premium","url","url only","url slug ""XLE Premium""","https://www.toyotaofbellevue.com/new-Bellevue-2026-Toyota-RAV4-XLE+Premium-4T36CRAV5TU007817"
4T36CRAV5TU008384,7324,"Toyota of Puyallup",blank,"","","","still blank","","https://www.toyotaofpuyallup.com/viewdetails/new/4t36crav5tu008384/2026-toyota-rav4-sport-utility"
4T36CRAV5TU010734,7337,"Five Star Toyota",blank,"","XSE","url","url only","url slug ""XSE""","https://www.fivestartoyota.com/new-Aberdeen-2026-Toyota-RAV4-XSE-4T36CRAV5TU010734"
4T36CRAV5TU012581,7325,"Titus-Will Toyota",blank,"","XLE Premium","url","url only","url slug ""XLE Premium""","https://www.tituswilltoyota.com/new-Tacoma-2026-Toyota-RAV4-XLE+Premium-4T36CRAV5TU012581"
4T36CRAV5TU012810,6822,"Royal South Toyota",blank,"","","","still blank","","https://www.royalsouthtoyota.com/viewdetails/new/4t36crav1tu015266/2026-toyota-rav4-sport-utility"
4T36CRAV5TU013441,6499,"CMA's Toyota of Lexington Park",blank,"","","","still blank","","https://www.cmastoyotaoflexingtonpark.com/inventory/new/toyota/rav4"
4T36CRAV5TU015531,6830,"Toyota of Merrillville",blank,"","","","still blank","","https://www.toyotaofmerrillville.com/inventory/new"
4T36CRAV5TU015822,6718,"Roberts Toyota",blank,"","","","still blank","","https://www.robertstoyota.com/viewdetails/new/4t36crav5tu015822/2026-toyota-rav4-sport-utility"
4T36CRAV5TU38F530,6899,"Smart Motors Toyota",blank,"","XSE","url","url only","url slug ""XSE""","https://www.smarttoyota.com/new-Madison-2026-Toyota-RAV4-XSE-4T36CRAV5TU38F530"
4T36CRAV5TU38G192,6877,"Billion Toyota",blank,"","XSE","url","url only","url slug ""XSE""","https://www.siouxfallstoyota.com/new-Sioux+Falls-2026-Toyota-RAV4-XSE-4T36CRAV5TU38G192"
4T36CRAV5TU38G693,6481,"Bill Page Toyota",blank,"","XLE Premium","url","url only","url slug ""XLE Premium""","https://www.billpagetoyota.com/new-Falls+Church-2026-Toyota-RAV4-XLE+Premium-4T36CRAV5TU38G693"
4T36CRAV5TU38G922,6910,"Markquart Toyota",blank,"","XLE Premium","url","url only","url slug ""XLE Premium""","https://www.markquarttoyota.com/new-Eau+Claire+Area-2026-Toyota-RAV4-XLE+Premium-4T36CRAV5TU38G922"
4T36CRAV5TU39F815,7310,"Vancouver Toyota",blank,"","","","still blank","","https://www.vancouvertoyota.com/viewdetails/new/4t36crav5tu39f815/2026-toyota-rav4-sport-utility"
4T36CRAV5TU39F913,6868,"Toyota of Grand Rapids",blank,"","XLE Premium","url","url only","url slug ""XLE Premium""","https://www.toyotaofgrandrapids.com/new-Grand+Rapids-2026-Toyota-RAV4-XLE+Premium-4T36CRAV5TU39F913"
4T36CRAV5TU39G897,6868,"Toyota of Grand Rapids",blank,"","XLE Premium","url","url only","url slug ""XLE Premium""","https://www.toyotaofgrandrapids.com/new-Grand+Rapids-2026-Toyota-RAV4-XLE+Premium-4T36CRAV5TU39G897"
4T36CRAV5TU40K919,7260,"Modesto Toyota",blank,"","","","still blank","","https://modestotoyota.autogo.ai/vehicle/New/2026/Toyota/RAV4/4T36CRAV5TU40K919/"
4T36CRAV5TU40K970,6722,"Toyota of Bowling Green",blank,"","","","still blank","","https://www.toyotaofbowlinggreen.com/viewdetails/new/4t36crav5tu40k970/2026-toyota-rav4-sport-utility"
4T36CRAV5TU40L469,6877,"Billion Toyota",blank,"","SE","url+snapshot","both agree","url slug ""SE""; jsonld-name ""SE"" (box1 2026-10-08)","https://www.siouxfallstoyota.com/new-Sioux+Falls-2026-Toyota-RAV4-SE-4T36CRAV5TU40L469"
4T36CRAV5TU40M282,6877,"Billion Toyota",blank,"","XLE Premium","url+snapshot","both agree","url slug ""XLE Premium""; jsonld-name ""XLE Premium"" (box1 2026-10-08)","https://www.siouxfallstoyota.com/new-Sioux+Falls-2026-Toyota-RAV4-XLE+Premium-4T36CRAV5TU40M282"
4T36CRAV5TU41P727,6899,"Smart Motors Toyota",blank,"","XLE Premium","url","url only","url slug ""XLE Premium""","https://www.smarttoyota.com/new-Madison-2026-Toyota-RAV4-XLE+Premium-4T36CRAV5TU41P727"
4T36CRAV5TU41P954,6722,"Toyota of Bowling Green",blank,"","","","still blank","","https://www.toyotaofbowlinggreen.com/viewdetails/new/4t36crav5tu41p954/2026-toyota-rav4-sport-utility"
4T36CRAV5TU41R266,6899,"Smart Motors Toyota",blank,"","XSE","url","url only","url slug ""XSE""","https://www.smarttoyota.com/new-Madison-2026-Toyota-RAV4-XSE-4T36CRAV5TU41R266"
4T36CRAV6TU006532,7325,"Titus-Will Toyota",blank,"","XLE Premium","url","url only","url slug ""XLE Premium""","https://www.tituswilltoyota.com/new-Tacoma-2026-Toyota-RAV4-XLE+Premium-4T36CRAV6TU006532"
4T36CRAV6TU009186,7001,"Mark McLarty Toyota",blank,"","XLE Premium","url","url only","url slug ""XLE Premium""","https://www.markmclartytoyota.com/new-North+Little+Rock-2026-Toyota-RAV4-XLE+Premium-4T36CRAV6TU009186"
4T36CRAV6TU011651,7136,"Orem Toyota",blank,"","XLE Premium","url","url only","url slug ""XLE Premium""","https://www.oremtoyota.com/new-Orem-2026-Toyota-RAV4-XLE+Premium-4T36CRAV6TU011651"
4T36CRAV6TU012038,6910,"Markquart Toyota",blank,"","XSE","url","url only","url slug ""XSE""","https://www.markquarttoyota.com/new-Eau+Claire+Area-2026-Toyota-RAV4-XSE-4T36CRAV6TU012038"
4T36CRAV6TU012489,6755,"Toyota South",blank,"","LE","url","url only","url slug ""LE""","https://www.toyotasouth.com/new-Richmond+-2026-Toyota-RAV4-LE-4T36CRAV6TU012489"
4T36CRAV6TU013058,7260,"Modesto Toyota",blank,"","","","still blank","","https://modestotoyota.autogo.ai/vehicle/New/2026/Toyota/RAV4/4T36CRAV6TU013058/"
4T36CRAV6TU013321,7260,"Modesto Toyota",blank,"","","","still blank","","https://modestotoyota.autogo.ai/vehicle/New/2026/Toyota/RAV4/4T36CRAV6TU013321/"
4T36CRAV6TU38G069,6863,"Randy Wise Toyota",blank,"","LE","url","url only","url slug ""LE""","https://www.randywisetoyota.com/new-Grand+Blanc-2026-Toyota-RAV4-LE-4T36CRAV6TU38G069"
4T36CRAV6TU38G394,6858,"Page Toyota",blank,"","","","still blank","","https://www.pagetoyota.com/viewdetails/new/4t36crav6tu38g394/2026-toyota-rav4-sport-utility"
4T36CRAV6TU39G827,6877,"Billion Toyota",blank,"","XLE Premium","url","url only","url slug ""XLE Premium""","https://www.siouxfallstoyota.com/new-Sioux+Falls-2026-Toyota-RAV4-XLE+Premium-4T36CRAV6TU39G827"
4T36CRAV6TU40K573,6863,"Randy Wise Toyota",blank,"","XLE Premium","url+snapshot","both agree","url slug ""XLE Premium""; jsonld-name ""XLE Premium"" (box2 2026-10-08)","https://www.randywisetoyota.com/new-Grand+Blanc-2026-Toyota-RAV4-XLE+Premium-4T36CRAV6TU40K573"
4T36CRAV6TU40K783,6877,"Billion Toyota",blank,"","SE","url+snapshot","both agree","url slug ""SE""; jsonld-name ""SE"" (box1 2026-10-08)","https://www.siouxfallstoyota.com/new-Sioux+Falls-2026-Toyota-RAV4-SE-4T36CRAV6TU40K783"
4T36CRAV6TU40L707,7260,"Modesto Toyota",blank,"","","","still blank","","https://modestotoyota.autogo.ai/vehicle/New/2026/Toyota/RAV4/4T36CRAV6TU40L707/"
4T36CRAV6TU40L786,6865,"Matick Toyota",blank,"","LE","url","url only","url slug ""LE""","https://www.maticktoyota.com/new-Macomb-2026-Toyota-RAV4-LE-4T36CRAV6TU40L786"
4T36CRAV6TU40L996,6910,"Markquart Toyota",blank,"","SE","url","url only","url slug ""SE""","https://www.markquarttoyota.com/new-Eau+Claire+Area-2026-Toyota-RAV4-SE-4T36CRAV6TU40L996"
4T36CRAV6TU41R289,6718,"Roberts Toyota",blank,"","","","still blank","","https://www.robertstoyota.com/viewdetails/new/4t36crav6tu41r289/2026-toyota-rav4-sport-utility"
4T36CRAV6TU42R269,6868,"Toyota of Grand Rapids",blank,"","SE","url","url only","url slug ""SE""","https://www.toyotaofgrandrapids.com/new-Grand+Rapids-2026-Toyota-RAV4-SE-4T36CRAV6TU42R269"
4T36CRAV7TU007348,7325,"Titus-Will Toyota",blank,"","XLE Premium","url","url only","url slug ""XLE Premium""","https://www.tituswilltoyota.com/new-Tacoma-2026-Toyota-RAV4-XLE+Premium-4T36CRAV7TU007348"
4T36CRAV7TU009536,6483,"Koons Toyota Arlington",blank,"","XLE Premium","url","url only","url slug ""XLE Premium""","https://www.koonstoyotaarlington.com/new-Arlington-2026-Toyota-RAV4-XLE+Premium-4T36CRAV7TU009536"
4T36CRAV7TU010654,7316,"Michael's Toyota of Bellevue",blank,"","XSE","url","url only","url slug ""XSE""","https://www.toyotaofbellevue.com/new-Bellevue-2026-Toyota-RAV4-XSE-4T36CRAV7TU010654"
4T36CRAV7TU38F612,7136,"Orem Toyota",blank,"","SE","url","url only","url slug ""SE""","https://www.oremtoyota.com/new-Orem-2026-Toyota-RAV4-SE-4T36CRAV7TU38F612"
4T36CRAV7TU38F982,6877,"Billion Toyota",blank,"","XSE","url","url only","url slug ""XSE""","https://www.siouxfallstoyota.com/new-Sioux+Falls-2026-Toyota-RAV4-XSE-4T36CRAV7TU38F982"
4T36CRAV7TU39F931,6858,"Page Toyota",blank,"","","","still blank","","https://www.pagetoyota.com/viewdetails/new/4t36crav7tu39f931/2026-toyota-rav4-sport-utility"
4T36CRAV7TU39G285,6771,"Don Moore Toyota",blank,"","XLE Premium","url","url only","url slug ""XLE Premium""","https://www.donmooretoyota.com/new-Owensboro-2026-Toyota-RAV4-XLE+Premium-4T36CRAV7TU39G285"
4T36CRAV7TU40K680,6899,"Smart Motors Toyota",blank,"","SE","url","url only","url slug ""SE""","https://www.smarttoyota.com/new-Madison-2026-Toyota-RAV4-SE-4T36CRAV7TU40K680"
4T36CRAV7TU40K744,6736,"Toyota of Jackson",blank,"","XLE Premium","url","url only","url slug ""XLE Premium""","https://www.toyotaofjackson.com/new-Jackson-2026-Toyota-RAV4-XLE+Premium-4T36CRAV7TU40K744"
4T36CRAV7TU40K937,7001,"Mark McLarty Toyota",blank,"","XLE Premium","url","url only","url slug ""XLE Premium""","https://www.markmclartytoyota.com/new-North+Little+Rock-2026-Toyota-RAV4-XLE+Premium-4T36CRAV7TU40K937"
4T36CRAV7TU41P633,6877,"Billion Toyota",blank,"","XLE Premium","url+snapshot","both agree","url slug ""XLE Premium""; jsonld-name ""XLE Premium"" (box1 2026-10-08)","https://www.siouxfallstoyota.com/new-Sioux+Falls-2026-Toyota-RAV4-XLE+Premium-4T36CRAV7TU41P633"
4T36CRAV7TU41R012,7260,"Modesto Toyota",blank,"","","","still blank","","https://modestotoyota.autogo.ai/vehicle/New/2026/Toyota/RAV4/4T36CRAV7TU41R012/"
4T36CRAV7TU41R205,6863,"Randy Wise Toyota",blank,"","XLE Premium","url","url only","url slug ""XLE Premium""","https://www.randywisetoyota.com/new-Grand+Blanc-2026-Toyota-RAV4-XLE+Premium-4T36CRAV7TU41R205"
4T36CRAV7TU41R365,6755,"Toyota South",blank,"","XLE Premium","url","url only","url slug ""XLE Premium""","https://www.toyotasouth.com/new-Richmond+-2026-Toyota-RAV4-XLE+Premium-4T36CRAV7TU41R365"
4T36CRAV7TU43P574,7260,"Modesto Toyota",blank,"","","","still blank","","https://modestotoyota.autogo.ai/vehicle/New/2026/Toyota/RAV4/4T36CRAV7TU43P574/"
4T36CRAV7TU43P932,6894,"Bergstrom Toyota",blank,"","XLE Premium","url","url only","url slug ""XLE Premium""","https://www.bergstromtoyota.com/new-Oshkosh-2026-Toyota-RAV4-XLE+Premium-4T36CRAV7TU43P932"
4T36CRAV8TU008430,7325,"Titus-Will Toyota",blank,"","XLE Premium","url","url only","url slug ""XLE Premium""","https://www.tituswilltoyota.com/new-Tacoma-2026-Toyota-RAV4-XLE+Premium-4T36CRAV8TU008430"
4T36CRAV8TU009044,7136,"Orem Toyota",blank,"","SE","url","url only","url slug ""SE""","https://www.oremtoyota.com/new-Orem-2026-Toyota-RAV4-SE-4T36CRAV8TU009044"
4T36CRAV8TU010355,7324,"Toyota of Puyallup",blank,"","","","still blank","","https://www.toyotaofpuyallup.com/viewdetails/new/4t36crav8tu010355/2026-toyota-rav4-sport-utility"
4T36CRAV8TU012476,6722,"Toyota of Bowling Green",blank,"","","","still blank","","https://www.toyotaofbowlinggreen.com/viewdetails/new/4t36crav8tu012476/2026-toyota-rav4-sport-utility"
4T36CRAV8TU012977,7001,"Mark McLarty Toyota",blank,"","XLE Premium","url","url only","url slug ""XLE Premium""","https://www.markmclartytoyota.com/new-North+Little+Rock-2026-Toyota-RAV4-XLE+Premium-4T36CRAV8TU012977"
4T36CRAV8TU013370,7322,"Toyota of Lake City",blank,"","XSE","url","url only","url slug ""XSE""","https://www.toyotaoflakecity.com/new-Seattle-2026-Toyota-RAV4-XSE-4T36CRAV8TU013370"
4T36CRAV8TU37F719,7008,"Doggett Toyota of Beaumont",blank,"","","","still blank","","https://www.doggetttoyotabeaumont.com/vehicle/New/2026/Toyota/RAV4/4T36CRAV8TU37F719/"
4T36CRAV8TU38F859,6894,"Bergstrom Toyota",blank,"","LE","url","url only","url slug ""LE""","https://www.bergstromtoyota.com/new-Oshkosh-2026-Toyota-RAV4-LE-4T36CRAV8TU38F859"
4T36CRAV8TU38G736,6894,"Bergstrom Toyota",blank,"","LE","url","url only","url slug ""LE""","https://www.bergstromtoyota.com/new-Oshkosh-2026-Toyota-RAV4-LE-4T36CRAV8TU38G736"
4T36CRAV8TU38H059,7008,"Doggett Toyota of Beaumont",blank,"","","","still blank","","https://www.doggetttoyotabeaumont.com/vehicle/New/2026/Toyota/RAV4/4T36CRAV8TU38H059/"
4T36CRAV8TU39G649,6858,"Page Toyota",blank,"","","","still blank","","https://www.pagetoyota.com/viewdetails/new/4t36crav8tu39g649/2026-toyota-rav4-sport-utility"
4T36CRAV8TU40L580,6722,"Toyota of Bowling Green",blank,"","","","still blank","","https://www.toyotaofbowlinggreen.com/viewdetails/new/4t36crav8tu40l580/2026-toyota-rav4-sport-utility"
4T36CRAV8TU40L918,6755,"Toyota South",blank,"","XLE Premium","url","url only","url slug ""XLE Premium""","https://www.toyotasouth.com/new-Richmond+-2026-Toyota-RAV4-XLE+Premium-4T36CRAV8TU40L918"
4T36CRAV8TU40L983,7310,"Vancouver Toyota",blank,"","","","still blank","","https://www.vancouvertoyota.com/viewdetails/new/4t36crav8tu40l983/2026-toyota-rav4-sport-utility"
4T36CRAV8TU40M020,6755,"Toyota South",blank,"","XLE Premium","url","url only","url slug ""XLE Premium""","https://www.toyotasouth.com/new-Richmond+-2026-Toyota-RAV4-XLE+Premium-4T36CRAV8TU40M020"
4T36CRAV8TU40M096,6863,"Randy Wise Toyota",blank,"","SE","url","url only","url slug ""SE""","https://www.randywisetoyota.com/new-Grand+Blanc-2026-Toyota-RAV4-SE-4T36CRAV8TU40M096"
4T36CRAV8TU40M275,6868,"Toyota of Grand Rapids",blank,"","SE","url","url only","url slug ""SE""","https://www.toyotaofgrandrapids.com/new-Grand+Rapids-2026-Toyota-RAV4-SE-4T36CRAV8TU40M275"
4T36CRAV8TU41R374,6865,"Matick Toyota",blank,"","LE","url","url only","url slug ""LE""","https://www.maticktoyota.com/new-Macomb-2026-Toyota-RAV4-LE-4T36CRAV8TU41R374"
4T36CRAV8TU42R449,6755,"Toyota South",blank,"","XLE Premium","url","url only","url slug ""XLE Premium""","https://www.toyotasouth.com/new-Richmond+-2026-Toyota-RAV4-XLE+Premium-4T36CRAV8TU42R449"
4T36CRAV8TU43P146,6722,"Toyota of Bowling Green",blank,"","","","still blank","","https://www.toyotaofbowlinggreen.com/viewdetails/new/4t36crav8tu43p146/2026-toyota-rav4-sport-utility"
4T36CRAV8TU43P213,6899,"Smart Motors Toyota",blank,"","XLE Premium","url","url only","url slug ""XLE Premium""","https://www.smarttoyota.com/new-Madison-2026-Toyota-RAV4-XLE+Premium-4T36CRAV8TU43P213"
4T36CRAV8TU44H728,7260,"Modesto Toyota",blank,"","","","still blank","","https://modestotoyota.autogo.ai/vehicle/New/2026/Toyota/RAV4/4T36CRAV8TU44H728/"
4T36CRAV9TU007612,6877,"Billion Toyota",blank,"","XSE","url","url only","url slug ""XSE""","https://www.siouxfallstoyota.com/new-Sioux+Falls-2026-Toyota-RAV4-XSE-4T36CRAV9TU007612"
4T36CRAV9TU008467,6910,"Markquart Toyota",blank,"","XLE Premium","url","url only","url slug ""XLE Premium""","https://www.markquarttoyota.com/new-Eau+Claire+Area-2026-Toyota-RAV4-XLE+Premium-4T36CRAV9TU008467"
4T36CRAV9TU010509,6877,"Billion Toyota",blank,"","SE","url","url only","url slug ""SE""","https://www.siouxfallstoyota.com/new-Sioux+Falls-2026-Toyota-RAV4-SE-4T36CRAV9TU010509"
4T36CRAV9TU010574,6910,"Markquart Toyota",blank,"","SE","url","url only","url slug ""SE""","https://www.markquarttoyota.com/new-Eau+Claire+Area-2026-Toyota-RAV4-SE-4T36CRAV9TU010574"
4T36CRAV9TU011448,7260,"Modesto Toyota",blank,"","","","still blank","","https://modestotoyota.autogo.ai/vehicle/New/2026/Toyota/RAV4/4T36CRAV9TU011448/"
4T36CRAV9TU012762,7174,"South Bay Toyota",blank,"","","","still blank","","https://www.southbaytoyota.com/inventory/new"
4T36CRAV9TU012857,6736,"Toyota of Jackson",blank,"","XLE Premium","url","url only","url slug ""XLE Premium""","https://www.toyotaofjackson.com/new-Jackson-2026-Toyota-RAV4-XLE+Premium-4T36CRAV9TU012857"
4T36CRAV9TU38F594,7323,"Swickard Toyota",blank,"","XSE","url","url only","url slug ""XSE""","https://www.swickardtoyota.com/new-Edmonds-2026-Toyota-RAV4-XSE-4T36CRAV9TU38F594"
4T36CRAV9TU38G440,6865,"Matick Toyota",blank,"","LE","url","url only","url slug ""LE""","https://www.maticktoyota.com/new-Macomb-2026-Toyota-RAV4-LE-4T36CRAV9TU38G440"
4T36CRAV9TU39G157,6863,"Randy Wise Toyota",blank,"","XLE Premium","url","url only","url slug ""XLE Premium""","https://www.randywisetoyota.com/new-Grand+Blanc-2026-Toyota-RAV4-XLE+Premium-4T36CRAV9TU39G157"
4T36CRAV9TU39H020,7310,"Vancouver Toyota",blank,"","","","still blank","","https://www.vancouvertoyota.com/viewdetails/new/4t36crav9tu39h020/2026-toyota-rav4-sport-utility"
4T36CRAV9TU39H101,6865,"Matick Toyota",blank,"","XLE Premium","url","url only","url slug ""XLE Premium""","https://www.maticktoyota.com/new-Macomb-2026-Toyota-RAV4-XLE+Premium-4T36CRAV9TU39H101"
4T36CRAV9TU40M009,6877,"Billion Toyota",blank,"","SE","url+snapshot","both agree","url slug ""SE""; jsonld-name ""SE"" (box1 2026-10-03)","https://www.siouxfallstoyota.com/new-Sioux+Falls-2026-Toyota-RAV4-SE-4T36CRAV9TU40M009"
4T36CRAV9TU40M091,6858,"Page Toyota",blank,"","","","still blank","","https://www.pagetoyota.com/viewdetails/new/4t36crav9tu40m091/2026-toyota-rav4-sport-utility"
4T36CRAV9TU40M477,6894,"Bergstrom Toyota",blank,"","XLE Premium","url","url only","url slug ""XLE Premium""","https://www.bergstromtoyota.com/new-Oshkosh-2026-Toyota-RAV4-XLE+Premium-4T36CRAV9TU40M477"
4T36CRAV9TU41P830,7310,"Vancouver Toyota",blank,"","","","still blank","","https://www.vancouvertoyota.com/viewdetails/new/4t36crav9tu41p830/2026-toyota-rav4-sport-utility"
4T36CRAV9TU41R416,7136,"Orem Toyota",blank,"","SE","url","url only","url slug ""SE""","https://www.oremtoyota.com/new-Orem-2026-Toyota-RAV4-SE-4T36CRAV9TU41R416"
4T36CRAV9TU41R481,6868,"Toyota of Grand Rapids",blank,"","SE","url","url only","url slug ""SE""","https://www.toyotaofgrandrapids.com/new-Grand+Rapids-2026-Toyota-RAV4-SE-4T36CRAV9TU41R481"
4T36CRAV9TU41R495,6863,"Randy Wise Toyota",blank,"","SE","url","url only","url slug ""SE""","https://www.randywisetoyota.com/new-Grand+Blanc-2026-Toyota-RAV4-SE-4T36CRAV9TU41R495"
4T36CRAV9TU42R010,6718,"Roberts Toyota",blank,"","","","still blank","","https://www.robertstoyota.com/viewdetails/new/4t36crav9tu42r010/2026-toyota-rav4-sport-utility"
4T36CRAVXTU010163,7324,"Toyota of Puyallup",blank,"","","","still blank","","https://www.toyotaofpuyallup.com/viewdetails/new/4t36cravxtu010163/2026-toyota-rav4-sport-utility"
4T36CRAVXTU010728,7324,"Toyota of Puyallup",blank,"","","","still blank","","https://www.toyotaofpuyallup.com/viewdetails/new/4t36cravxtu010728/2026-toyota-rav4-sport-utility"
4T36CRAVXTU011474,7322,"Toyota of Lake City",blank,"","XSE","url","url only","url slug ""XSE""","https://www.toyotaoflakecity.com/new-Seattle-2026-Toyota-RAV4-XSE-4T36CRAVXTU011474"
4T36CRAVXTU012558,7260,"Modesto Toyota",blank,"","","","still blank","","https://modestotoyota.autogo.ai/vehicle/New/2026/Toyota/RAV4/4T36CRAVXTU012558/"
4T36CRAVXTU38G835,6877,"Billion Toyota",blank,"","XLE Premium","url","url only","url slug ""XLE Premium""","https://www.siouxfallstoyota.com/new-Sioux+Falls-2026-Toyota-RAV4-XLE+Premium-4T36CRAVXTU38G835"
4T36CRAVXTU38G883,6863,"Randy Wise Toyota",blank,"","LE","url","url only","url slug ""LE""","https://www.randywisetoyota.com/new-Grand+Blanc-2026-Toyota-RAV4-LE-4T36CRAVXTU38G883"
4T36CRAVXTU39F745,6877,"Billion Toyota",blank,"","XSE","url","url only","url slug ""XSE""","https://www.siouxfallstoyota.com/new-Sioux+Falls-2026-Toyota-RAV4-XSE-4T36CRAVXTU39F745"
4T36CRAVXTU39G832,6910,"Markquart Toyota",blank,"","XLE Premium","url","url only","url slug ""XLE Premium""","https://www.markquarttoyota.com/new-Eau+Claire+Area-2026-Toyota-RAV4-XLE+Premium-4T36CRAVXTU39G832"
4T36CRAVXTU40L483,6755,"Toyota South",blank,"","XLE Premium","url","url only","url slug ""XLE Premium""","https://www.toyotasouth.com/new-Richmond+-2026-Toyota-RAV4-XLE+Premium-4T36CRAVXTU40L483"
4T36CRAVXTU40L659,6858,"Page Toyota",blank,"","","","still blank","","https://www.pagetoyota.com/viewdetails/new/4t36cravxtu40l659/2026-toyota-rav4-sport-utility"
4T36CRAVXTU40M326,6877,"Billion Toyota",blank,"","SE","url+snapshot","both agree","url slug ""SE""; jsonld-name ""SE"" (box1 2026-10-03)","https://www.siouxfallstoyota.com/new-Sioux+Falls-2026-Toyota-RAV4-SE-4T36CRAVXTU40M326"
4T36CRAVXTU41P643,6865,"Matick Toyota",blank,"","XLE Premium","url","url only","url slug ""XLE Premium""","https://www.maticktoyota.com/new-Macomb-2026-Toyota-RAV4-XLE+Premium-4T36CRAVXTU41P643"
4T36CRAVXTU41R148,6863,"Randy Wise Toyota",blank,"","XLE Premium","url","url only","url slug ""XLE Premium""","https://www.randywisetoyota.com/new-Grand+Blanc-2026-Toyota-RAV4-XLE+Premium-4T36CRAVXTU41R148"
4T36CRAVXTU42R386,6722,"Toyota of Bowling Green",blank,"","","","still blank","","https://www.toyotaofbowlinggreen.com/viewdetails/new/4t36cravxtu42r386/2026-toyota-rav4-sport-utility"
4T36CRAVXTU43P875,6722,"Toyota of Bowling Green",blank,"","","","still blank","","https://www.toyotaofbowlinggreen.com/viewdetails/new/4t36cravxtu43p875/2026-toyota-rav4-sport-utility"
JTM6CRAV6TD315673,6229,"Northway Toyota",blank,"","","","still blank","","https://www.northwaytoyota.com/new/Toyota/2026-Toyota-RAV4-6786d742ac18083a2914417f9e046efd.htm"
2T36CRAV4TW115412,6258,"Toyota of Wallingford",untrusted,"All Wheel Drive CVT","","","still blank","","https://www.wow-toyota.com/viewdetails/new/2t36crav4tw115412/2026-toyota-rav4-sport-utility"
2T36CRAV7TC017640,6779,"Nourse Toyota",untrusted,"All Wheel Drive CVT","","","still blank","","https://www.noursetoyota.com/viewdetails/new/2t36crav7tc017640/2026-toyota-rav4-sport-utility"
2T36CRAV8TW115283,6258,"Toyota of Wallingford",untrusted,"All Wheel Drive CVT","","","still blank","","https://www.wow-toyota.com/viewdetails/new/2t36crav8tw115283/2026-toyota-rav4-sport-utility"
4T36CRAV5TU014363,6258,"Toyota of Wallingford",untrusted,"All Wheel Drive CVT","","","still blank","","https://www.wow-toyota.com/viewdetails/new/4t36crav5tu014363/2026-toyota-rav4-sport-utility"
4T36CRAV5TU015223,6258,"Toyota of Wallingford",untrusted,"All Wheel Drive CVT","","","still blank","","https://www.wow-toyota.com/viewdetails/new/4t36crav5tu015223/2026-toyota-rav4-sport-utility"
2T36CRAV0TC42F711,6244,"Herb Chambers Toyota Boston",untrusted,"AWD","","","still blank","","https://www.herbchamberstoyotaofboston.com/new/Toyota/2026-Toyota-RAV4--c62df26fac18193b227a1cbfbc887312.htm"
2T36CRAV0TC46E914,6244,"Herb Chambers Toyota Boston",untrusted,"AWD","","","still blank","","https://www.herbchamberstoyotaofboston.com/new/Toyota/2026-Toyota-RAV4--fec57d26ac185314b2d6ad089d3f9606.htm"
2T36CRAV0TC46H828,6244,"Herb Chambers Toyota Boston",untrusted,"AWD","","","still blank","","https://www.herbchamberstoyotaofboston.com/new/Toyota/2026-Toyota-RAV4--fec56542ac180e116a65e4d582811e01.htm"
2T36CRAV0TW40G753,6248,"Toyota of Nashua",untrusted,"AWD","","","still blank","","https://www.toyotaofnashua.com/new/Toyota/2026-Toyota-RAV4-nashua-nh-92afaa0fac183ecbd73d4eae8c1e4ba7.htm"
2T36CRAV0TW42G551,6244,"Herb Chambers Toyota Boston",untrusted,"AWD","","","still blank","","https://www.herbchamberstoyotaofboston.com/new/Toyota/2026-Toyota-RAV4--c62e2ec9ac18275d9ef73f1157b8cc4c.htm"
2T36CRAV0TW44F021,6248,"Toyota of Nashua",untrusted,"AWD","","","still blank","","https://www.toyotaofnashua.com/new/Toyota/2026-Toyota-RAV4-nashua-nh-1d769569ac1819a0b1e00841389e902b.htm"
2T36CRAV0TW44H853,6244,"Herb Chambers Toyota Boston",untrusted,"AWD","","","still blank","","https://www.herbchamberstoyotaofboston.com/new/Toyota/2026-Toyota-RAV4--fec5917eac182bbe2d998cdfe7e0fa26.htm"
2T36CRAV1TC45E246,6244,"Herb Chambers Toyota Boston",untrusted,"AWD","","","still blank","","https://www.herbchamberstoyotaofboston.com/new/Toyota/2026-Toyota-RAV4--03ec4724ac1806945ded627558417a9a.htm"
2T36CRAV1TC45G613,6244,"Herb Chambers Toyota Boston",untrusted,"AWD","","","still blank","","https://www.herbchamberstoyotaofboston.com/new/Toyota/2026-Toyota-RAV4--fec56cc0ac185c94c7300760958592c5.htm"
2T36CRAV1TC45G854,6248,"Toyota of Nashua",untrusted,"AWD","","","still blank","","https://www.toyotaofnashua.com/new/Toyota/2026-Toyota-RAV4-nashua-nh-fee8dc93ac182bbe2d998cdf11949a50.htm"
2T36CRAV1TC46F716,6248,"Toyota of Nashua",untrusted,"AWD","","","still blank","","https://www.toyotaofnashua.com/new/Toyota/2026-Toyota-RAV4-nashua-nh-fee8ee18ac184769a7e64763c6f09534.htm"
2T36CRAV1TW40E395,6244,"Herb Chambers Toyota Boston",untrusted,"AWD","","","still blank","","https://www.herbchamberstoyotaofboston.com/new/Toyota/2026-Toyota-RAV4--64a75cb8ac1813b262e6ac1051cd8d21.htm"
2T36CRAV1TW40F725,6248,"Toyota of Nashua",untrusted,"AWD","","","still blank","","https://www.toyotaofnashua.com/new/Toyota/2026-Toyota-RAV4-nashua-nh-8303190aac185ca9e7e2cb7f55f1e9bd.htm"
2T36CRAV1TW40G776,6272,"McGovern Toyota of Portsmouth",untrusted,"AWD","","","still blank","","https://www.mcgoverntoyotaofportsmouth.com/new/Toyota/2026-Toyota-RAV4-portsmouth-nh-8c4e5a8eac183b7231c29896230dac3b.htm"
2T36CRAV1TW42E579,6248,"Toyota of Nashua",untrusted,"AWD","","","still blank","","https://www.toyotaofnashua.com/new/Toyota/2026-Toyota-RAV4-nashua-nh-fee8d679ac185c94c7300760c2751f1b.htm"
2T36CRAV1TW42J659,6244,"Herb Chambers Toyota Boston",untrusted,"AWD","","","still blank","","https://www.herbchamberstoyotaofboston.com/new/Toyota/2026-Toyota-RAV4--c62e2b8eac1811a55047da55a4eda87c.htm"
2T36CRAV1TW45H341,6244,"Herb Chambers Toyota Boston",untrusted,"AWD","","","still blank","","https://www.herbchamberstoyotaofboston.com/new/Toyota/2026-Toyota-RAV4--135ea6baac183210c430dfaaac80efb1.htm"
2T36CRAV1TW46E595,6244,"Herb Chambers Toyota Boston",untrusted,"AWD","","","still blank","","https://www.herbchamberstoyotaofboston.com/new/Toyota/2026-Toyota-RAV4--fec5840cac185c94c7300760af3441f7.htm"
2T36CRAV1TW46G797,6248,"Toyota of Nashua",untrusted,"AWD","","","still blank","","https://www.toyotaofnashua.com/new/Toyota/2026-Toyota-RAV4-nashua-nh-fee8ce36ac184769a7e64763ad168a91.htm"
2T36CRAV1TW46J062,6248,"Toyota of Nashua",untrusted,"AWD","","","still blank","","https://www.toyotaofnashua.com/new/Toyota/2026-Toyota-RAV4-nashua-nh-fee8ff10ac182bbe2d998cdf88cb42e4.htm"
2T36CRAV2TC42H606,6248,"Toyota of Nashua",untrusted,"AWD","","","still blank","","https://www.toyotaofnashua.com/new/Toyota/2026-Toyota-RAV4-nashua-nh-d93a67b9ac185fa6e5f523fca543d1e7.htm"
2T36CRAV2TC42K076,6244,"Herb Chambers Toyota Boston",untrusted,"AWD","","","still blank","","https://www.herbchamberstoyotaofboston.com/new/Toyota/2026-Toyota-RAV4--c62e023dac18193b227a1cbf56caa62f.htm"
2T36CRAV2TC45J464,6244,"Herb Chambers Toyota Boston",untrusted,"AWD","","","still blank","","https://www.herbchamberstoyotaofboston.com/new/Toyota/2026-Toyota-RAV4--fec568dbac185c43e2a374ece81a4846.htm"
2T36CRAV2TW38G117,6248,"Toyota of Nashua",untrusted,"AWD","","","still blank","","https://www.toyotaofnashua.com/new/Toyota/2026-Toyota-RAV4-nashua-nh-2689fed9ac1832e951f5fea7704b84ec.htm"
2T36CRAV2TW40H614,6244,"Herb Chambers Toyota Boston",untrusted,"AWD","","","still blank","","https://www.herbchamberstoyotaofboston.com/new/Toyota/2026-Toyota-RAV4--64a74f31ac183276a39d2b9e73548666.htm"
2T36CRAV2TW44F067,6272,"McGovern Toyota of Portsmouth",untrusted,"AWD","","","still blank","","https://www.mcgoverntoyotaofportsmouth.com/new/Toyota/2026-Toyota-RAV4-portsmouth-nh-fed69f9cac182bbe2d998cdf2d6ee167.htm"
2T36CRAV2TW44H935,6248,"Toyota of Nashua",untrusted,"AWD","","","still blank","","https://www.toyotaofnashua.com/new/Toyota/2026-Toyota-RAV4-nashua-nh-fee8e868ac180d50970943f5c9edd974.htm"
2T36CRAV2TW44J922,6244,"Herb Chambers Toyota Boston",untrusted,"AWD","","","still blank","","https://www.herbchamberstoyotaofboston.com/new/Toyota/2026-Toyota-RAV4--0e4628d6ac1815683e0f5388a57a957a.htm"
2T36CRAV2TW45F890,6244,"Herb Chambers Toyota Boston",untrusted,"AWD","","","still blank","","https://www.herbchamberstoyotaofboston.com/new/Toyota/2026-Toyota-RAV4--fec57f3eac18321038714717f3d78903.htm"
2T36CRAV2TW45H574,6248,"Toyota of Nashua",untrusted,"AWD","","","still blank","","https://www.toyotaofnashua.com/new/Toyota/2026-Toyota-RAV4-nashua-nh-fee8f47cac180c6e8e4c3b199123855f.htm"
2T36CRAV2TW46F058,6244,"Herb Chambers Toyota Boston",untrusted,"AWD","","","still blank","","https://www.herbchamberstoyotaofboston.com/new/Toyota/2026-Toyota-RAV4--fec56a24ac184769a7e6476340993357.htm"
2T36CRAV2TW46F092,6272,"McGovern Toyota of Portsmouth",untrusted,"AWD","","","still blank","","https://www.mcgoverntoyotaofportsmouth.com/new/Toyota/2026-Toyota-RAV4-portsmouth-nh-fed66900ac1854fc6774701247d50983.htm"
2T36CRAV2TW46G274,6244,"Herb Chambers Toyota Boston",untrusted,"AWD","","","still blank","","https://www.herbchamberstoyotaofboston.com/new/Toyota/2026-Toyota-RAV4--fec55ceeac182bbe2d998cdffd5cd225.htm"
2T36CRAV3TC41F335,6244,"Herb Chambers Toyota Boston",untrusted,"AWD","","","still blank","","https://www.herbchamberstoyotaofboston.com/new/Toyota/2026-Toyota-RAV4--64a753e2ac1842cc24711ea85a084e28.htm"
2T36CRAV3TC42H713,6244,"Herb Chambers Toyota Boston",untrusted,"AWD","","","still blank","","https://www.herbchamberstoyotaofboston.com/new/Toyota/2026-Toyota-RAV4--c62dfddbac184e0e3aa6268c6b47b6f7.htm"
2T36CRAV3TC42H789,6272,"McGovern Toyota of Portsmouth",untrusted,"AWD","","","still blank","","https://www.mcgoverntoyotaofportsmouth.com/new/Toyota/2026-Toyota-RAV4-portsmouth-nh-da927d6aac18317c333ce9bdb50f9291.htm"
2T36CRAV3TC42K121,6244,"Herb Chambers Toyota Boston",untrusted,"AWD","","","still blank","","https://www.herbchamberstoyotaofboston.com/new/Toyota/2026-Toyota-RAV4--c62dd22fac1811a55047da5560661202.htm"
2T36CRAV3TC44G472,6244,"Herb Chambers Toyota Boston",untrusted,"AWD","","","still blank","","https://www.herbchamberstoyotaofboston.com/new/Toyota/2026-Toyota-RAV4--fec5573aac18250cafb97c5ceb86eec1.htm"
2T36CRAV3TC44K188,6244,"Herb Chambers Toyota Boston",untrusted,"AWD","","","still blank","","https://www.herbchamberstoyotaofboston.com/new/Toyota/2026-Toyota-RAV4--fec588e6ac180d50970943f554eb9f37.htm"
2T36CRAV3TC46E907,6272,"McGovern Toyota of Portsmouth",untrusted,"AWD","","","still blank","","https://www.mcgoverntoyotaofportsmouth.com/new/Toyota/2026-Toyota-RAV4-portsmouth-nh-0e03e5a9ac1831418a026fd39ea92ce2.htm"
2T36CRAV3TW40G309,6244,"Herb Chambers Toyota Boston",untrusted,"AWD","","","still blank","","https://www.herbchamberstoyotaofboston.com/new/Toyota/2026-Toyota-RAV4--a2129e9dac180441fbb2b087e817258e.htm"
2T36CRAV3TW41D809,6248,"Toyota of Nashua",untrusted,"AWD","","","still blank","","https://www.toyotaofnashua.com/new/Toyota/2026-Toyota-RAV4-nashua-nh-646fb440ac180e99c28e277c825688c2.htm"
2T36CRAV3TW41G953,6272,"McGovern Toyota of Portsmouth",untrusted,"AWD","","","still blank","","https://www.mcgoverntoyotaofportsmouth.com/new/Toyota/2026-Toyota-RAV4-portsmouth-nh-7385a926ac185b7043adb35b8367ed66.htm"
2T36CRAV3TW43J058,6244,"Herb Chambers Toyota Boston",untrusted,"AWD","","","still blank","","https://www.herbchamberstoyotaofboston.com/new/Toyota/2026-Toyota-RAV4--c62de904ac1829354b5a141884a52921.htm"
2T36CRAV3TW44J668,6272,"McGovern Toyota of Portsmouth",untrusted,"AWD","","","still blank","","https://www.mcgoverntoyotaofportsmouth.com/new/Toyota/2026-Toyota-RAV4-portsmouth-nh-1d77d769ac180700629ab5bc9a93f107.htm"
2T36CRAV3TW45E781,6244,"Herb Chambers Toyota Boston",untrusted,"AWD","","","still blank","","https://www.herbchamberstoyotaofboston.com/new/Toyota/2026-Toyota-RAV4--fec56b84ac184769a7e647634094faf1.htm"
2T36CRAV3TW46J225,6248,"Toyota of Nashua",untrusted,"AWD","","","still blank","","https://www.toyotaofnashua.com/new/Toyota/2026-Toyota-RAV4-nashua-nh-fee8f748ac180c6e8e4c3b192a1c1f13.htm"
2T36CRAV4TC41F361,6248,"Toyota of Nashua",untrusted,"AWD","","","still blank","","https://www.toyotaofnashua.com/new/Toyota/2026-Toyota-RAV4-nashua-nh-b6d58b49ac1840774efccaad64bd3d78.htm"
2T36CRAV4TC41H904,6248,"Toyota of Nashua",untrusted,"AWD","","","still blank","","https://www.toyotaofnashua.com/new/Toyota/2026-Toyota-RAV4-nashua-nh-646fa8f2ac181304fbd7b85ff9e24813.htm"
2T36CRAV4TC44G450,6244,"Herb Chambers Toyota Boston",untrusted,"AWD","","","still blank","","https://www.herbchamberstoyotaofboston.com/new/Toyota/2026-Toyota-RAV4--1c61cd59ac1815683e0f5388553c8ebe.htm"
2T36CRAV4TC45J370,6244,"Herb Chambers Toyota Boston",untrusted,"AWD","","","still blank","","https://www.herbchamberstoyotaofboston.com/new/Toyota/2026-Toyota-RAV4--188710c8ac1831418a026fd3a9541c64.htm"
2T36CRAV4TC45J482,6248,"Toyota of Nashua",untrusted,"AWD","","","still blank","","https://www.toyotaofnashua.com/new/Toyota/2026-Toyota-RAV4-nashua-nh-fee902bdac180d50970943f5442d8bdf.htm"
2T36CRAV4TW40F749,6248,"Toyota of Nashua",untrusted,"AWD","","","still blank","","https://www.toyotaofnashua.com/new/Toyota/2026-Toyota-RAV4-nashua-nh-646fa49aac181ba2bb16652ea9fbb8ba.htm"
2T36CRAV4TW41E323,6248,"Toyota of Nashua",untrusted,"AWD","","","still blank","","https://www.toyotaofnashua.com/new/Toyota/2026-Toyota-RAV4-nashua-nh-c5eab47cac184d71ed3716f774c1772f.htm"
2T36CRAV4TW42G228,6244,"Herb Chambers Toyota Boston",untrusted,"AWD","","","still blank","","https://www.herbchamberstoyotaofboston.com/new/Toyota/2026-Toyota-RAV4--c62dd822ac1829354b5a141887908d01.htm"
2T36CRAV4TW42G634,6244,"Herb Chambers Toyota Boston",untrusted,"AWD","","","still blank","","https://www.herbchamberstoyotaofboston.com/new/Toyota/2026-Toyota-RAV4--c62e0c79ac183ecbd73d4eaee8f9aff0.htm"
2T36CRAV4TW42H072,6244,"Herb Chambers Toyota Boston",untrusted,"AWD","","","still blank","","https://www.herbchamberstoyotaofboston.com/new/Toyota/2026-Toyota-RAV4--c62de144ac184d71ed3716f7ea7da60d.htm"
2T36CRAV4TW42J560,6244,"Herb Chambers Toyota Boston",untrusted,"AWD","","","still blank","","https://www.herbchamberstoyotaofboston.com/new/Toyota/2026-Toyota-RAV4--c62dd5c5ac183203d1d9fe25f9a8d2a3.htm"
2T36CRAV4TW43E331,6248,"Toyota of Nashua",untrusted,"AWD","","","still blank","","https://www.toyotaofnashua.com/new/Toyota/2026-Toyota-RAV4-nashua-nh-da919489ac184b985b31168a073185ae.htm"
2T36CRAV4TW43F687,6248,"Toyota of Nashua",untrusted,"AWD","","","still blank","","https://www.toyotaofnashua.com/new/Toyota/2026-Toyota-RAV4-nashua-nh-c5eaef16ac1851979897d8867713a9b2.htm"
2T36CRAV4TW43G774,6244,"Herb Chambers Toyota Boston",untrusted,"AWD","","","still blank","","https://www.herbchamberstoyotaofboston.com/new/Toyota/2026-Toyota-RAV4--c62e26e2ac184e0e3aa6268c17c3f3e1.htm"
2T36CRAV4TW44E650,6244,"Herb Chambers Toyota Boston",untrusted,"AWD","","","still blank","","https://www.herbchamberstoyotaofboston.com/new/Toyota/2026-Toyota-RAV4--fec5723cac1820864c692e6982a75471.htm"
2T36CRAV4TW45H902,6272,"McGovern Toyota of Portsmouth",untrusted,"AWD","","","still blank","","https://www.mcgoverntoyotaofportsmouth.com/new/Toyota/2026-Toyota-RAV4-portsmouth-nh-fed681d5ac182bbe2d998cdf29889d7e.htm"
2T36CRAV4TW46F062,6244,"Herb Chambers Toyota Boston",untrusted,"AWD","","","still blank","","https://www.herbchamberstoyotaofboston.com/new/Toyota/2026-Toyota-RAV4--0e462c7bac184ea5d59175575e571f15.htm"
2T36CRAV5TC43F117,6244,"Herb Chambers Toyota Boston",untrusted,"AWD","","","still blank","","https://www.herbchamberstoyotaofboston.com/new/Toyota/2026-Toyota-RAV4--cb1d038eac18317c333ce9bd68b8fc7a.htm"
2T36CRAV5TC43K181,6272,"McGovern Toyota of Portsmouth",untrusted,"AWD","","","still blank","","https://www.mcgoverntoyotaofportsmouth.com/new/Toyota/2026-Toyota-RAV4-portsmouth-nh-da92780aac184b985b31168a8df49129.htm"
2T36CRAV5TC44K080,6272,"McGovern Toyota of Portsmouth",untrusted,"AWD","","","still blank","","https://www.mcgoverntoyotaofportsmouth.com/new/Toyota/2026-Toyota-RAV4-portsmouth-nh-fed66458ac185314b2d6ad08fa1313ec.htm"
2T36CRAV5TC46H825,6244,"Herb Chambers Toyota Boston",untrusted,"AWD","","","still blank","","https://www.herbchamberstoyotaofboston.com/new/Toyota/2026-Toyota-RAV4--fec56419ac1820864c692e6990362477.htm"
2T36CRAV5TW114981,6217,"Herb Chambers Toyota Auburn",untrusted,"AWD","","","still blank","","https://www.herbchamberstoyotaofauburn.com/new/Toyota/2026-Toyota-RAV4--1eb1cc08ac185491a9a84dc9cccb9eb2.htm"
2T36CRAV5TW41D472,6248,"Toyota of Nashua",untrusted,"AWD","","","still blank","","https://www.toyotaofnashua.com/new/Toyota/2026-Toyota-RAV4-nashua-nh-646f999aac18112a11679119e7862a97.htm"
2T36CRAV5TW41H473,6244,"Herb Chambers Toyota Boston",untrusted,"AWD","","","still blank","","https://www.herbchamberstoyotaofboston.com/new/Toyota/2026-Toyota-RAV4--64a75a28ac183b7289e757dc1a38e7ae.htm"
2T36CRAV5TW43G217,6244,"Herb Chambers Toyota Boston",untrusted,"AWD","","","still blank","","https://www.herbchamberstoyotaofboston.com/new/Toyota/2026-Toyota-RAV4--c62dcaaaac184e0e3aa6268c5bdab5fd.htm"
2T36CRAV5TW43J708,6244,"Herb Chambers Toyota Boston",untrusted,"AWD","","","still blank","","https://www.herbchamberstoyotaofboston.com/new/Toyota/2026-Toyota-RAV4--c62dcd73ac185bc6fc1af9b582b61bf1.htm"
2T36CRAV5TW46E793,6248,"Toyota of Nashua",untrusted,"AWD","","","still blank","","https://www.toyotaofnashua.com/new/Toyota/2026-Toyota-RAV4-nashua-nh-fee8e35eac180d50970943f5d8641303.htm"
2T36CRAV6TC40G127,6244,"Herb Chambers Toyota Boston",untrusted,"AWD","","","still blank","","https://www.herbchamberstoyotaofboston.com/new/Toyota/2026-Toyota-RAV4--64a6dcefac181304fbd7b85feccdf1d7.htm"
2T36CRAV6TW40E988,6272,"McGovern Toyota of Portsmouth",untrusted,"AWD","","","still blank","","https://www.mcgoverntoyotaofportsmouth.com/new/Toyota/2026-Toyota-RAV4-portsmouth-nh-648df9f3ac1813b262e6ac103e71793f.htm"
2T36CRAV6TW41D934,6244,"Herb Chambers Toyota Boston",untrusted,"AWD","","","still blank","","https://www.herbchamberstoyotaofboston.com/new/Toyota/2026-Toyota-RAV4--64a7370bac1811b6affbc9b73bb7d78b.htm"
2T36CRAV6TW41G963,6244,"Herb Chambers Toyota Boston",untrusted,"AWD","","","still blank","","https://www.herbchamberstoyotaofboston.com/new/Toyota/2026-Toyota-RAV4--64a6e53dac1813b262e6ac10cde16c8f.htm"
2T36CRAV6TW42F971,6248,"Toyota of Nashua",untrusted,"AWD","","","still blank","","https://www.toyotaofnashua.com/new/Toyota/2026-Toyota-RAV4-nashua-nh-d93a65b8ac185fa6e5f523fc121380aa.htm"
2T36CRAV6TW42G540,6248,"Toyota of Nashua",untrusted,"AWD","","","still blank","","https://www.toyotaofnashua.com/new/Toyota/2026-Toyota-RAV4-nashua-nh-fee8dde0ac183210387147179b746cdf.htm"
2T36CRAV6TW43E508,6248,"Toyota of Nashua",untrusted,"AWD","","","still blank","","https://www.toyotaofnashua.com/new/Toyota/2026-Toyota-RAV4-nashua-nh-c5eab7b0ac1859095d9be20d17fb8611.htm"
2T36CRAV6TW43F285,6244,"Herb Chambers Toyota Boston",untrusted,"AWD","","","still blank","","https://www.herbchamberstoyotaofboston.com/new/Toyota/2026-Toyota-RAV4--c62defe3ac1812bef6ec8018eb4f13a9.htm"
2T36CRAV6TW44F119,6244,"Herb Chambers Toyota Boston",untrusted,"AWD","","","still blank","","https://www.herbchamberstoyotaofboston.com/new/Toyota/2026-Toyota-RAV4--fec56066ac1816be1936020a675f28df.htm"
2T36CRAV6TW44J552,6248,"Toyota of Nashua",untrusted,"AWD","","","still blank","","https://www.toyotaofnashua.com/new/Toyota/2026-Toyota-RAV4-nashua-nh-fee8db61ac185c43e2a374ec3a48fe05.htm"
2T36CRAV6TW46G424,6244,"Herb Chambers Toyota Boston",untrusted,"AWD","","","still blank","","https://www.herbchamberstoyotaofboston.com/new/Toyota/2026-Toyota-RAV4--198bc3e2ac180d50c4c90ee1c0a2bc3e.htm"
2T36CRAV6TW46J798,6272,"McGovern Toyota of Portsmouth",untrusted,"AWD","","","still blank","","https://www.mcgoverntoyotaofportsmouth.com/new/Toyota/2026-Toyota-RAV4-portsmouth-nh-fed69162ac1854683d5c0db89b1a926d.htm"
2T36CRAV7TC41E012,6248,"Toyota of Nashua",untrusted,"AWD","","","still blank","","https://www.toyotaofnashua.com/new/Toyota/2026-Toyota-RAV4-nashua-nh-646fb83dac185b7043adb35b79d65537.htm"
2T36CRAV7TC41F399,6248,"Toyota of Nashua",untrusted,"AWD","","","still blank","","https://www.toyotaofnashua.com/new/Toyota/2026-Toyota-RAV4-nashua-nh-646fc1a0ac1849bfafd15ef56feeeab4.htm"
2T36CRAV7TW43H143,6248,"Toyota of Nashua",untrusted,"AWD","","","still blank","","https://www.toyotaofnashua.com/new/Toyota/2026-Toyota-RAV4-nashua-nh-c5eab02dac185e19df2a9b92b7160504.htm"
2T36CRAV7TW43H191,6244,"Herb Chambers Toyota Boston",untrusted,"AWD","","","still blank","","https://www.herbchamberstoyotaofboston.com/new/Toyota/2026-Toyota-RAV4--c62e07e3ac183ecbd73d4eae5d17d9c7.htm"
2T36CRAV7TW44E402,6272,"McGovern Toyota of Portsmouth",untrusted,"AWD","","","still blank","","https://www.mcgoverntoyotaofportsmouth.com/new/Toyota/2026-Toyota-RAV4-portsmouth-nh-fed6a384ac182bbe2d998cdf07b41742.htm"
2T36CRAV7TW44F727,6244,"Herb Chambers Toyota Boston",untrusted,"AWD","","","still blank","","https://www.herbchamberstoyotaofboston.com/new/Toyota/2026-Toyota-RAV4--1dac8e99ac18150404e3bc8933bcd63d.htm"
2T36CRAV7TW45K379,6248,"Toyota of Nashua",untrusted,"AWD","","","still blank","","https://www.toyotaofnashua.com/new/Toyota/2026-Toyota-RAV4-nashua-nh-fee8ecc4ac182bbe2d998cdff2629639.htm"
2T36CRAV7TW46E312,6244,"Herb Chambers Toyota Boston",untrusted,"AWD","","","still blank","","https://www.herbchamberstoyotaofboston.com/new/Toyota/2026-Toyota-RAV4--fec55169ac18250cafb97c5c0e8845ad.htm"
2T36CRAV7TW46G870,6248,"Toyota of Nashua",untrusted,"AWD","","","still blank","","https://www.toyotaofnashua.com/new/Toyota/2026-Toyota-RAV4-nashua-nh-0e035513ac1816bee9b0b4cf1ee3ba49.htm"
2T36CRAV8TC44H522,6244,"Herb Chambers Toyota Boston",untrusted,"AWD","","","still blank","","https://www.herbchamberstoyotaofboston.com/new/Toyota/2026-Toyota-RAV4--fec58197ac1854fc6774701287bb0327.htm"
2T36CRAV8TC44K140,6272,"McGovern Toyota of Portsmouth",untrusted,"AWD","","","still blank","","https://www.mcgoverntoyotaofportsmouth.com/new/Toyota/2026-Toyota-RAV4-portsmouth-nh-fed692c1ac18321038714717935a440c.htm"
2T36CRAV8TC45G687,6244,"Herb Chambers Toyota Boston",untrusted,"AWD","","","still blank","","https://www.herbchamberstoyotaofboston.com/new/Toyota/2026-Toyota-RAV4--fec58f1bac180c6e8e4c3b19ac30e834.htm"
2T36CRAV8TC45G799,6244,"Herb Chambers Toyota Boston",untrusted,"AWD","","","still blank","","https://www.herbchamberstoyotaofboston.com/new/Toyota/2026-Toyota-RAV4--fec56fd7ac1816be1936020a3fd6b47d.htm"
2T36CRAV8TW40F530,6244,"Herb Chambers Toyota Boston",untrusted,"AWD","","","still blank","","https://www.herbchamberstoyotaofboston.com/new/Toyota/2026-Toyota-RAV4--64a7021dac1813b262e6ac10b09d2629.htm"
2T36CRAV8TW43F997,6244,"Herb Chambers Toyota Boston",untrusted,"AWD","","","still blank","","https://www.herbchamberstoyotaofboston.com/new/Toyota/2026-Toyota-RAV4--c62e180bac183ecbd73d4eaec8da48cf.htm"
2T36CRAV8TW43H331,6272,"McGovern Toyota of Portsmouth",untrusted,"AWD","","","still blank","","https://www.mcgoverntoyotaofportsmouth.com/new/Toyota/2026-Toyota-RAV4-portsmouth-nh-da927c06ac18109a99ec78164450b811.htm"
2T36CRAV8TW44G384,6248,"Toyota of Nashua",untrusted,"AWD","","","still blank","","https://www.toyotaofnashua.com/new/Toyota/2026-Toyota-RAV4-nashua-nh-fee8cbb2ac182bbe2d998cdf278da283.htm"
2T36CRAV8TW46J415,6248,"Toyota of Nashua",untrusted,"AWD","","","still blank","","https://www.toyotaofnashua.com/new/Toyota/2026-Toyota-RAV4-nashua-nh-fee8f9c4ac183141f894bea8c18c1362.htm"
2T36CRAV9TC45J378,6244,"Herb Chambers Toyota Boston",untrusted,"AWD","","","still blank","","https://www.herbchamberstoyotaofboston.com/new/Toyota/2026-Toyota-RAV4--fec593d4ac180c6e8e4c3b19f694e7af.htm"
2T36CRAV9TW40G251,6248,"Toyota of Nashua",untrusted,"AWD","","","still blank","","https://www.toyotaofnashua.com/new/Toyota/2026-Toyota-RAV4-nashua-nh-a5bb68f0ac182087090c39b2a4ea4e9a.htm"
2T36CRAV9TW40K177,6248,"Toyota of Nashua",untrusted,"AWD","","","still blank","","https://www.toyotaofnashua.com/new/Toyota/2026-Toyota-RAV4-nashua-nh-646f9ad3ac181304fbd7b85fd1cd1832.htm"
2T36CRAV9TW42E927,6244,"Herb Chambers Toyota Boston",untrusted,"AWD","","","still blank","","https://www.herbchamberstoyotaofboston.com/new/Toyota/2026-Toyota-RAV4--c62e1dc8ac1829354b5a14180da2017c.htm"
2T36CRAV9TW42H259,6248,"Toyota of Nashua",untrusted,"AWD","","","still blank","","https://www.toyotaofnashua.com/new/Toyota/2026-Toyota-RAV4-nashua-nh-c5eaa73bac185e19df2a9b928949ab1b.htm"
2T36CRAV9TW42J599,6248,"Toyota of Nashua",untrusted,"AWD","","","still blank","","https://www.toyotaofnashua.com/new/Toyota/2026-Toyota-RAV4-nashua-nh-c5eab921ac184e0e3aa6268c761b11ab.htm"
2T36CRAV9TW44E479,6244,"Herb Chambers Toyota Boston",untrusted,"AWD","","","still blank","","https://www.herbchamberstoyotaofboston.com/new/Toyota/2026-Toyota-RAV4--fec57370ac1814899b591c80804d236b.htm"
2T36CRAV9TW44H396,6244,"Herb Chambers Toyota Boston",untrusted,"AWD","","","still blank","","https://www.herbchamberstoyotaofboston.com/new/Toyota/2026-Toyota-RAV4--fec55e25ac185c94c730076035fdc3e9.htm"
2T36CRAV9TW46G658,6248,"Toyota of Nashua",untrusted,"AWD","","","still blank","","https://www.toyotaofnashua.com/new/Toyota/2026-Toyota-RAV4-nashua-nh-fee8d29fac185c94c73007603b612b87.htm"
2T36CRAVXTC41G563,6248,"Toyota of Nashua",untrusted,"AWD","","","still blank","","https://www.toyotaofnashua.com/new/Toyota/2026-Toyota-RAV4-nashua-nh-646fb9c3ac185b7043adb35bbff0408e.htm"
2T36CRAVXTC44K060,6244,"Herb Chambers Toyota Boston",untrusted,"AWD","","","still blank","","https://www.herbchamberstoyotaofboston.com/new/Toyota/2026-Toyota-RAV4--fec54f43ac180c6e8e4c3b1952a099a2.htm"
2T36CRAVXTC45J227,6244,"Herb Chambers Toyota Boston",untrusted,"AWD","","","still blank","","https://www.herbchamberstoyotaofboston.com/new/Toyota/2026-Toyota-RAV4--fec58baaac1816be1936020a4af753c8.htm"
2T36CRAVXTC46F312,6248,"Toyota of Nashua",untrusted,"AWD","","","still blank","","https://www.toyotaofnashua.com/new/Toyota/2026-Toyota-RAV4-nashua-nh-fee8cf63ac185314b2d6ad08da1f9b4c.htm"
2T36CRAVXTW119481,6244,"Herb Chambers Toyota Boston",untrusted,"AWD","","","still blank","","https://www.herbchamberstoyotaofboston.com/new/Toyota/2026-Toyota-RAV4--1eb253c5ac18299ef8ea93b2e8c63372.htm"
2T36CRAVXTW40F254,6248,"Toyota of Nashua",untrusted,"AWD","","","still blank","","https://www.toyotaofnashua.com/new/Toyota/2026-Toyota-RAV4-nashua-nh-646fbc9aac181ba2bb16652e261f2e28.htm"
2T36CRAVXTW40F531,6248,"Toyota of Nashua",untrusted,"AWD","","","still blank","","https://www.toyotaofnashua.com/new/Toyota/2026-Toyota-RAV4-nashua-nh-92afa864ac18279fa3a7553bbcac580e.htm"
2T36CRAVXTW41D922,6272,"McGovern Toyota of Portsmouth",untrusted,"AWD","","","still blank","","https://www.mcgoverntoyotaofportsmouth.com/new/Toyota/2026-Toyota-RAV4-portsmouth-nh-bb9ce103ac183203d1d9fe25d2f77d64.htm"
2T36CRAVXTW42H383,6248,"Toyota of Nashua",untrusted,"AWD","","","still blank","","https://www.toyotaofnashua.com/new/Toyota/2026-Toyota-RAV4-nashua-nh-da9190beac18317c333ce9bd6bccdd0b.htm"
2T36CRAVXTW43E432,6272,"McGovern Toyota of Portsmouth",untrusted,"AWD","","","still blank","","https://www.mcgoverntoyotaofportsmouth.com/new/Toyota/2026-Toyota-RAV4-portsmouth-nh-d4675266ac184b985b31168a0412d44b.htm"
2T36CRAVXTW43G178,6244,"Herb Chambers Toyota Boston",untrusted,"AWD","","","still blank","","https://www.herbchamberstoyotaofboston.com/new/Toyota/2026-Toyota-RAV4--c62e3125ac1851979897d886773cacb9.htm"
2T36CRAVXTW44F723,6248,"Toyota of Nashua",untrusted,"AWD","","","still blank","","https://www.toyotaofnashua.com/new/Toyota/2026-Toyota-RAV4-nashua-nh-fee8e5daac180d50970943f52114c898.htm"
2T36CRAVXTW45H810,6248,"Toyota of Nashua",untrusted,"AWD","","","still blank","","https://www.toyotaofnashua.com/new/Toyota/2026-Toyota-RAV4-nashua-nh-fee906d0ac184769a7e64763cee4784b.htm"
2T36CRAVXTW46E692,6248,"Toyota of Nashua",untrusted,"AWD","","","still blank","","https://www.toyotaofnashua.com/new/Toyota/2026-Toyota-RAV4-nashua-nh-fee8f5a0ac182bbe2d998cdf71305dca.htm"
2T36CRAVXTW46J514,6244,"Herb Chambers Toyota Boston",untrusted,"AWD","","","still blank","","https://www.herbchamberstoyotaofboston.com/new/Toyota/2026-Toyota-RAV4--fec5595dac18250cafb97c5c28b4e2c1.htm"
4T36CRAV0TU41R210,6244,"Herb Chambers Toyota Boston",untrusted,"AWD","","","still blank","","https://www.herbchamberstoyotaofboston.com/new/Toyota/2026-Toyota-RAV4--64a71d7bac180e99c28e277cdbf68642.htm"
4T36CRAV0TU41R272,6244,"Herb Chambers Toyota Boston",untrusted,"AWD","","","still blank","","https://www.herbchamberstoyotaofboston.com/new/Toyota/2026-Toyota-RAV4--64a6cdd5ac183d205dc50e3eda554b97.htm"
4T36CRAV0TU44H531,6244,"Herb Chambers Toyota Boston",untrusted,"AWD","","","still blank","","https://www.herbchamberstoyotaofboston.com/new/Toyota/2026-Toyota-RAV4--fec54e14ac1816be1936020ac826d9c1.htm"
4T36CRAV0TU46G726,6248,"Toyota of Nashua",untrusted,"AWD","","","still blank","","https://www.toyotaofnashua.com/new/Toyota/2026-Toyota-RAV4-nashua-nh-fee89cb9ac1854fc677470127e61a83a.htm"
4T36CRAV0TU46H553,6248,"Toyota of Nashua",untrusted,"AWD","","","still blank","","https://www.toyotaofnashua.com/new/Toyota/2026-Toyota-RAV4-nashua-nh-fee88f3dac1854683d5c0db84dadebad.htm"
4T36CRAV0TU46H651,6272,"McGovern Toyota of Portsmouth",untrusted,"AWD","","","still blank","","https://www.mcgoverntoyotaofportsmouth.com/new/Toyota/2026-Toyota-RAV4-portsmouth-nh-fed66326ac184769a7e64763a189844a.htm"
4T36CRAV1TU40K481,6248,"Toyota of Nashua",untrusted,"AWD","","","still blank","","https://www.toyotaofnashua.com/new/Toyota/2026-Toyota-RAV4-nashua-nh-646f854fac1841133a7f9b70b9f720e5.htm"
4T36CRAV2TU41P796,6248,"Toyota of Nashua",untrusted,"AWD","","","still blank","","https://www.toyotaofnashua.com/new/Toyota/2026-Toyota-RAV4-nashua-nh-646f4c2aac181304fbd7b85feb4610ab.htm"
4T36CRAV3TU43P524,6244,"Herb Chambers Toyota Boston",untrusted,"AWD","","","still blank","","https://www.herbchamberstoyotaofboston.com/new/Toyota/2026-Toyota-RAV4--c62e2801ac1829354b5a1418dc9b0bb1.htm"
4T36CRAV3TU44G728,6244,"Herb Chambers Toyota Boston",untrusted,"AWD","","","still blank","","https://www.herbchamberstoyotaofboston.com/new/Toyota/2026-Toyota-RAV4--fec53dafac1820864c692e69c07a117a.htm"
4T36CRAV3TU44H958,6272,"McGovern Toyota of Portsmouth",untrusted,"AWD","","","still blank","","https://www.mcgoverntoyotaofportsmouth.com/new/Toyota/2026-Toyota-RAV4-portsmouth-nh-fed680c0ac1816be1936020ae99ecd0f.htm"
4T36CRAV5TU40L911,6244,"Herb Chambers Toyota Boston",untrusted,"AWD","","","still blank","","https://www.herbchamberstoyotaofboston.com/new/Toyota/2026-Toyota-RAV4--64a73313ac183b7289e757dc3e5e6bf9.htm"
4T36CRAV5TU42R411,6244,"Herb Chambers Toyota Boston",untrusted,"AWD","","","still blank","","https://www.herbchamberstoyotaofboston.com/new/Toyota/2026-Toyota-RAV4--cb1cfeb1ac185fa6e5f523fcaa37472c.htm"
4T36CRAV5TU43P833,6248,"Toyota of Nashua",untrusted,"AWD","","","still blank","","https://www.toyotaofnashua.com/new/Toyota/2026-Toyota-RAV4-nashua-nh-c5ea829cac1859095d9be20dac92afee.htm"
4T36CRAV5TU44G830,6244,"Herb Chambers Toyota Boston",untrusted,"AWD","","","still blank","","https://www.herbchamberstoyotaofboston.com/new/Toyota/2026-Toyota-RAV4--fec5007bac182bbe2d998cdf7b14d8ef.htm"
4T36CRAV5TU44H153,6244,"Herb Chambers Toyota Boston",untrusted,"AWD","","","still blank","","https://www.herbchamberstoyotaofboston.com/new/Toyota/2026-Toyota-RAV4--fec54851ac185c94c7300760153b9d9f.htm"
4T36CRAV5TU45H018,6244,"Herb Chambers Toyota Boston",untrusted,"AWD","","","still blank","","https://www.herbchamberstoyotaofboston.com/new/Toyota/2026-Toyota-RAV4--fec59042ac1854683d5c0db872f38a79.htm"
4T36CRAV6TU017031,6244,"Herb Chambers Toyota Boston",untrusted,"AWD","","","still blank","","https://www.herbchamberstoyotaofboston.com/new/Toyota/2026-Toyota-RAV4--1eb256a5ac182a5df82f9fd702de3c9e.htm"
4T36CRAV6TU40M050,6244,"Herb Chambers Toyota Boston",untrusted,"AWD","","","still blank","","https://www.herbchamberstoyotaofboston.com/new/Toyota/2026-Toyota-RAV4--a2129775ac1851979897d88659bc2a7b.htm"
4T36CRAV6TU41R504,6244,"Herb Chambers Toyota Boston",untrusted,"AWD","","","still blank","","https://www.herbchamberstoyotaofboston.com/new/Toyota/2026-Toyota-RAV4--64a71500ac18112a11679119cae4e497.htm"
4T36CRAV6TU43P775,6248,"Toyota of Nashua",untrusted,"AWD","","","still blank","","https://www.toyotaofnashua.com/new/Toyota/2026-Toyota-RAV4-nashua-nh-c5ea8b89ac184e0e3aa6268c122a2958.htm"
4T36CRAV6TU44H310,6244,"Herb Chambers Toyota Boston",untrusted,"AWD","","","still blank","","https://www.herbchamberstoyotaofboston.com/new/Toyota/2026-Toyota-RAV4--fec594f2ac185314b2d6ad08bcb8c38b.htm"
4T36CRAV6TU45G699,6244,"Herb Chambers Toyota Boston",untrusted,"AWD","","","still blank","","https://www.herbchamberstoyotaofboston.com/new/Toyota/2026-Toyota-RAV4--fec501c6ac180c6e8e4c3b198e3f8ac1.htm"
4T36CRAV6TU45H884,6244,"Herb Chambers Toyota Boston",untrusted,"AWD","","","still blank","","https://www.herbchamberstoyotaofboston.com/new/Toyota/2026-Toyota-RAV4--fec54134ac1816be1936020ac7bbc4dd.htm"
4T36CRAV6TU46H976,6244,"Herb Chambers Toyota Boston",untrusted,"AWD","","","still blank","","https://www.herbchamberstoyotaofboston.com/new/Toyota/2026-Toyota-RAV4--fec574b8ac1816be1936020a40b5bbd9.htm"
4T36CRAV7TU46G738,6244,"Herb Chambers Toyota Boston",untrusted,"AWD","","","still blank","","https://www.herbchamberstoyotaofboston.com/new/Toyota/2026-Toyota-RAV4--fec5618aac1820864c692e690f5fc70b.htm"
4T36CRAV8TU43P082,6244,"Herb Chambers Toyota Boston",untrusted,"AWD","","","still blank","","https://www.herbchamberstoyotaofboston.com/new/Toyota/2026-Toyota-RAV4--c62dae00ac1812d225eec517df88a36e.htm"
4T36CRAV8TU46G795,6272,"McGovern Toyota of Portsmouth",untrusted,"AWD","","","still blank","","https://www.mcgoverntoyotaofportsmouth.com/new/Toyota/2026-Toyota-RAV4-portsmouth-nh-fed69e8bac182bbe2d998cdf534e9b0b.htm"
4T36CRAV9TU40L958,6248,"Toyota of Nashua",untrusted,"AWD","","","still blank","","https://www.toyotaofnashua.com/new/Toyota/2026-Toyota-RAV4-nashua-nh-646f63b4ac1813b262e6ac10409097ac.htm"
4T36CRAV9TU40M480,6244,"Herb Chambers Toyota Boston",untrusted,"AWD","","","still blank","","https://www.herbchamberstoyotaofboston.com/new/Toyota/2026-Toyota-RAV4--64a7284fac18155969bd56a99d2ac5b8.htm"
4T36CRAV9TU44H382,6244,"Herb Chambers Toyota Boston",untrusted,"AWD","","","still blank","","https://www.herbchamberstoyotaofboston.com/new/Toyota/2026-Toyota-RAV4--fec592beac185c43e2a374ec98905c46.htm"
4T36CRAV9TU46H759,6248,"Toyota of Nashua",untrusted,"AWD","","","still blank","","https://www.toyotaofnashua.com/new/Toyota/2026-Toyota-RAV4-nashua-nh-fee88cfbac1854683d5c0db80808b87c.htm"
JTM6CRAV6TD348060,6244,"Herb Chambers Toyota Boston",untrusted,"AWD","","","still blank","","https://www.herbchamberstoyotaofboston.com/new/Toyota/2026-Toyota-RAV4--86d4b8f1ac1832f658f324a0485667c5.htm"
JTM6CRAV7TD350237,6244,"Herb Chambers Toyota Boston",untrusted,"AWD","","","still blank","","https://www.herbchamberstoyotaofboston.com/new/Toyota/2026-Toyota-RAV4--c62e1a52ac185e19df2a9b9219e1dbfe.htm"
JTM6CRAV8TD348321,6244,"Herb Chambers Toyota Boston",untrusted,"AWD","","","still blank","","https://www.herbchamberstoyotaofboston.com/new/Toyota/2026-Toyota-RAV4--8c3dae67ac1832f658f324a0d90986f5.htm"
JTM6CRAV9TD349185,6248,"Toyota of Nashua",untrusted,"AWD","","","still blank","","https://www.toyotaofnashua.com/new/Toyota/2026-Toyota-RAV4-nashua-nh-9534f0d3ac185fef39d0f00fec2abb4b.htm"
JTM6CRAV9TD350904,6248,"Toyota of Nashua",untrusted,"AWD","","","still blank","","https://www.toyotaofnashua.com/new/Toyota/2026-Toyota-RAV4-nashua-nh-c5eadc13ac1851979897d88601f129f4.htm"
JTM6CRAVXT140DG14,6244,"Herb Chambers Toyota Boston",untrusted,"AWD","","","still blank","","https://www.herbchamberstoyotaofboston.com/new/Toyota/2026-Toyota-RAV4--fec56dc7ac185c43e2a374ecb2ade389.htm"
JTM6CRAVXTD349275,6244,"Herb Chambers Toyota Boston",untrusted,"AWD","","","still blank","","https://www.herbchamberstoyotaofboston.com/new/Toyota/2026-Toyota-RAV4--9534b770ac184088ef41bc97c68525ef.htm"
2T36CRAV0TC047871,6247,"AutoFair Toyota of Tewksbury",untrusted,"AWD HYBRID AWD","","","still blank","","https://www.autofairtoyota.com/new/Toyota/2026-Toyota-RAV4-ffccb1ccac1854fc67747012ed6bc298.htm"
2T36CRAV0TC42H667,6247,"AutoFair Toyota of Tewksbury",untrusted,"AWD HYBRID AWD","","","still blank","","https://www.autofairtoyota.com/new/Toyota/2026-Toyota-RAV4-c5eb9c1cac183203d1d9fe25784eeb8d.htm"
2T36CRAV0TW113785,6247,"AutoFair Toyota of Tewksbury",untrusted,"AWD HYBRID AWD","","","still blank","","https://www.autofairtoyota.com/new/Toyota/2026-Toyota-RAV4-f1a39075ac182dab02c7ff7d9471749c.htm"
2T36CRAV1TC047510,6247,"AutoFair Toyota of Tewksbury",untrusted,"AWD HYBRID AWD","","","still blank","","https://www.autofairtoyota.com/new/Toyota/2026-Toyota-RAV4-f9a0e7abac184769a7e647631444fe1a.htm"
2T36CRAV1TW40H488,6247,"AutoFair Toyota of Tewksbury",untrusted,"AWD HYBRID AWD","","","still blank","","https://www.autofairtoyota.com/new/Toyota/2026-Toyota-RAV4-648dffa6ac183276d120aecb4343fa02.htm"
2T36CRAV1TW46G556,6247,"AutoFair Toyota of Tewksbury",untrusted,"AWD HYBRID AWD","","","still blank","","https://www.autofairtoyota.com/new/Toyota/2026-Toyota-RAV4-fed8b334ac185314b2d6ad08ccc18bc1.htm"
2T36CRAV1TW46J269,6247,"AutoFair Toyota of Tewksbury",untrusted,"AWD HYBRID AWD","","","still blank","","https://www.autofairtoyota.com/new/Toyota/2026-Toyota-RAV4-fed85921ac183141f894bea8c1fc48d1.htm"
2T36CRAV2TC42F161,6247,"AutoFair Toyota of Tewksbury",untrusted,"AWD HYBRID AWD","","","still blank","","https://www.autofairtoyota.com/new/Toyota/2026-Toyota-RAV4-c5eb829cac1811a55047da551ecf4d3c.htm"
2T36CRAV2TW40G642,6247,"AutoFair Toyota of Tewksbury",untrusted,"AWD HYBRID AWD","","","still blank","","https://www.autofairtoyota.com/new/Toyota/2026-Toyota-RAV4-648e1080ac1841133a7f9b703a538554.htm"
2T36CRAV2TW41D901,6247,"AutoFair Toyota of Tewksbury",untrusted,"AWD HYBRID AWD","","","still blank","","https://www.autofairtoyota.com/new/Toyota/2026-Toyota-RAV4-a712a101ac183203311d4ef27b8d739d.htm"
2T36CRAV2TW46H103,6247,"AutoFair Toyota of Tewksbury",untrusted,"AWD HYBRID AWD","","","still blank","","https://www.autofairtoyota.com/new/Toyota/2026-Toyota-RAV4-fed82d95ac18321038714717a9d783c0.htm"
2T36CRAV3TC046844,6247,"AutoFair Toyota of Tewksbury",untrusted,"AWD HYBRID AWD","","","still blank","","https://www.autofairtoyota.com/new/Toyota/2026-Toyota-RAV4-edd4b0f5ac18102d29ca7f4b4ee7579c.htm"
2T36CRAV3TC40E626,6247,"AutoFair Toyota of Tewksbury",untrusted,"AWD HYBRID AWD","","","still blank","","https://www.autofairtoyota.com/new/Toyota/2026-Toyota-RAV4-648e18edac181ba2bb16652ee1843ed3.htm"
2T36CRAV3TW44H250,6247,"AutoFair Toyota of Tewksbury",untrusted,"AWD HYBRID AWD","","","still blank","","https://www.autofairtoyota.com/new/Toyota/2026-Toyota-RAV4-fed86290ac180c6e8e4c3b19f9f93ef5.htm"
2T36CRAV3TW44K447,6247,"AutoFair Toyota of Tewksbury",untrusted,"AWD HYBRID AWD","","","still blank","","https://www.autofairtoyota.com/new/Toyota/2026-Toyota-RAV4-fed84d76ac182bbe2d998cdfe38b07be.htm"
2T36CRAV5TC048398,6247,"AutoFair Toyota of Tewksbury",untrusted,"AWD HYBRID AWD","","","still blank","","https://www.autofairtoyota.com/new/Toyota/2026-Toyota-RAV4-1329da88ac183210c430dfaae17fdc92.htm"
2T36CRAV5TW117847,6247,"AutoFair Toyota of Tewksbury",untrusted,"AWD HYBRID AWD","","","still blank","","https://www.autofairtoyota.com/new/Toyota/2026-Toyota-RAV4-1707a5ffac182bbee63c6cf3bfc9726a.htm"
2T36CRAV5TW40J284,6247,"AutoFair Toyota of Tewksbury",untrusted,"AWD HYBRID AWD","","","still blank","","https://www.autofairtoyota.com/new/Toyota/2026-Toyota-RAV4-648e032cac184d75e32c2e103ba8949f.htm"
2T36CRAV5TW41F268,6247,"AutoFair Toyota of Tewksbury",untrusted,"AWD HYBRID AWD","","","still blank","","https://www.autofairtoyota.com/new/Toyota/2026-Toyota-RAV4-96397f7fac180452357e7dbbb473ce56.htm"
2T36CRAV6TC44G448,6247,"AutoFair Toyota of Tewksbury",untrusted,"AWD HYBRID AWD","","","still blank","","https://www.autofairtoyota.com/new/Toyota/2026-Toyota-RAV4-fed88eb2ac18250cafb97c5c2e6204ef.htm"
2T36CRAV6TW118652,6247,"AutoFair Toyota of Tewksbury",untrusted,"AWD HYBRID AWD","","","still blank","","https://www.autofairtoyota.com/new/Toyota/2026-Toyota-RAV4-198cc3e5ac184ea5d591755796a92881.htm"
2T36CRAV6TW41G087,6247,"AutoFair Toyota of Tewksbury",untrusted,"AWD HYBRID AWD","","","still blank","","https://www.autofairtoyota.com/new/Toyota/2026-Toyota-RAV4-648deb3eac180e99c28e277c3a8765ff.htm"
2T36CRAV6TW45K597,6247,"AutoFair Toyota of Tewksbury",untrusted,"AWD HYBRID AWD","","","still blank","","https://www.autofairtoyota.com/new/Toyota/2026-Toyota-RAV4-fed8353bac185c94c7300760b45a337f.htm"
2T36CRAV6TW46K126,6247,"AutoFair Toyota of Tewksbury",untrusted,"AWD HYBRID AWD","","","still blank","","https://www.autofairtoyota.com/new/Toyota/2026-Toyota-RAV4-fed83651ac1814899b591c8037920e6b.htm"
2T36CRAV7TC46K394,6247,"AutoFair Toyota of Tewksbury",untrusted,"AWD HYBRID AWD","","","still blank","","https://www.autofairtoyota.com/new/Toyota/2026-Toyota-RAV4-fed88bbdac182bbe2d998cdf5edb5857.htm"
2T36CRAV7TW43K083,6247,"AutoFair Toyota of Tewksbury",untrusted,"AWD HYBRID AWD","","","still blank","","https://www.autofairtoyota.com/new/Toyota/2026-Toyota-RAV4-c5eb89a0ac184d71ed3716f7f838335e.htm"
2T36CRAV7TW46E276,6247,"AutoFair Toyota of Tewksbury",untrusted,"AWD HYBRID AWD","","","still blank","","https://www.autofairtoyota.com/new/Toyota/2026-Toyota-RAV4-fed881beac183141f894bea8d381a409.htm"
2T36CRAV8TC44E247,6247,"AutoFair Toyota of Tewksbury",untrusted,"AWD HYBRID AWD","","","still blank","","https://www.autofairtoyota.com/new/Toyota/2026-Toyota-RAV4-fed8783bac1814899b591c80c1bdd38c.htm"
2T36CRAV9TC43F184,6247,"AutoFair Toyota of Tewksbury",untrusted,"AWD HYBRID AWD","","","still blank","","https://www.autofairtoyota.com/new/Toyota/2026-Toyota-RAV4-c5eb7406ac1812d225eec51761b7cc4c.htm"
2T36CRAV9TC44E225,6247,"AutoFair Toyota of Tewksbury",untrusted,"AWD HYBRID AWD","","","still blank","","https://www.autofairtoyota.com/new/Toyota/2026-Toyota-RAV4-fed8510dac180c6e8e4c3b19815a5602.htm"
2T36CRAV9TW42H049,6247,"AutoFair Toyota of Tewksbury",untrusted,"AWD HYBRID AWD","","","still blank","","https://www.autofairtoyota.com/new/Toyota/2026-Toyota-RAV4-c5eb6fbbac184e0e3aa6268cb9947683.htm"
2T36CRAV9TW46G949,6247,"AutoFair Toyota of Tewksbury",untrusted,"AWD HYBRID AWD","","","still blank","","https://www.autofairtoyota.com/new/Toyota/2026-Toyota-RAV4-fed87967ac18250cafb97c5c9461d9f6.htm"
2T36CRAVXTW41G366,6247,"AutoFair Toyota of Tewksbury",untrusted,"AWD HYBRID AWD","","","still blank","","https://www.autofairtoyota.com/new/Toyota/2026-Toyota-RAV4-cb11c6aaac18317c333ce9bd5fc37f61.htm"
2T36CRAVXTW43J672,6247,"AutoFair Toyota of Tewksbury",untrusted,"AWD HYBRID AWD","","","still blank","","https://www.autofairtoyota.com/new/Toyota/2026-Toyota-RAV4-c5ebac77ac183ecbd73d4eae71709942.htm"
2T36CRAVXTW45H581,6247,"AutoFair Toyota of Tewksbury",untrusted,"AWD HYBRID AWD","","","still blank","","https://www.autofairtoyota.com/new/Toyota/2026-Toyota-RAV4-fed8893cac180d50970943f58a3ca361.htm"
4T36CRAV0TU45G617,6247,"AutoFair Toyota of Tewksbury",untrusted,"AWD HYBRID AWD","","","still blank","","https://www.autofairtoyota.com/new/Toyota/2026-Toyota-RAV4-fed875b5ac184769a7e64763fd330388.htm"
4T36CRAV0TU46H035,6247,"AutoFair Toyota of Tewksbury",untrusted,"AWD HYBRID AWD","","","still blank","","https://www.autofairtoyota.com/new/Toyota/2026-Toyota-RAV4-fed85db7ac180e1196100e9cd22290ea.htm"
4T36CRAV2TU014756,6247,"AutoFair Toyota of Tewksbury",untrusted,"AWD HYBRID AWD","","","still blank","","https://www.autofairtoyota.com/new/Toyota/2026-Toyota-RAV4-f4426750ac18126d7bdb382de5ac17ea.htm"
4T36CRAV2TU44H496,6247,"AutoFair Toyota of Tewksbury",untrusted,"AWD HYBRID AWD","","","still blank","","https://www.autofairtoyota.com/new/Toyota/2026-Toyota-RAV4-fed89d8cac182bbe2d998cdfbbd551c6.htm"
4T36CRAV3TU013650,6247,"AutoFair Toyota of Tewksbury",untrusted,"AWD HYBRID AWD","","","still blank","","https://www.autofairtoyota.com/new/Toyota/2026-Toyota-RAV4-da9281d8ac185fa6e5f523fc2e583647.htm"
4T36CRAV3TU013809,6247,"AutoFair Toyota of Tewksbury",untrusted,"AWD HYBRID AWD","","","still blank","","https://www.autofairtoyota.com/new/Toyota/2026-Toyota-RAV4-dbc0377aac182e060860d9a89bb614c0.htm"
4T36CRAV3TU46G834,6247,"AutoFair Toyota of Tewksbury",untrusted,"AWD HYBRID AWD","","","still blank","","https://www.autofairtoyota.com/new/Toyota/2026-Toyota-RAV4-fed863b2ac180c6e8e4c3b19e7a36bee.htm"
4T36CRAV5TU45H990,6247,"AutoFair Toyota of Tewksbury",untrusted,"AWD HYBRID AWD","","","still blank","","https://www.autofairtoyota.com/new/Toyota/2026-Toyota-RAV4-fed8a905ac185c94c73007601aa88321.htm"
4T36CRAV6TU41P820,6247,"AutoFair Toyota of Tewksbury",untrusted,"AWD HYBRID AWD","","","still blank","","https://www.autofairtoyota.com/new/Toyota/2026-Toyota-RAV4-648dd6a6ac18155969bd56a987aaf3db.htm"
4T36CRAV7TU016633,6247,"AutoFair Toyota of Tewksbury",untrusted,"AWD HYBRID AWD","","","still blank","","https://www.autofairtoyota.com/new/Toyota/2026-Toyota-RAV4-1ad6daa8ac180fd5248013149ecc3e81.htm"
4T36CRAV8TU41R486,6247,"AutoFair Toyota of Tewksbury",untrusted,"AWD HYBRID AWD","","","still blank","","https://www.autofairtoyota.com/new/Toyota/2026-Toyota-RAV4-648ddc05ac18112a1167911959436a5e.htm"
4T36CRAV8TU43P423,6247,"AutoFair Toyota of Tewksbury",untrusted,"AWD HYBRID AWD","","","still blank","","https://www.autofairtoyota.com/new/Toyota/2026-Toyota-RAV4-c5eb467fac18275d9ef73f11c97e59f6.htm"
4T36CRAV9TU41P746,6247,"AutoFair Toyota of Tewksbury",untrusted,"AWD HYBRID AWD","","","still blank","","https://www.autofairtoyota.com/new/Toyota/2026-Toyota-RAV4-648df392ac1811b6affbc9b7c039e63c.htm"
4T36CRAVXTU014150,6247,"AutoFair Toyota of Tewksbury",untrusted,"AWD HYBRID AWD","","","still blank","","https://www.autofairtoyota.com/new/Toyota/2026-Toyota-RAV4-eb33ade5ac183f99147218d14b7e3368.htm"
JTM6CRAV8TD353731,6247,"AutoFair Toyota of Tewksbury",untrusted,"AWD HYBRID AWD","","","still blank","","https://www.autofairtoyota.com/new/Toyota/2026-Toyota-RAV4-de532c42ac184b985b31168a0fab4a73.htm"
2T36CRAV0TW011869,0,"Mike Kelly Mitsubishi",untrusted,"Base","","","still blank","jsonld-name ""Base"" (box2 2026-10-08)","https://www.mikekellymitsubishi.com/used-Butler-2026-Toyota-RAV4-+-2T36CRAV0TW011869"
2T36CRAV0TW111891,6228,"Kinderhook Toyota",untrusted,"Base","","","still blank","jsonld-name ""Base"" (box1 2026-10-03)","https://www.kinderhooktoyota.com/new-Hudson-2026-Toyota-RAV4-+-2T36CRAV0TW111891"
2T36CRAV0TW113074,6228,"Kinderhook Toyota",untrusted,"Base","","","still blank","jsonld-name ""Base"" (box1 2026-10-08)","https://www.kinderhooktoyota.com/new-Hudson-2026-Toyota-RAV4-+-2T36CRAV0TW113074"
2T36CRAV4TW35J168,7123,"Toyota of Laramie",untrusted,"Base","","","still blank","jsonld-name ""Base"" (box2 2026-10-08)","https://www.toyotaoflaramie.com/new-Laramie-2026-Toyota-RAV4-+-2T36CRAV4TW35J168"
2T36CRAV8TW31F620,6444,"Toyota of York",untrusted,"Base","","","still blank","jsonld-name ""Base"" (box2 2026-10-08)","https://www.toyotaofyork.com/new-York-2026-Toyota-RAV4-+-2T36CRAV8TW31F620"
2T36CRAV9TC040644,5610,"Earnhardt Honda",untrusted,"Base","","","still blank","jsonld-name ""Base"" (box1 2026-10-06)","https://www.earnhardthonda.com/used-Avondale-2026-Toyota-RAV4-+-2T36CRAV9TC040644"
2T36CRAVXTW000734,6324,"Interstate Toyota",untrusted,"Base","","","still blank","jsonld-name ""Base"" (box1 2026-10-07)","https://www.interstatetoyota.net/used-Airmont-2026-Toyota-RAV4-+-2T36CRAVXTW000734"
2T36DRBV3TW42H267,6244,"Herb Chambers Toyota Boston",untrusted,"FWD","","","still blank","","https://www.herbchamberstoyotaofboston.com/new/Toyota/2026-Toyota-RAV4--ea2c0555ac185e01c043c6002450cc87.htm"
2T36DRBV6TW46E734,6244,"Herb Chambers Toyota Boston",untrusted,"FWD","","","still blank","","https://www.herbchamberstoyotaofboston.com/new/Toyota/2026-Toyota-RAV4--fec57108ac185314b2d6ad085a9df657.htm"
2T36DRBV6TW46J845,6248,"Toyota of Nashua",untrusted,"FWD","","","still blank","","https://www.toyotaofnashua.com/new/Toyota/2026-Toyota-RAV4-nashua-nh-fee903f4ac185314b2d6ad08d76171b5.htm"
2T36CRAV6TW101978,6569,"Bryan Easler Toyota",untrusted,"Hendersonville NC","","","still blank","","https://www.bryaneaslertoyota.com/inventory/new/toyota-rav4-hendersonville.htm"
2T36CRAV0TC020959,6851,"Bredemann Toyota",untrusted,"Inventory","","","still blank","","https://www.bredemanntoyota.com/inventory/used/toyota-rav4-used+toyota+rav+4+near+me.htm"
2T36DRBV5TC024713,6234,"Bernardi Toyota",untrusted,"Inventory","","","still blank","","https://www.bernarditoyota.com/inventory/new/toyota-rav4-near+natick+and+westboro.htm"
2T36DRBV8TC025063,7215,"Toyota of Riverside",untrusted,"Inventory","","","still blank","","https://www.toyotaofriverside.com/inventory/new/toyota/rav4"
2T36CRAV3TC043927,14162,"ROCHESTER MAZDA",untrusted,"LE AWD","LE","url+snapshot","both agree","url slug ""LE AWD""; jsonld-name ""LE AWD"" (box1 2026-10-08)","https://www.rochestermazda.com/used-Rochester-2026-Toyota-RAV4-LE+AWD-2T36CRAV3TC043927"
2T36CRAV7TC008954,2760,"Zeigler Honda",untrusted,"LE AWD HYBRID","LE","url+snapshot","both agree","url slug ""LE AWD HYBRID""; jsonld-name ""LE AWD HYBRID"" (box4 2026-10-09)","https://www.zeiglerhondakalamazoo.com/used-Kalamazoo-2026-Toyota-RAV4-LE+AWD+HYBRID-2T36CRAV7TC008954"
2T36CRAV7TC008954,5763,"Zeigler Honda",untrusted,"LE AWD HYBRID","LE","url+snapshot","both agree","url slug ""LE AWD HYBRID""; jsonld-name ""LE AWD HYBRID"" (box4 2026-10-09)","https://www.zeiglerhondakalamazoo.com/used-Kalamazoo-2026-Toyota-RAV4-LE+AWD+HYBRID-2T36CRAV7TC008954"
2T36CRAV3TC004481,10879,"Blaise Alexander Hyundai",untrusted,"LE AWD Natl","LE","url+snapshot","both agree","url slug ""LE AWD Natl""; jsonld-name ""LE AWD Natl"" (box2 2026-10-08)","https://www.blaisealexanderhyundai.com/used-State+College-2026-Toyota-RAV4-LE+AWD+Natl-2T36CRAV3TC004481"
2T36CRAV3TC004481,12225,"Blaise Alexander Hyundai",untrusted,"LE AWD Natl","LE","url+snapshot","both agree","url slug ""LE AWD Natl""; jsonld-name ""LE AWD Natl"" (box2 2026-10-08)","https://www.blaisealexanderhyundai.com/used-State+College-2026-Toyota-RAV4-LE+AWD+Natl-2T36CRAV3TC004481"
2T36DRBV5TC017034,7150,"Earnhardt Toyota",untrusted,"LE Hybrid *1-OWNER! NEARLY","","","still blank","jsonld-name ""LE Hybrid *1-OWNER! NEARLY"" (box1 2026-10-04)","https://www.earnhardttoyota.com/used-Mesa-2026-Toyota-RAV4-LE+Hybrid+1+OWNER+NEARLY+NEW-2T36DRBV5TC017034"
2T36CRAV8TW117759,6573,"Peterson Toyota",untrusted,"Limited All Wheel Drive","Limited","url+snapshot","both agree","url slug ""Limited All Wheel Drive""; jsonld-name ""Limited All-Wheel Drive"" (box2 2026-10-08)","https://www.petersontoyota.com/new-Lumberton-2026-Toyota-RAV4-Limited+All+Wheel+Drive-2T36CRAV8TW117759"
2T36DRBV4TW032414,6573,"Peterson Toyota",untrusted,"SE Front Wheel Drive","SE","url+snapshot","both agree","url slug ""SE Front Wheel Drive""; jsonld-name ""SE Front-Wheel Drive"" (box2 2026-10-08)","https://www.petersontoyota.com/new-Lumberton-2026-Toyota-RAV4-SE+Front+Wheel+Drive-2T36DRBV4TW032414"
2T36CRAV6TW115699,6423,"Cochran Toyota",untrusted,"Vehicles","","","still blank","","https://www.cochrantoyota.com/inventory/new/toyota/rav4"
2T36CRAV0TW092145,14162,"ROCHESTER MAZDA",untrusted,"Woodland AWD","Woodland","url+snapshot","both agree","url slug ""Woodland AWD""; jsonld-name ""Woodland AWD"" (box1 2026-10-08)","https://www.rochestermazda.com/used-Rochester-2026-Toyota-RAV4-Woodland+AWD-2T36CRAV0TW092145"
2T36CRAV8TW106972,14162,"ROCHESTER MAZDA",untrusted,"Woodland AWD","Woodland","url+snapshot","both agree","url slug ""Woodland AWD""; jsonld-name ""Woodland AWD"" (box1 2026-10-08)","https://www.rochestermazda.com/used-Rochester-2026-Toyota-RAV4-Woodland+AWD-2T36CRAV8TW106972"
2T36DRBV3TW002983,17337,"CRISWELL NISSAN",untrusted,"XLE","XLE Premium","url+snapshot","both agree","url slug ""XLE""; jsonld-name ""XLE"" (box2 2026-10-08)","https://www.criswellnissan.com/used-Germantown-2026-Toyota-RAV4-XLE-2T36DRBV3TW002983"
2T36DRBV4TC001715,14208,"EMPIRE MAZDA OF GREEN BROOK",untrusted,"XLE","XLE Premium","url+snapshot","both agree","url slug ""XLE""; jsonld-name ""XLE"" (box4 2026-10-09)","https://www.shopempiremazdaofgreenbrook.com/used-Green+Brook+Township-2026-Toyota-RAV4-XLE-2T36DRBV4TC001715"
2T36CRAV0TW008678,14162,"ROCHESTER MAZDA",untrusted,"XLE Premium AWD","XLE Premium","url+snapshot","both agree","url slug ""XLE Premium AWD""; jsonld-name ""XLE Premium AWD"" (box1 2026-10-08)","https://www.rochestermazda.com/used-Rochester-2026-Toyota-RAV4-XLE+Premium+AWD-2T36CRAV0TW008678"
2T36CRAV0TW006185,10879,"Blaise Alexander Hyundai",untrusted,"XLE Premium AWD Natl","XLE Premium","url+snapshot","both agree","url slug ""XLE Premium AWD Natl""; jsonld-name ""XLE Premium AWD Natl"" (box2 2026-10-08)","https://www.blaisealexanderhyundai.com/used-State+College-2026-Toyota-RAV4-XLE+Premium+AWD+Natl-2T36CRAV0TW006185"
2T36CRAV0TW006185,12225,"Blaise Alexander Hyundai",untrusted,"XLE Premium AWD Natl","XLE Premium","url+snapshot","both agree","url slug ""XLE Premium AWD Natl""; jsonld-name ""XLE Premium AWD Natl"" (box2 2026-10-08)","https://www.blaisealexanderhyundai.com/used-State+College-2026-Toyota-RAV4-XLE+Premium+AWD+Natl-2T36CRAV0TW006185"
2T36CRAV3TW008416,10879,"Blaise Alexander Hyundai",untrusted,"XLE Premium AWD Natl","XLE Premium","url+snapshot","both agree","url slug ""XLE Premium AWD Natl""; jsonld-name ""XLE Premium AWD Natl"" (box2 2026-10-08)","https://www.blaisealexanderhyundai.com/used-State+College-2026-Toyota-RAV4-XLE+Premium+AWD+Natl-2T36CRAV3TW008416"
2T36CRAV3TW008416,12225,"Blaise Alexander Hyundai",untrusted,"XLE Premium AWD Natl","XLE Premium","url+snapshot","both agree","url slug ""XLE Premium AWD Natl""; jsonld-name ""XLE Premium AWD Natl"" (box2 2026-10-08)","https://www.blaisealexanderhyundai.com/used-State+College-2026-Toyota-RAV4-XLE+Premium+AWD+Natl-2T36CRAV3TW008416"
2T36CRAV4TW009381,10879,"Blaise Alexander Hyundai",untrusted,"XLE Premium AWD Natl","XLE Premium","url+snapshot","both agree","url slug ""XLE Premium AWD Natl""; jsonld-name ""XLE Premium AWD Natl"" (box2 2026-10-08)","https://www.blaisealexanderhyundai.com/used-State+College-2026-Toyota-RAV4-XLE+Premium+AWD+Natl-2T36CRAV4TW009381"
2T36CRAV4TW009381,12225,"Blaise Alexander Hyundai",untrusted,"XLE Premium AWD Natl","XLE Premium","url+snapshot","both agree","url slug ""XLE Premium AWD Natl""; jsonld-name ""XLE Premium AWD Natl"" (box2 2026-10-08)","https://www.blaisealexanderhyundai.com/used-State+College-2026-Toyota-RAV4-XLE+Premium+AWD+Natl-2T36CRAV4TW009381"
2T36CRAV5TW006876,10879,"Blaise Alexander Hyundai",untrusted,"XLE Premium AWD Natl","XLE Premium","url+snapshot","both agree","url slug ""XLE Premium AWD Natl""; jsonld-name ""XLE Premium AWD Natl"" (box2 2026-10-08)","https://www.blaisealexanderhyundai.com/used-State+College-2026-Toyota-RAV4-XLE+Premium+AWD+Natl-2T36CRAV5TW006876"
2T36CRAV5TW006876,12225,"Blaise Alexander Hyundai",untrusted,"XLE Premium AWD Natl","XLE Premium","url+snapshot","both agree","url slug ""XLE Premium AWD Natl""; jsonld-name ""XLE Premium AWD Natl"" (box2 2026-10-08)","https://www.blaisealexanderhyundai.com/used-State+College-2026-Toyota-RAV4-XLE+Premium+AWD+Natl-2T36CRAV5TW006876"
2T36CRAV6TW008586,10879,"Blaise Alexander Hyundai",untrusted,"XLE Premium AWD Natl","XLE Premium","url+snapshot","both agree","url slug ""XLE Premium AWD Natl""; jsonld-name ""XLE Premium AWD Natl"" (box2 2026-10-08)","https://www.blaisealexanderhyundai.com/used-State+College-2026-Toyota-RAV4-XLE+Premium+AWD+Natl-2T36CRAV6TW008586"
2T36CRAV6TW008586,12225,"Blaise Alexander Hyundai",untrusted,"XLE Premium AWD Natl","XLE Premium","url+snapshot","both agree","url slug ""XLE Premium AWD Natl""; jsonld-name ""XLE Premium AWD Natl"" (box2 2026-10-08)","https://www.blaisealexanderhyundai.com/used-State+College-2026-Toyota-RAV4-XLE+Premium+AWD+Natl-2T36CRAV6TW008586"
2T36CRAV7TW007706,10879,"Blaise Alexander Hyundai",untrusted,"XLE Premium AWD Natl","XLE Premium","url+snapshot","both agree","url slug ""XLE Premium AWD Natl""; jsonld-name ""XLE Premium AWD Natl"" (box2 2026-10-08)","https://www.blaisealexanderhyundai.com/used-State+College-2026-Toyota-RAV4-XLE+Premium+AWD+Natl-2T36CRAV7TW007706"
2T36CRAV7TW007706,12225,"Blaise Alexander Hyundai",untrusted,"XLE Premium AWD Natl","XLE Premium","url+snapshot","both agree","url slug ""XLE Premium AWD Natl""; jsonld-name ""XLE Premium AWD Natl"" (box2 2026-10-08)","https://www.blaisealexanderhyundai.com/used-State+College-2026-Toyota-RAV4-XLE+Premium+AWD+Natl-2T36CRAV7TW007706"
2T36CRAVXTW071836,7303,"Royal Moore Toyota",untrusted,"XLE Premium D","","","still blank","url slug ""XLE Premium D""; jsonld-name ""XLE Premium D"" (box2 2026-10-08)","https://www.royalmooretoyota.com/new-Hillsboro-2026-Toyota-RAV4-XLE+Premium+D-2T36CRAVXTW071836"
2T36DRBV5TC026784,6573,"Peterson Toyota",untrusted,"XLE Premium Front-Wheel Drive","XLE Premium","snapshot","snapshot only","jsonld-name ""XLE Premium Front-Wheel Drive"" (box2 2026-10-08)","https://www.petersontoyota.com/new-Lumberton-2026-Toyota-RAV4-XLE+Premium+Front+Wheel+Drive-2T36DRBV5TC026784"
2T36DRBV6TC40H970,6573,"Peterson Toyota",untrusted,"XLE Premium Front-Wheel Drive","XLE Premium","snapshot","snapshot only","jsonld-name ""XLE Premium Front-Wheel Drive"" (box2 2026-10-08)","https://www.petersontoyota.com/new-Lumberton-2026-Toyota-RAV4-XLE+Premium+Front+Wheel+Drive-2T36DRBV6TC40H970"
2T36DRBV0TC023131,14162,"ROCHESTER MAZDA",untrusted,"XLE Premium FWD","XLE Premium","url+snapshot","both agree","url slug ""XLE Premium FWD""; jsonld-name ""XLE Premium FWD"" (box1 2026-10-08)","https://www.rochestermazda.com/used-Rochester-2026-Toyota-RAV4-XLE+Premium+FWD-2T36DRBV0TC023131"
2T36CRAV8TW027608,2134,"Fort Dodge Chrysler Dodge Jeep Ram FIAT",untrusted,"XLE Premium Hybrid","XLE Premium","url+snapshot","both agree","url slug ""XLE Premium Hybrid""; jsonld-name ""XLE Premium Hybrid"" (box3 2026-10-04)","https://www.fortdodgecdjr.com/used-Fort+Dodge-2026-Toyota-RAV4-XLE+Premium+Hybrid-2T36CRAV8TW027608"
2T36CRAV7TW013960,2760,"Zeigler Honda",untrusted,"XLE Premium HYBRID AWD","XLE Premium","url+snapshot","both agree","url slug ""XLE Premium HYBRID AWD""; jsonld-name ""XLE Premium HYBRID AWD"" (box4 2026-10-09)","https://www.zeiglerhondakalamazoo.com/used-Kalamazoo-2026-Toyota-RAV4-XLE+Premium+HYBRID+AWD-2T36CRAV7TW013960"
2T36CRAV7TW013960,5763,"Zeigler Honda",untrusted,"XLE Premium HYBRID AWD","XLE Premium","url+snapshot","both agree","url slug ""XLE Premium HYBRID AWD""; jsonld-name ""XLE Premium HYBRID AWD"" (box4 2026-10-09)","https://www.zeiglerhondakalamazoo.com/used-Kalamazoo-2026-Toyota-RAV4-XLE+Premium+HYBRID+AWD-2T36CRAV7TW013960"
JTM6CRAV9TD345282,7303,"Royal Moore Toyota",untrusted,"XLE Premium S","","","still blank","url slug ""XLE Premium S""; jsonld-name ""XLE Premium S"" (box2 2026-10-08)","https://www.royalmooretoyota.com/new-Hillsboro-2026-Toyota-RAV4-XLE+Premium+S-JTM6CRAV9TD345282"
2T36CRAV1TW40G597,6573,"Peterson Toyota",untrusted,"XSE All Wheel Drive","XSE","url+snapshot","both agree","url slug ""XSE All Wheel Drive""; jsonld-name ""XSE All-Wheel Drive"" (box2 2026-10-08)","https://www.petersontoyota.com/new-Lumberton-2026-Toyota-RAV4-XSE+All+Wheel+Drive-2T36CRAV1TW40G597"
2T36CRAV8TW009447,2734,"Tom O'Brien Chrysler Jeep Dodge Ram North",untrusted,"XSE AWD","XSE","url+snapshot","both agree","url slug ""XSE AWD""; jsonld-name ""XSE AWD"" (box3 2026-10-08)","https://www.tomobrienindy.com/used-Indianapolis-2026-Toyota-RAV4-XSE+AWD-2T36CRAV8TW009447"
