dealer_name,address,city,state,zip,phone,website
Swickard Volkswagen of Anchorage,6115 Old Seward Hwy,Anchorage,AK,99518,(907)272-5522,https://www.volkswagenanchorage.com
BMW of Mobile Collision Center,3025 Government Blvd,Mobile,AL,36606,,https://www.mobilecollisioncenter.com/?utm_source=gmb&utm_medium=organic&utm_campaign=main-website
Dothan Volkswagen,2730 Ross Clark Circle,Dothan,AL,36301,(334)699-8888,https://www.dothanvw.com
Hiley Volkswagen of Huntsville,6944 Highway 72 W,Huntsville,AL,35806,(256)881-1881,https://www.hileyvwhuntsville.com
Jack Ingram VW of Montgomery,255 Eastern Blvd,Montgomery,AL,36117,(334)420-7700,https://www.jackingramvolkswagen.com
Long-Lewis Volkswagen of the Shoals,1602 Florence Blvd,Florence,AL,35630,(256)764-3351,https://www.longlewisvw.com
Royal Volkswagen,3010 Columbiana Rd,Vestavia Hills,AL,35216,(205)978-4141,https://www.gotoroyalvw.com
Serra Volkswagen,1490 Center Point Pkwy,Birmingham,AL,35215,(205)856-6520,https://www.serravw.com
Volkswagen of Daphne,29816 Frederick Blvd,Daphne,AL,36526,(251)621-2277,https://www.vwofdaphne.com
Volkswagen of Mobile,1525 E I65 Service Rd S,Mobile,AL,36606,(251)471-3326,https://volkswagenmobile.com
Bill White Volkswagen,3510 South Zero Street,Fort Smith,AR,72908,(479)648-3510,https://www.billwhitevw.com
Crain Volkswagen of Fayetteville,2011 West Foxglove Drive,Fayetteville,AR,72704,(479)695-5900,https://www.crainvw.com
Everett Volkswagen of Rogers,4510 W Poplar St,Rogers,AR,72758,(479)487-0920,https://www.everettvw.com
McLarty VW of North Little Rock,6030 Landers Rd,North Little Rock,AR,72117,(501)945-5353,https://www.mclartyvw.com
Volkswagen of Little Rock,25 Colonel Glenn Plaza Dr,Little Rock,AR,72210,(501)661-0303,https://www.vwoflittlerock.com
Abra Auto Body Repair Peoria,16785 N 88th Dr Ste B,Peoria,AZ,85382,(623)875-4075,https://autobodysolutionspeoria.com/
Berge Volkswagen,385 W Baseline Rd,Gilbert,AZ,85233,(480)833-0001,https://www.bergevw.com
Camelback Volkswagen,1499 E. Camelback Road,Phoenix,AZ,85014,(602)265-6600,https://www.camelbackvw.com
Chapman Collision Tucson Palo Verde,5300 S Palo Verde Rd,Tucson,AZ,85706,(520)901-2000,https://www.chapmancollision.com/locations/chapman-collision-tucson-palo-verde
Chapman Volkswagen,3700 N. 89th Street,Scottsdale,AZ,85251,(480)949-7600,https://www.chapman-vw.com
Chapman Volkswagen,4500 E 22nd St,Tucson,AZ,85711,(520)745-1300,https://www.volkswagen-tucson.com
Ken Garff Volkswagen Gilbert,1489 E Motorplex Loop,Gilbert,AZ,85297,(480)240-2800,https://www.kengarffvwgilbert.com
Larry H Miller Collision Center,540 E. Auto Center Dr,Mesa,AZ,85204,(480)530-9670,https://WWW.LHMCOLLISIONCENTER.COM
Larry H. Miller Volkswagen Avondale,10205 W Papago Fwy,Avondale,AZ,85323,(623)215-1600,https://www.larrymillervolkswagen.com
Larry H. Miller Volkswagen Tucson,900 W Auto Mall Dr,Tucson,AZ,85705,(520)888-0777,https://www.volkswagenoftucson.com
Lunde's Peoria Volkswagen,8801 W Bell Rd,Peoria,AZ,85382,(623)875-4000,https://www.peoriavw.com
Penske Automotive Coll Scottsdale,350 N Hayden Rd,Scottsdale,AZ,85257,(480)941-8800,https://www.penskeautomotivecollision.com/
Select Auto Body,545 W Highland Ave,Phoenix,AZ,85013,(602)241-9111,https://www.selectautobodyaz.com/
Volkswagen North Scottsdale,7001 E Chauncey Ln,Phoenix,AZ,85054,(480)538-4700,https://www.vwnorthscottsdale.com
AGC Collision Center,3424 W Sunset Blvd,Los Angeles,CA,90026,,https://agccollision.com/
AGC Collision Center Valley,6831 Vineland Ave,North Hollywood,CA,91605,,https://www.agccollision.com
All City Auto Body Inc,2022 S Sepulveda Blvd,Los Angeles,CA,90025,,https://www.allcitycollision.com
All Foreign & Domestic Body Shop,1917 Navy Dr,Stockton,CA,95206,(209)462-4444,https://www.afdbodyshop.com/
Amato's Auto Body,3848 Sorrento Valley Blvd,San Diego,CA,92121,(858)455-6715,https://amatosautobody.com/
Ariana Auto Body,37643 Timber Street,Newark,CA,94560,(510)794-9507,http://arianaautobody.com/
AutoNation Volkswagen Carlsbad,5515 Car Country Dr,Carlsbad,CA,92008,(760)431-3060,https://www.autonationvolkswagencarlsbad.com
Automotive Collision Repair,365 26th St,Oakland,CA,94612,(510)451-1700,https://automotivecollisionrepair.com/
B&S Hacienda Auto Body Dublin,5787 Scarlett Ct,Dublin,CA,94568,(925)829-9333,https://www.bshacienda.com/
Barsotti's Body & Fender,75 Mill St,San Rafael,CA,94901,(415)454-5157,https://www.barsottis.com/
Beach Collision,18042 Gothard St,Huntington Beach,CA,92648,(714)847-3499,http://beachcollision.com/
Ben Clymer's The Body Shop,8434 Rochester Ave,Rancho Cucamonga,CA,91730,,https://benclymers.com
Boardwalk VW of Redwood City,#1 Bair Island Road,Redwood City,CA,94063,(650)364-0100,https://www.boardwalkvolkswagen.com
CARSTAR Auto World Collision,1100 San Mateo Ave,South San Francisco,CA,94080,(415)586-0500,https://www.carstar.com/locations/ca/san-francisco-15363/
CARSTAR Douglas Auto Body,2453 E Colorado Blvd,Pasadena,CA,91107,,https://www.carstar.com/locations/ca/pasadena-15430/
Caliber - Anaheim,749 N Poplar St,Orange,CA,92868,,https://www.calibercollision.com
Caliber Collision - Bakersfield,5800 Gasoline Alley Dr,Bakersfield,CA,93313,,https://www.calibercollision.com
Caliber Collision - Fairfield,2353 Auto Mall Pkwy,Fairfield,CA,94533,(707)219-8920,https://www.caliber.com
Caliber Collision - San Marcos Nort,185 Vallecitos De Oro,San Marcos,CA,92069,,https://www.calibercollision.com
Caliber Collision Covina,433 E San Bernardino Rd,Covina,CA,91723,(626)915-4953,https://www.caliber.com/find-a-location/covina
Caliber Collision National City,2013 Haffley Ave,National City,CA,91950,(619)474-8228,https://www.caliber.com/find-a-location/national-city
Caliber Collision Pasadena,1560 E Walnut St,Pasadena,CA,91106,(626)792-7605,https://www.caliber.com/find-a-location/pasadena
Caliber Collision Riverside,6634 Indiana Ave,Riverside,CA,92506,(951)683-6734,https://www.caliber.com/find-a-location/riverside
Caliber Collision Valencia,25238 Anza Dr,Valencia,CA,91355,,https://www.caliber.com/find-a-location/valencia?utm_source=google&utm_medium=gbp-profile&utm_campaign=collision
Capistrano Volkswagen,32922 Valle Rd,San Juan Capistrano,CA,92675,(949)493-4511,https://www.capovw.com
Capitol Volkswagen,911 Capitol Expressway Auto Mall,San Jose,CA,95136,(408)265-4400,https://www.capitolvw.com
Cardinale Volkswagen,555 Auto Center Cir,Salinas,CA,93907,(831)444-7700,https://www.cardinalevw.com
CardinaleWay Volkswagen,2603 Wardlow Rd,Corona,CA,92882,(951)279-1220,https://www.cardinalewayvw.com
Central Valley Volkswagen,4130 Mchenry Ave,Modesto,CA,95356,(209)524-6811,https://www.centralvalleyvw.com
Chico Volkswagen,902 Main St,Chico,CA,95928,(530)891-6275,https://www.chicovolkswagen.com
Coachella Valley Volkswagen,67909 E Palm Canyon Dr,Cathedral City,CA,92234,(760)770-1100,https://www.coachellavw.com
Community Volkswagen of Santa Maria,2150 S College Dr,Santa Maria,CA,93455,(805)348-3221,https://www.communityvw.net
Covina Volkswagen,528 S Citrus Ave,Covina,CA,91723,(626)967-6325,https://www.covinavolkswagen.com
Crash Champions,25 E Providencia Ave,Burbank,CA,91502,,https://dcautocraft.com/
"Diamond Auto Body & Paint, Inc",427 W Bedford Ave Ste 107,Fresno,CA,93711,(559)439-3869,http://www.diamondautobodyandpaint.com/Index.php
Diamond Hills Collision Center,20540 E Walnut Dr N,Diamond Bar,CA,91789,,https://www.dhcollision.com/
Dirito Bros Walnut Creek Volkswagen,2020 N Main St,Walnut Creek,CA,94596,(925)934-8224,https://www.diritovw.com
Dublin Volkswagen,6085 Scarlett Ct,Dublin,CA,94568,(925)829-0800,https://www.dublinvolkswagen.com
Eli's Collision Repair-Los Angeles,5756 West 3rd Street,Los Angeles,CA,90036,(323)954-6888,http://elisautobody.com/
Eli's Collision Repair-South Bay,8635 Aviation Blvd,Inglewood,CA,90301,(424)207-2000,https://elisautobody.com/inglewood-lax-auto-body-shop/
Elk Grove Volkswagen,9776 W Stockton Blvd,Elk Grove,CA,95757,(916)405-2650,https://www.elkgrovevw.com
European Collision Center,9778 Firestone Blvd,Downey,CA,90241,(562)345-7000,https://eurocollisioncenter.com/european-collision-center-location/
Excellence Collision Center,7862 Deering Ave,Canoga Park,CA,91304,(818)860-4849,https://www.excellencecollisioncenter.com
Faith Quality Autobody,41130 Nick Ln,Murrieta,CA,92562,(951)698-8215,https://www.faithqualityautobody.com/
First Class Collision Center,6826 Lankershim Blvd,North Hollywood,CA,91605,(818)754-1107,https://www.firstclasscollision.com
Fix Auto Oceanside,1112 S Tremont St,Oceanside,CA,92054,(760)722-5479,https://www.fixautousa.com
Fix Auto Ventura,1742 Morse Ave,Ventura,CA,93003,(805)289-7701,https://www.thecollisionclinicvc.com
Galpin VW of San Fernando Valley,15421 Roscoe Blvd,North Hills,CA,91343,(818)895-3800,https://www.galpinvolkswagenofthesanfernandovalley.com
Gerber Collision & Glass-Menifee,29738 Haun Rd,Menifee,CA,92586,(951)672-0727,https://www.gerbercollision.com/locations/menifee-ca
German Auto Body,418 Robert Ave,Santa Clara,CA,95050,(408)727-3368,https://www.germanautobody.com/
Glendale Auto Body,511 W Chevy Chase Dr,Glendale,CA,91204,(818)247-7796,https://glendaleab.com/
Hansel Volkswagen of Santa Rosa,2951 Corby Ave.,Santa Rosa,CA,95407,(707)578-1320,https://www.hanselvolkswagen.com
Haws Auto Body Inc,3482 Golden Gate Way,Lafayette,CA,94549,,https://www.hawsautobody.com/
"Herman Cook Volkswagen, Inc.",1435 Encinitas Blvd,Encinitas,CA,92024,(760)753-6256,https://www.cookvw.com
Integrity Auto Collision Center,1891 Woolner Ave Ste C,Fairfield,CA,94533,(707)425-4220,https://integrityautocollision.com
Kearny Mesa Volkswagen,8040 Balboa Ave,San Diego,CA,92111,(858)300-8160,https://www.kearnymesavolkswagen.com
Manufacturer Certified Collision Ce,2301 E. Delamo Blvd,Ranco Domingo,CA,90222,(310)362-6200,https://www.mccollisioncnter.com
Mathews-Carlsen Body Works,2480 Faber Pl,Palo Alto,CA,94303,(650)856-6200,https://mathewscarlsen.com/
McKenna Motors Cerritos,18303 Studebaker Rd,Cerritos,CA,90703,(562)653-9000,https://www.mckennavwcerritos.com
Merced Volkswagen,1555 W 16th St,Merced,CA,95340,(209)384-2000,https://www.mercedvw.com
Mossy Volkswagen,1695 Auto Park Way,Escondido,CA,92029,(760)745-7551,https://www.mossyvolkswagen.net
National City Volkswagen,3131 National City Blvd,National City,CA,91950,(619)336-4020,https://www.nationalcityvolkswagen.com
New Century Volkswagen,1220 S Brand Blvd,Glendale,CA,91204,(818)552-6263,https://www.newcenturyvw.com
Niello Collision Center-Sacramento,2701 Arden Way,Sacramento,CA,95825,(916)481-9735,https://collision.niello.com/
Niello Volkswagen,2701 Arden Way,Sacramento,CA,95825,(916)482-5790,https://vw.niello.com
Norm Reeves Collision Center,14 Auto Center Dr,Irvine,CA,92618,,https://www.normreeveshondairvine.com/collision-center/
Norm Reeves Volkswagen Superstore,20 Auto Center Dr,Irvine,CA,92618,(949)830-7300,https://www.normreevesvw.com
North Ranch Bodycraft-Thousand Oaks,3075 Los Feliz Dr,Thousand Oaks,CA,91362,(805)379-3411,https://www.northranchbodycraft.com/
Ontario Volkswagen,701 Kettering Dr,Ontario,CA,91761,(909)605-5800,https://www.ontariovolkswagen.com
Pacific Volkswagen,14900 Hindry Ave,Hawthorne,CA,90250,(424)374-2782,https://www.pacificvolkswagen.com
Paulee Body Shop,1115 S La Cienega Blvd,Los Angeles,CA,90035,(310)652-5373,https://www.pauleebodyshop.com/
Philip Thearle's Autowerks,8809 Mission Gorge Road,Santee,CA,92071,(619)449-0111,https://www.ptautowerks.com/
Premier Collision Center,8612 Darby Ave,Northridge,CA,91325,,https://premiercollisionctr.com/
Prestige Auto Collision,23726 Via Fabricante,Mission Viejo,CA,92691,,https://www.prestigecollisiongroup.com
Puente Hills Volkswagen,17110 Gale Ave,City Of Industry,CA,91745,(626)965-7500,https://www.vwpuentehills.com
Riverside Volkswagen,8330 Indiana Ave,Riverside,CA,92504,(951)688-9420,https://www.vwriverside.com
Seidners Collision Center,2525 E Workman Ave,West Covina,CA,91791,,http://seidnerscc.com/west-covina-auto-body-shop/
Serramonte Volkswagen,711 Serramonte Blvd,Colma,CA,94014,(650)756-0202,https://www.serramontevw.com
Sterling Collision Center Tustin,1111 Bell Ave,Tustin,CA,92780,(714)259-1111,https://www.sterlingcollisioncenter.com/
Stevens Creek Volkswagen,4490 Stevens Creek Blvd,San Jose,CA,95129,(408)260-9300,https://www.stevenscreekvw.com
Sunnyvale Volkswagen,1025 E El Camino Real,Sunnyvale,CA,94087,(408)739-7321,https://www.sunnyvalevw.com
Superior Body Shop,956 Bransten Rd,San Carlos,CA,94070,(650)593-1019,https://superiorbodyshop.com/
Team Volkswagen of Hayward,25115 Mission Blvd,Hayward,CA,94544,(510)886-9446,https://www.vwhayward.com
Timmons Volkswagen of Long Beach,3940 Cherry Ave,Long Beach,CA,90807,(562)595-4601,https://www.timmonsvw.com
Tracy Volkswagen,2605 Auto Plaza Way,Tracy,CA,95304,(209)229-7920,https://www.vwtracy.com
Vacaville Volkswagen,721 Orange Dr,Vacaville,CA,95687,(707)449-6900,https://www.vacavillevw.com
Ventura Volkswagen,3270 Perkin Avenue,Ventura,CA,93003,(805)642-6707,https://www.venturavw.com
Volkswagen Bakersfield,6000 Wible Rd,Bakersfield,CA,93313,(661)617-6200,https://www.volkswagenbakersfield.com
Volkswagen Marin,720 Francisco Blvd W,San Rafael,CA,94901,(415)460-4100,https://www.vwmarin.com
Volkswagen Pasadena,130 N Sierra Madre Blvd,Pasadena,CA,91107,(626)577-0300,https://www.volkswagenpasadena.com
Volkswagen San Bernardino,1600 Camino Real,San Bernardino,CA,92408,(909)406-6121,https://www.vwsb.com
Volkswagen San Francisco,280 S Van Ness Ave,San Francisco,CA,94103,(415)241-8100,https://www.vwsanfrancisco.com
Volkswagen South Coast,1450 Auto Mall Dr,Santa Ana,CA,92705,(714)565-7500,https://www.vwsouthcoast.com
Volkswagen Thousand Oaks,3550 Auto Mall Dr,Thousand Oaks,CA,91362,(805)497-9404,https://www.vwthousandoaks.com
Volkswagen of Clovis,350 Herndon Ave,Clovis,CA,93612,(559)314-1400,https://www.volkswagenofclovis.com
Volkswagen of Downtown LA,1900 S Figueroa St,Los Angeles,CA,90007,(213)222-1296,https://www.vwofdtla.com
Volkswagen of Fairfield,2855 Auto Mall Pkwy,Fairfield,CA,94533,(707)402-6900,https://www.vwoffairfield.com
Volkswagen of Garden Grove,10800 Trask Ave,Garden Grove,CA,92843,(714)590-4000,https://www.vwofgg.com
Volkswagen of Murrieta,41300 Date St,Murrieta,CA,92562,(951)894-6555,https://www.vwofmurrieta.com
Volkswagen of Oakland,2740 Broadway,Oakland,CA,94612,(510)834-7711,https://www.vwofoakland.com
Volkswagen of Santa Cruz,1616 Soquel Avenue,Santa Cruz,CA,95062,(831)426-5100,https://www.santacruzvw.com
Winn Volkswagen,39695 Balentine Dr,Newark,CA,94560,(510)651-5900,https://www.winnvw.com
Winn Volkswagen of Woodland Hills,21141 Ventura Blvd,Woodland Hills,CA,91364,(818)884-4444,https://www.winnvwwoodlandhills.com
World Class Collision Jacks Bodywks,74824 Lennon Pl,Palm Desert,CA,92260,(760)321-4752,http://www.jacksbodyworks.com/
Bob Penkhus Volkswagen,1101 Motor City Dr,Colorado Springs,CO,80905,(719)473-4100,https://www.bobpenkhusvw.com
Boulder Bump Shop,2480 49th St,Boulder,CO,80301,(303)444-2344,https://www.boulderbumpshop.com
Caliber Brighton - North 18th,103 N 19th Ave,Brighton,CO,80601,(720)792-8288,https://www.calibercollision.com
Colorado Coach Auto Body,4850 Valmont Rd,Boulder,CO,80301,(303)449-4153,https://ccautobody.net/
Ed Carroll Volkswagen,3003 S College Ave,Fort Collins,CO,80525,(970)226-3000,https://www.edcarrollvw.com
Emich Volkswagen,350 S Santa Fe Dr,Denver,CO,80223,(303)757-7751,https://www.emichvw.com
Emich Volkswagen of Boulder,2470 49th St,Boulder,CO,80301,(303)444-1644,https://www.emichvwofboulder.com
Eurocars Collision Center,730 N Circle Dr,Colorado Springs,CO,80909,(719)473-1374,http://eurocarscollision.com/
Glenwood Springs Volkswagen,100 Riverine Rd,Glenwood Springs,CO,81601,(970)945-5200,https://www.glenwoodspringsvw.com
Grand Junction Volkswagen,653 Market St,Grand Junction,CO,81505,(970)255-6677,https://www.grandjunctionvolkswagen.com
Greeley Volkswagen,2605 35th Avenue,Greeley,CO,80634,(970)330-5430,https://www.greeleyvolkswagen.com
Hampden Auto Body,2801 W Hampden Ave,Englewood,CO,80110,(303)761-0677,https://denverautobodyrepair.net/
Jewell Collision East,1130 S Parker Rd,Denver,CO,80231,,https://jewellcollision.com/
Larry H. Miller Volkswagen Lakewood,8303 W Colfax Ave,Lakewood,CO,80214,(303)237-1311,https://www.lhmvw.com
McDonald Collision Center,8101 Southpark Way,Littleton,CO,80120,(303)795-7014,https://www.mcdonaldag.com/collision-center/
McDonald Volkswagen,6000 S Broadway,Littleton,CO,80121,(303)928-7294,https://www.mcdonaldvw.com
Mike Maroone VW N Colorado Springs,1580 Auto Mall Loop,Colorado Springs,CO,80920,(719)941-8181,https://www.mikemaroonevw.com
O'Meara Volkswagen of Thornton,1900 W 104th Ave,Denver,CO,80234,(303)438-5200,https://www.omearavw.com
Ozzie's Body Shop,5280 N Garfield Ave,Loveland,CO,80538,,https://www.ozziesbodyshop.com/
Prestige Imports Collision Center,1590 Dover St,Lakewood,CO,80215,(303)238-7391,https://www.prestigeimports.net/collision-center/
Rickenbaugh Collision,444 Kalamath St,Denver,CO,80204,,https://www.rickenbaughcollision.com/
"Tynan's Volkswagen, Inc.",700 S Havana St,Aurora,CO,80012,(303)343-8180,https://www.tynansvolkswagen.com
Airport Road AutoBody Inc.,75 Locust St,Hartford,CT,06114,,https://airportroadautobody.com/home.php
Central Volkswagen of Plainfield,96 Lathrop Rd,Plainfield,CT,06374,(860)564-4014,https://www.centralvwct.com
Crew Volkswagen of Plainville,245 New Britain Ave,Plainville,CT,06062,(860)410-2000,https://www.crewvw.com
"Curran Volkswagen, Inc.",2785 Main St,Stratford,CT,06615,(203)377-6800,https://www.curranvw.net
Durable Radiator and Auto Body,393 Thomaston Ave,Waterbury,CT,06702,(203)753-0067,https://www.durableco.com/
Executive Volkswagen of North Haven,444 State St,North Haven,CT,06473,(203)281-0481,https://www.executivevolkswagenofnorthhaven.com
"Gene Langan Volkswagen, Inc.",816 New London Turnpike,Glastonbury,CT,06033,(860)633-0261,https://www.langanvw.com
Harte Volkswagen of Meriden,375 S Broad St,Meriden,CT,06450,(203)237-0261,https://www.hartevw.com
Lia Volkswagen of Enfield,140 Elm St,Enfield,CT,06082,(860)745-2000,https://www.liavw.com
Mitchell Volkswagen,416 Hopmeadow Street,Simsbury,CT,06070,(860)693-7668,https://www.mitchellvw.com
North Haven Auto Body,281 Washington Ave,North Haven,CT,06473,(203)239-5651,http://www.northhavenab.com/
Pray Body Shop,336 Elm St,Stamford,CT,06902,(203)359-3025,https://praybodyshop.com/
Prestige Volkswagen of Stamford,42 W Broad St,Stamford,CT,06902,(203)327-2500,https://www.prestigevwct.com
Turnpike Motors Autobody,2550 Berlin Tpke,Newington,CT,06111,,https://turnpikemotors.com/
"Valenti Motors, Inc.",600 Straits Tpke,Watertown,CT,06795,(860)274-8846,https://www.valentivw.com
Vernon Volkswagen,167 Hartford Tpke,Vernon,CT,06066,(860)645-0261,https://www.vwvernon.com
Volkswagen Danbury,29 Sugar Hollow Rd,Danbury,CT,06810,(203)744-5201,https://www.danburyvw.com
Volkswagen of Hartford,133-149 Leibert Rd,Hartford,CT,06120,(860)236-0866,https://www.vwofhartford.com
Volkswagen of Old Saybrook,319 Middlesex Tpke,Old Saybrook,CT,06475,(860)388-3400,https://www.oldsaybrookvw.com
Volkswagen of Old Saybrook (sat.),72 Jerry Browne Rd,Mystic,CT,06355,(860)536-4931,nitra.vwdealer.com/valenti-mystic/en_us
Smith Volkswagen,4304 Kirkwood Hwy,Wilmington,DE,19808,(302)998-0131,https://www.smithvw.com
Winner Volkswagen of Dover,1387 N Dupont Hwy,Dover,DE,19901,(302)734-4761,https://www.winnervw.com
Advance Auto Collision Center,6014 W Waters Ave,Tampa,FL,33634,(813)451-8000,https://jhcc.com/locations/auto-body-shop-tampa-north/?utm_source=Bing&utm_medium=Yext
Auto Sport International,5310 Nw 72nd Ave,Doral,FL,33166,,http://autosportint.com/
Bert Smith International,3335 38th Ave N,Saint Petersburg,FL,33713,(727)527-1111,https://www.bertsmithvw.com
Bob Boast Volkswagen,4827 14th St W,Bradenton,FL,34207,(941)755-8585,https://www.boastvw.com
CARSTAR Autobody Resurrection,1203 George Jenkins Blvd,Lakeland,FL,33815,(863)688-8158,https://www.carstar.com/locations/fl/lakeland-15099/
Caliber Collision - Jacksonville -M,8320 Dames Point Crossing Blvd N,Jacksonville,FL,32277,(904)743-3449,https://www.calibercollision.com
Capital Volkswagen,1800 Capital Cir Ne,Tallahassee,FL,32308,(850)574-3777,https://www.capitaleurocarsvw.com
Crash Champions,3520 81st Ct E,Bradenton,FL,34211,(941)254-7929,https://www.lakewoodautocollision.com/comments
Crash Champions,7025 Land O Lakes Blvd,Land O Lakes,FL,34638,,https://crashchampions.com/locations/lutz
Deel Volkswagen Coral Gables,3601 Bird Road,Miami,FL,33133,(305)448-3335,https://www.deelvolkswagen.com
Diamante Part & Body Works,1128 Nw 159th Dr,Miami,FL,33169,,https://www.dpb.com
Dimmitt Collision Center,240 Vollmer Ave,Oldsmar,FL,34677,,https://www.dimmitt.com/services/collision-center/
Doral Volkswagen,10455 Nw 12th St Ste C,Doral,FL,33172,(786)568-7145,https://www.doralvw.com
European Paint & Body,335 Sw 15th Ave,Pompano Beach,FL,33069,(954)783-2434,https://europeanpompano.com/
European Paint & Body II,1575 Donna Rd,West Palm Beach,FL,33409,(561)232-2906,https://www.europeanpaintandbody.com/
Group 1 Volkswagen of Panama City,3605 E 15th St,Panama City,FL,32404,(850)763-5495,https://www.group1volkswagenofpanamacity.com
Guardian Collision,7818 Philips Hwy,Jacksonville,FL,32256,,https://www.guardiancollsion.com
Gunther Volkswagen,1660 S State Road 7,Fort Lauderdale,FL,33317,(954)797-1660,https://www.gunthervw.com
Gunther Volkswagen Clermont,800 Almond St.,Clermont,FL,34711,(352)832-5720,https://www.gunthervwclermont.com
Gunther Volkswagen Daytona Beach,1270 N Tomoka Farms Rd,Daytona Beach,FL,32124,(386)523-0500,https://www.gunthervwdaytona.com
Gunther Volkswagen Pompano Beach,855 S Federal Hwy,Pompano Beach,FL,33062,(754)293-1920,https://www.gunthervwpompano.com
Gunther Volkswagen of Coconut Creek,4300 N State Road 7,Coconut Creek,FL,33073,(954)590-3750,https://www.gunthervw.net
Gunther Volkswagen of Delray Beach,2401 North Federal Highway,Delray Beach,FL,33483,(561)243-4600,https://www.gunthervwdelray.com
Hanania Collision Center,1485 Wells Rd,Orange Park,FL,32073,(855)311-8781,https://www.hananiacollision.com/car-bumper-repair-jacksonville-fl.htm
Hanania Volkswagen of Orange Park,7220 Blanding Blvd,Jacksonville,FL,32244,(904)777-0071,https://www.hananiavw.com
Imperio Auto Repair,10750 Nw 23rd St,Miami,FL,33172,(305)513-4833,https://classiccollision.net/autobody-locations/classic-collision-of-doral/
Kuhn Volkswagen,3900 W Kennedy Blvd,Tampa,FL,33609,(813)872-4841,https://www.kuhnvw.com
Lakeland Volkswagen,209 S Lake Parker Ave,Lakeland,FL,33801,(863)688-8112,https://www.lakelandvw.com
Leesburg Volkswagen,9105 Us Highway 441,Leesburg,FL,34788,(352)360-7150,https://www.jenkinsvolkswagen.com
Lokey Volkswagen,27850 Us Highway 19 N,Clearwater,FL,33761,(727)799-2151,https://www.lokeyvw.com
Martin's Collision Center,2540 S Myrtle Ave,Sanford,FL,32773,,https://sanfordpaintandbody.com/
Mitchell Collision Repair Belleview,4828 Se 102nd Pl,Belleview,FL,34420,,https://crashchampions.com/locations/belleview
Naples Premium Collision Center,3409 Westview Dr,Naples,FL,34104,(239)435-0097,https://naplespremiumcollisioncenter.com/
Napleton's Volkswagen of Orlando,12700 E Colonial Dr,Orlando,FL,32826,(407)591-3990,https://www.napletonorlandovw.com
Napleton's Volkswagen of Sanford,4175 S Orlando Dr,Sanford,FL,32773,(407)365-3300,https://www.sanfordvw.com
Norm Reeves VW Port Charlotte,1252 Tamiami Trl,Port Charlotte,FL,33953,(941)743-8883,https://www.charlottevw.com
O'Steen Volkswagen,11401 Philips Hwy,Jacksonville,FL,32256,(904)322-5100,https://www.osteenvw.com
Orlando Volkswagen North,1050 Lee Road,Orlando,FL,32810,(407)644-2222,https://www.orlandovwnorth.com
Orlando Volkswagen South,1406 West Sand Lake Rd,Orlando,FL,32809,(407)581-4321,https://www.orlandovwsouth.com
Palmetto57 Volkswagen,16825 Nw 57th Ave,Miami Gardens,FL,33055,(305)474-8989,
Pete Moore Volkswagen of Pensacola,106 N New Warrington Rd,Pensacola,FL,32506,(850)457-1000,https://www.petemoorevolkswagen.com
Premier Collision of Sarasota,2200 Bee Ridge Rd,Sarasota,FL,34239,(941)922-1577,http://www.premiercollisionsarasota.com/
Prestige Volkswagen of Melbourne,1416 S Harbor City Blvd,Melbourne,FL,32901,(321)309-8989,https://www.melbournevw.com
Rick Case Collision Center,15700 Rick Case Honda Way,Davie,FL,33331,(954)364-3269,https://rickcasecollisioncenter.com/dealership/directions.htm
Rick Case Volkswagen Weston,3520 Weston Rd,Davie,FL,33331,(954)903-5500,https://www.rickcasevolkswagen.com
Roslunds Paint & Paint Body Shop,3138 West Tharpe Street,Tallahassee,FL,32303,(850)580-3499,http://roslundspaintandbody.com/contact/
"Schumacher Automotive, Inc.",3720 Northlake Blvd,Lake Park,FL,33403,(561)622-8220,https://www.vwofnorthpalmbeach.com
Schumacher Collision,1245 Watertower Rd,West Palm Beach,FL,33403,,https://www.schumacherauto.com/service-center-west-palm-beach-fl/collision-center/
"Schumacher Volkswagen, Inc.",3001 Okeechobee Blvd,West Palm Beach,FL,33409,(561)615-3346,https://www.vwofwestpalmbeach.com
Step One VW Fort Walton Beach,130 Hollywood Blvd Sw,Fort Walton Beach,FL,32548,(850)243-3171,https://www.volkswagenftwaltonbeach.com
Sunrise Volkswagen of Fort Pierce,5359 S Us Highway 1,Fort Pierce,FL,34982,(772)742-8333,https://www.sunrise-vw.com
Sunset Volkswagen of Sarasota,2124 Bee Ridge Rd,Sarasota,FL,34239,(941)907-8683,https://www.sunsetvolkswagen.com
Tom Bush Collision Center,9750 Regency Square Blvd,Jacksonville,FL,32225,(904)743-1144,https://www.tombushcollisioncenter.com/
Tom Bush Volkswagen,9850 Atlantic Blvd,Jacksonville,FL,32225,(904)725-0911,https://www.tombushvw.com
Vista Collision Center,4401 W Sample Rd,Coconut Creek,FL,33073,(954)935-1900,https://www.southmotors.com
Volkswagen Brandon,9816 E Adamo Dr,Tampa,FL,33619,(813)630-4000,https://www.vwbrandon.com
Volkswagen of Fort Myers,14060 S Tamiami Trl,Fort Myers,FL,33912,(239)433-8306,https://www.vwoffortmyers.com
Volkswagen of Gainesville,3737 North Main Street,Gainesville,FL,32609,(352)240-0880,https://www.vwofgainesville.com
Volkswagen of Naples,601 Airport Rd S,Naples,FL,34104,(239)435-3204,https://www.vwofnaples.com
Volkswagen of New Port Richey,4719 US Highway 19,New Port Richey,FL,34652,(727)753-1100,https://www.vwofnpr.com
Volkswagen of North Tampa,11337 North Florida Avenue,Tampa,FL,33612,(813)933-2811,https://www.vwofnorthtampa.com
Volkswagen of Ocala,5135 Sw College Road,Ocala,FL,34474,(352)387-1330,https://www.vwofocala.com
Volkswagen of Saint Augustine,3235 Us Highway 1 S,Saint Augustine,FL,32086,(904)495-7070,https://www.vwstaug.com
Volkswagen of South Miami,17930 S Dixie Hwy,Miami,FL,33157,(305)256-2470,https://www.vwofsouthmiami.com
Volkswagen of Wesley Chapel,26500 Silver Maple Pkwy,Wesley Chapel,FL,33544,(813)755-6250,https://www.vwofwc.com
Wallace Volkswagen,2805 Se Federal Hwy,Stuart,FL,34994,(772)219-0007,https://www.wallacevolkswagenofstuart.com
West Delray Collision Center,9701 W Atlantic Ave,Delray Beach,FL,33446,(561)638-8300,http://westdelraycollision.com/
Windermere Collision Center,933 Carter Rd,Winter Garden,FL,34787,(407)554-2228,https://WWW.WINDERMERECOLLISIONCENTER.COM
AutoNation Collision CTR Columbus,3001 N Lake Pkwy,Columbus,GA,31909,(706)530-4600,https://www.autonationcollisioncenters.com/viewlocation.cfm?StoreID=263
AutoNation VW Mall of Georgia,3711 Buford Dr,Buford,GA,30519,(678)745-9950,https://www.autonationvwmallofgeorgia.com
AutoNation Volkswagen Columbus,"3000 N Lake Pkwy, Bldg 300",Columbus,GA,31909,(706)243-3901,https://www.autonationvolkswagencolumbus.com
AutoNation Volkswagen Savannah,50 Eisenhower Dr,Savannah,GA,31406,(912)629-6989,https://www.autonationvolkswagensavannah.com
Classic Collision of Kennesaw,1680 Old 41 Hwy Nw,Kennesaw,GA,30152,(404)569-1218,https://classiccollision.net/autobody-locations/classic-collision-of-kennesaw/
Columbus Body Works,1919 Veterans Pkwy,Columbus,GA,31904,,http://columbusbodyworks.com/
Crash Champions,1934 Highway 85,Jonesboro,GA,30238,(678)817-4722,https://europeancollisionrepair.com/
Gerald Jones Volkswagen,4022 Washington Rd,Martinez,GA,30907,(706)228-6900,https://www.geraldjonesvw.com
"Heritage Volkswagen, Inc.",4305 Jonesboro Rd,Union City,GA,30291,(770)774-9310,https://www.atlantavolkswagen.com
Hoover Volkswagen Lithia Springs,1981 Thornton Rd,Lithia Springs,GA,30122,(770)745-1470,https://www.hoovervwlithiasprings.com
Jim Ellis Collision Center,5849 Peachtree Rd Ste B,Atlanta,GA,30341,(888)819-8939,https://www.jimelliscollision.com/
Jim Ellis Volkswagen of Chamblee,5901 Peachtree Blvd.,Atlanta,GA,30341,(770)458-6811,https://www.jimellisvwatlanta.com
Jim Ellis Volkswagen of Kennesaw,950 Barrett Parkway,Kennesaw,GA,30144,(770)370-4900,https://www.jimellisvolkswagenkennesaw.com
Kendrick Body & Paint,1333 Broad St,Augusta,GA,30901,(706)724-4071,https://classiccollision.com/locations/classic-collision-broad-west/
Lou Sobh Volkswagen of Athens,4565 Atlanta Hwy,Athens,GA,30606,(706)534-0080,https://www.lousobhvw.com
Nalley Luxury Collision CTR-Roswell,11507 Alpharetta Hwy,Roswell,GA,30076,(678)389-6623,https://www.nalleycollision.com/locations/roswell-luxury/online-estimate
Nalley Volkswagen of Alpharetta,1550 Mansell Rd,Alpharetta,GA,30009,(678)795-3444,https://www.nalleyvw.com
O'Steen Volkswagen of Valdosta,4140 North Valdosta Road,Valdosta,GA,31602,(229)242-9920,https://www.valdostavw.com
Stone Mountain Volkswagen,3500 Stone Mountain Hwy,Snellville,GA,30078,(770)979-2000,https://www.stonemountainvw.com
Volkswagen of Macon,4786 Riverside Dr,Macon,GA,31210,(478)781-7701,https://www.vwofmacon.com
Volkswagen of Marietta,1860 Cobb Parkway SE,Marietta,GA,30060,(770)955-6565,https://www.volkswagenofmarietta.com
Volkswagen of Warner Robins,741 Russell Pkwy,Warner Robins,GA,31088,(478)293-1701,https://www.vwofwarnerrobins.com
Honolulu Volkswagen,2881 N. Nimitz Highway,Honolulu,HI,96819,(808)369-9016,https://www.honoluluvw.com
Island Fender,807 Ilaniwai St,Honolulu,HI,96813,(808)592-8757,https://www.islandfender.com/
KarMART Volkswagen of Maui,411 Huku Lii Pl Ste 104,Kihei,HI,96753,(808)419-7400,https://www.karmartmaui.com
Tony Volkswagen,94-1299 Ka Uka Blvd.,Waipahu,HI,96797,(808)680-7170,https://www.tonyvolkswagen.com
Lithia Body & Paint Des Moines,9943 Hickman Rd,Urbandale,IA,50322,(844)851-4960,https://www.lithiadesmoinesbodyshop.com/contact.htm
Lithia Volkswagen of Des Moines,5200 Merle Hay Rd,Johnston,IA,50131,(877)568-0313,https://www.volkswagenofdesmoines.com
McGrath Volkswagen of Dubuque,2075 Holliday Dr,Dubuque,IA,52002,(563)587-4300,https://www.mcgrathvwofdubuque.com
McGrath Volkswagen of Marion,675 Blairs Ferry Road,Marion,IA,52302,(319)377-3474,https://www.mcgrathvw.com
Pritchard Volkswagen of Mason City,721 S Monroe Ave,Mason City,IA,50401,(641)423-5402,https://www.pritchardsvw.com
Volkswagen Iowa City,809 Highway 1 W,Iowa City,IA,52246,(319)354-2550,https://carouselmotorsvw.com
Volkswagen of Quad Cities,3602 Harrison St.,Davenport,IA,52806,(563)386-1511,https://www.vwofquadcities.com
Volkswagen of Sioux City,3901 Stadium Dr,Sioux City,IA,51106,(712)226-2000,https://www.jensenvolkswagen.com
Witham Volkswagen of Cedar Falls,2728 S Main St,Cedar Falls,IA,50613,(319)277-8123,https://www.withamvw.com
Boise Volkswagen,8400 W Franklin Rd,Boise,ID,83709,(208)377-5400,https://www.volkswagenofboise.com
Post Falls Volkswagen,811 North Greensferry Rd,Post Falls,ID,83854,(208)773-4939,https://www.postfallsvw.com
Teton Volkswagen,2220 W Sunnyside Rd,Idaho Falls,ID,83402,(208)522-4501,https://www.tetonvw.com
Twin Falls Volkswagen,1534 Blue Lakes Blvd N,Twin Falls,ID,83301,(208)733-2954,https://www.twinfallsvw.com
America's Auto Body,810 Lunt Ave,Schaumburg,IL,60193,(847)985-3760,https://americasautobody.com/
Auffenberg Volkswagen,1122 Auffenberg Ave,Shiloh,IL,62269,(618)622-4500,https://www.auffenbergvolkswagen.com
Autobarn Volkswagen of Countryside,6161 Joliet Rd,Countryside,IL,60525,(708)354-6600,https://www.vwofchicagoland.com
Bill Jacobs Volkswagen,2211 Aurora Ave,Naperville,IL,60540,(630)848-6600,https://www.billjacobsvw.com
Birkholz Body Werks,1560 W Ogden Ave,Naperville,IL,60540,(630)637-9999,https://birkholz.com/
CDE Collision Center Tinley Park,17500 Harlem Ave,Tinley Park,IL,60477,(708)532-7400,https://www.cdecollisioncenters.com/autobody-locations/auto-body-tinley-park/
Caliber - O'Fallon-IL,1274 Central Park Dr,O Fallon,IL,62269,(618)622-0100,https://www.calibercollision.com
Castle Volkswagen of Downers Grove,2020 Ogden Ave,Downers Grove,IL,60515,(630)964-9500,https://www.castlevwdownersgrove.com
Castle Volkswagen of Schaumburg,1000 E Golf Rd,Schaumburg,IL,60173,(847)839-8101,https://www.castlevwcars.com
City Volkswagen of Chicago,5330 W Irving Park Rd,Chicago,IL,60641,(773)794-7800,https://www.cityvwofchicago.com
City Volkswagen of Evanston,1033 Chicago Ave,Evanston,IL,60202,(847)866-7600,https://www.cityvwofevanston.com
Dixon Volkswagen,489 Il Route 2,Dixon,IL,61021,(815)288-3366,https://www.dixonvw.com
Elgin Volkswagen,2630 Auto Mall Drive,Elgin,IL,60124,(847)428-2000,https://www.elginvw.com
Fix Auto Fox Valley Collision,1214 Foundry St,Saint Charles,IL,60174,(630)443-4380,https://fixautousa.com/fox-valley
Fox Valley Volkswagen,4050 East Main Street,St. Charles,IL,60175,(630)231-9900,https://www.foxvalleyvw.com
Fox Valley Volkswagen Crystal Lake,5213 Northwest Hwy,Crystal Lake,IL,60014,(815)455-9600,https://www.vwofcrystallake.com
Gold Coast Auto Body,900 W Division St,Chicago,IL,60642,(312)787-0333,https://goldcoastautobody.com/
Green Volkswagen of Springfield,3901 W. Wabash Ave,Springfield,IL,62711,(217)523-3643,https://www.greenvw.com
Gurnee Volkswagen,6301 W. Grand Avenue,Gurnee,IL,60031,(847)855-1500,https://www.gurneevw.com
Hawk Volkswagen of Joliet,2861 W Jefferson Street,Joliet,IL,60435,(815)741-1100,https://www.hawkvw.com
Jennings Volkswagen,201 Waukegan Rd,Glenview,IL,60025,(847)729-3500,https://www.jennings-vw.com
Larry Roesch Volkswagen,313 W Grand Ave,Bensenville,IL,60106,(630)860-0400,https://www.larryroeschvw.com
Liberty Import Center,920 S Milwaukee Ave,Libertyville,IL,60048,(847)680-8000,https://www.libertyvw.com
Liberty Imports Collision Center,920 S Milwaukee Ave,Libertyville,IL,60048,(847)680-8000,https://www.libertyautoplaza.com/contact.htm
Lou Bachrodt Volkswagen,7070 Cherryvale North Blvd,Rockford,IL,61112,(815)332-3000,https://www.loubachrodtvw.com
Muller Volkswagen,1340 Park Ave W,Highland Park,IL,60035,(847)433-7900,https://www.mullervolkswagen.com
Napleton's Volkswagen of Urbana,1111 O'Brien Drive,Urbana,IL,61802,(217)367-1222,https://www.napletonsvwofurbana.com
O'Hare Auto Body,1316 W Irving Park Rd,Bensenville,IL,60106,,https://ohareautobody.com/
Precision Body Works,65 National St,Elgin,IL,60123,(847)697-2727,http://www.elgincollision.com/
Total Collision & PDR,910 W Northwest Hwy,Arlington Heights,IL,60004,(847)873-1790,http://totalautowerks.com/
Volkswagen of Bloomington Normal,1430 Fort Jesse Rd,Normal,IL,61761,(309)454-1101,https://www.bloomingtonvw.com
Volkswagen of Downtown Chicago,1111 N Clark St,Chicago,IL,60610,(312)628-4800,https://www.dtvwchicago.com
Volkswagen of Marion,4403 W Deyoung St,Marion,IL,62959,(618)551-5100,https://www.vwofmarion.com
Volkswagen of Oak Lawn,8920 S Cicero Ave,Oak Lawn,IL,60453,(708)425-8989,https://www.vwoaklawn.com
Volkswagen of Orland Park,8920 W 159th St,Orland Park,IL,60462,(708)428-5000,https://www.vworland.com
Volkswagen of Palatine,1951 N Rand Rd,Palatine,IL,60074,(847)392-6300,https://www.vwofpalatine.com
Volkswagen of Peoria,2322 W Van Winkle Way,Peoria,IL,61615,(309)243-1101,https://www.vwofpeoria.com
Wheel-Inn Body & Motorworks,1290 Peterson Drive,Wheeling,IL,60090,(847)520-3110,https://wheelinnbody.com/
Andy Mohr Volkswagen of Avon,8791 E Us Highway 36,Avon,IN,46123,(317)978-0296,https://www.andymohrvw.com
City Volkswagen of Highland,9601 Indianapolis Blvd,Highland,IN,46322,(219)237-2200,https://www.cityvwofhighland.com
D-Patrick Motoplex Certif Coll CTR,200 N Green River Rd,Evansville,IN,47715,(812)473-6530,https://www.dpat.com/body-shops/evansville-in/motoplex-certified-collision-center.htm
"D-Patrick, Inc.",200 N Green River Rd,Evansville,IN,47715,(812)473-6500,https://www.dpatvw.com
Dreyer & Reinbold of Greenwood,1301 U.S. 31 South,Greenwood,IN,46143,(317)885-4800,https://www.dreyerreinboldvw.com
Gurley-Leep Volkswagen of Michiana,4004 Grape Rd,Mishawaka,IN,46545,(574)254-7130,https://www.gurleyleepvolkswagen.com
Lafayette Volkswagen,1701 Sagamore Pkwy S,Lafayette,IN,47905,(765)446-1948,https://www.lafayettevwin.com
Royal Volkswagen of Bloomington,3333 E 3rd St,Bloomington,IN,47401,(812)332-9251,https://www.royaleastvw.com
Speedway Volkswagen of Indianapolis,1930 W 16th St,Indianapolis,IN,46202,(317)263-0002,https://www.speedwayvw.com
Team Volkswagen,3990 E Lincoln Hwy,Merrillville,IN,46410,(888)805-3689,https://www.teamvw.com
Tom Wood Collision Center,9727 Bauer Dr,Indianapolis,IN,46280,(317)848-6707,https://www.tomwoodcollision.com/
Tom Wood Volkswagen,4545 E 96th St,Indianapolis,IN,46240,(317)705-7000,https://www.tomwoodvolkswagen.com
Tom Wood Volkswagen of Noblesville,14701 Tom Wood Way,Noblesville,IN,46060,(317)853-4552,https://www.tomwoodvolkswagennoblesville.com
Volkswagen of Clarksville,406 E. Lewis And Clark Pkwy,Clarksville,IN,47129,(812)590-8103,https://www.volkswagenofclarksville.com
Vorderman Volkswagen,5811 Cross Creek Blvd,Fort Wayne,IN,46818,(260)489-7900,https://www.vordermanvw.com
Bud Brown Volkswagen,925 N Rawhide Dr,Olathe,KS,66061,(913)254-0100,https://www.budbrownvw.com
Crown Volkswagen,3400 South Iowa Street,Lawrence,KS,66046,(785)843-7714,https://www.crownmotorsvw.com
Don's Body Shop,207 W Cedar St,Olathe,KS,66061,,http://www.donsbodyshop.info/
Eddy's Volkswagen of Wichita,11211 E Kellogg Dr,Wichita,KS,67207,(316)771-5326,https://www.eddysvolkswagenofwichita.com
Volkswagen of Topeka,3030 S. Kansas Ave.,Topeka,KS,66611,(785)266-8480,https://www.vwtopeka.com
Bachman Collision Center,12001 Plantside Dr,Louisville,KY,40299,(502)719-3830,https://www.bachmanchevrolet.com/collision-center/
Bachman Subaru-Volkswagen,9652 Bluegrass Pkwy,Louisville,KY,40299,(502)493-2920,https://www.bachmanvolkswagen.com
Don Jacobs Volkswagen,2689 Nicholasville Rd,Lexington,KY,40503,(859)276-3546,https://www.donjacobsvolkswagen.com
Kerry Volkswagen,1010 Burlington Pike,Florence,KY,41042,(859)371-8191,https://www.kerryvw.com
Neil Huffman Volkswagen,4926 Dixie Hwy,Louisville,KY,40216,(502)448-6666,https://www.neilhuffmanvolkswagen.com
Bolton Volkswagen,3850 Gerstner Memorial Blvd,Lake Charles,LA,70607,(337)243-3034,https://www.boltonvw.com
C&R Collision Repair,2774 Ne Evangeline Trwy,Lafayette,LA,70507,,https://www.crcollision.com/
Family Volkswagen of Bossier City,1975 Old Minden Rd,Bossier City,LA,71111,(318)746-2175,https://www.familyvwbossiercity.com
Gerber Collision & Glass - NOLA,4047 S Carrollton Ave,New Orleans,LA,70119,,https://www.gerbercollision.com/locations/new-orleans-carrollton-ave-la
Premier Volkswagen of Harvey,4050 Lapalco Blvd,Harvey,LA,70058,(504)608-5682,https://www.premiervwharvey.com
Southpoint Volkswagen,13940 Airline Hwy,Baton Rouge,LA,70817,(225)291-6000,https://www.southpointvw.com
Southwest Volkswagen,6184 Johnston St,Lafayette,LA,70503,(337)456-8400,https://www.southwestvw.com
Volkswagen of Mandeville,1700 N Causeway Blvd,Mandeville,LA,70471,(985)626-1067,https://www.vwmandeville.com
Walker Volkswagen,8933 Veterans Memorial Blvd,Metairie,LA,70003,(504)465-2000,https://www.walkervw.com
Auto Engineering Body Works,774 Pleasant St,Belmont,MA,02478,(617)484-9536,http://www.autoengineeringbodyworks.com/
Boston Volkswagen,43 N Beacon St,Watertown,MA,02472,(617)783-1300,https://www.bostonvw.com
Cape Auto Collision Center,115 Sandwich St,Plymouth,MA,02360,(508)747-0316,https://www.capeautorepairs.com/
Central Autoworks DBA Central Auto,551 Park Ave,Worcester,MA,01603,(508)798-9727,https://www.centralautobodyworcester.com
Coastal Volkswagen,1 Saturn Drive,Hanover,MA,02339,(781)871-4600,https://www.coastalvw.com
Colonial Volkswagen,89 Turnpike Rd,Westborough,MA,01581,(508)366-8383,https://www.buycolonialvw.com
Colonial Volkswagen of Medford,340 Mystic Avenue,Medford,MA,02155,(781)475-5200,https://www.vwmedford.com
Commonwealth Volkswagen,1 Commonwealth Drive,Lawrence,MA,01841,(978)685-3400,https://www.vwcommonwealth.com
"Fathers & Sons, Inc.",434 Memorial Avenue,West Springfield,MA,01089,(413)785-1631,https://www.fathers-sonsvw.com
Gervais Volkswagen of Lowell,6 Industrial Ave.,Lowell,MA,01851,(978)454-1202,https://www.gervaisvw.com
Hogan & Van Auto Body,190 Mystic Avenue,Medford,MA,02155,(781)396-8282,http://www.highlineautobody.com/
Hollis Auto Body,230 Eliot St,Ashland,MA,01721,(508)881-1990,https://hollisautobody.com/
Kelly Collision Center,72 Andover St,Danvers,MA,01923,(978)922-6771,https://kellycollisioncenter.com/
Kelly Volkswagen,72 Andover St,Danvers,MA,01923,(978)774-8000,https://www.kelly-vw.com
King Collision Centers Pembroke,38 Schoosett St,Pembroke,MA,02359,(508)747-2005,http://kingcollision.com/
Mastria Volkswagen of Raynham,1619 New State Hwy,Raynham,MA,02767,(508)802-9555,https://www.mastriavw.com
"Minuteman Volkswagen, Inc.",39 North Rd,Bedford,MA,01730,(781)275-8000,https://www.minutemanvw.com
Northampton Volkswagen,361 King St.,Northampton,MA,01060,(413)586-3102,https://www.northamptonvolkswagen.com
Nucar Volkswagen of Norwood,1280 Providence Hwy,Norwood,MA,02062,(781)762-6820,https://www.nucarvwnorwood.com
Patrick Volkswagen Auburn,519 Washington St,Auburn,MA,01501,(508)832-8883,https://www.patrickvw.com
Quirk Volkswagen,20 Granite St,Braintree,MA,02184,(781)348-8800,https://www.quirkvw.com
Silko Volkswagen of Easton,661 Washington St,South Easton,MA,02375,(508)587-9040,https://www.silkovwofeaston.com
The Collision Center Coastal,61 Accord Park Dr,Norwell,MA,02061,(781)291-3071,https://www.thecollisioncentercoastal.com/
TommyCar Collision,32 Damon Rd,Northampton,MA,01060,,https://www.tommycarcollision.com/
"Tracy Volkswagen, Inc.",686 Iyannough Rd,Hyannis,MA,02601,(508)775-3049,https://www.tracyvw.com
Volkswagen Fall River,80 William S Canning Blvd,Fall River,MA,02721,(508)678-5555,https://www.vwfallriver.com
Volkswagen Lenox,384 Pittsfield Rd,Lenox,MA,01240,(413)443-4702,https://www.vwlenox.com
"Volkswagen of North Attleboro, Inc.",563 Kelley Blvd,North Attleboro,MA,02760,(508)695-7131,https://www.driveavw.com
Wagner Certified Collision Center,700 Plantation St,Worcester,MA,01605,,https://wagnercertifiedcollision.com/
"Wellesley Volkswagen, Incorporated",231 Linden St,Wellesley,MA,02482,(781)237-3553,https://www.buywellesleyvw.com
Antwerpen Volkswagen,8065 Ritchie Hwy,Pasadena,MD,21122,(410)760-6300,https://www.antwerpenvw.com
AutoNation Collision CTR Baltimore,4025 Mortimer Ave,Baltimore,MD,21215,(410)358-5155,https://www.caliber.com/find-a-location/baltimore-mortimer-ave
Caliber Collision - Essex,101 Ann Ave,Essex,MD,21221,(443)596-3767,https://www.caliber.com
Criswell Collision Center,181 Defense Hwy,Anapolis,MD,21401,(443)837-0700,https://www.criswellcollisioncenter.com/Annapolis-auto-body-repair-shop-location.html
Fitzgerald Volkswagen of Annapolis,34 Hudson St,Annapolis,MD,21401,(410)224-3480,https://www.fitzgeraldvolkswagen.com
Fitzgerald Volkswagen of Frederick,114 Baughman'S Lane,Frederick,MD,21702,(301)696-9200,https://www.fitzgeraldvwfrederick.com
Heritage Catonsville Service Center,1501 S Caton Ave,Baltimore,MD,21227,(410)525-1000,https://www.heritagesubarucatonsville.com/subaru-body-shop-in-baltimore.htm
Heritage Volkswagen Catonsville,6624 Baltimore National Pike,Baltimore,MD,21228,(410)744-2300,https://www.heritagevwcatonsville.com
Heritage Volkswagen Parkville,9215 Harford Rd,Baltimore,MD,21234,(410)661-3400,https://www.heritagevwbaltimore.com
King Volkswagen,979 N Frederick Ave,Gaithersburg,MD,20879,(301)948-3330,https://www.vwking.com
Ourisman Collision Center of Laurel,3371 Laurel Fort Meade Rd,Laurel,MD,20724,,https://www.ourismanhondaoflaurel.com/findmycar.aspx?type=New
Ourisman Volkswagen of Bethesda,7001 Arlington Road,Bethesda,MD,20814,(202)537-3000,https://www.volkswagenofbethesda.com
Ourisman Volkswagen of Laurel,3371 Ft. Meade Road,Laurel,MD,20724,(301)498-5650,https://www.laurelvolkswagen.com
Ourisman Volkswagen of Rockville,801 Rockville Pike,Rockville,MD,20852,(301)424-7800,https://www.rockvillevolkswagen.com
Ourisman Volkswagen of Waldorf,2282 Crain Hwy,Waldorf,MD,20601,(301)843-8950,https://www.ourismanvolkswagenwaldorf.com
Ourisman of Rockville Collision CTR,801 Rockville Pike,Rockville,MD,20852,(866)279-8163,https://www.ourismancollision.com/our-locations/ourisman-of-rockville/
Pohanka Volkswagen of Salisbury,1922 N Salisbury Blvd,Salisbury,MD,21801,(410)548-3400,
Pohanka Volkswagen ofRitchieStation,1720 Ritchie Station Ct,Capitol Heights,MD,20743,(301)808-7100,
Sheehy Collision Center,10306 Auto Pl,Hagerstown,MD,21740,,https://www.sheehycollision.com
Sheehy Volkswagen Hagerstown,10310 Auto Pl,Hagerstown,MD,21740,(301)739-7700,https://www.sheehyvwhagerstown.com
Volkswagen of Fallston,2110 Bel Air Rd,Fallston,MD,21047,(410)877-1500,https://www.vwoffallston.com
Darling's Volkswagen of Bangor,403 Hogan Road,Bangor,ME,04401,(207)941-1330,https://www.darlingsvw.com
Jack Volkswagen of Saco,784 Portland Rd,Saco,ME,04072,(207)283-2900,https://www.jack-vw.net
Morong Falmouth Volkswagen,187 Us Route 1,Falmouth,ME,04105,(207)781-4020,https://www.morongvw.com
O'Connor Volkswagen,188 Riverside Drive,Augusta,ME,04330,(207)622-6336,https://www.oconnorvw.com
Prime Collision Center North,751 Portland Rd,Saco,ME,04072,(207)391-7975,https://group1collision.com
Rowe Volkswagen,699 Center Street,Auburn,ME,04210,(207)786-0336,https://www.rowevwauburn.com
"Thompson Volkswagen, Inc.",347 Main St,Waterville,ME,04901,(207)873-0777,https://www.thompsonvw.com
"Betten Imports, Inc.",5901 28th St Se,Grand Rapids,MI,49546,(616)301-2100,https://www.bettenvolkswagen.com
Cooper Body Shop,1221 W State Rd,Lansing,MI,48906,(517)485-9387,http://cooperbodyshop.com/
Crown Volkswagen,11260 Chicago Dr,Holland,MI,49423,(616)393-0400,https://www.crownvolkswagen.com
Fox Collision CTR-Rochester Hills,655 S Rochester Rd,Rochester Hills,MI,48307,(248)651-7444,http://www.autobyfox.com/showroom/index.htm
Fox Volkswagen,773 S Rochester Rd,Rochester Hills,MI,48307,(248)656-0400,https://www.vwbyfox.com
Gerber Collision & Glass-Ann Arbor,2310 S Industrial Hwy,Ann Arbor,MI,48104,(734)996-2325,https://www.gerbercollision.com/locations/ann-arbor-industrial-hwy-mi
Koenes Auto Body,5100 Patterson Ave Se,Grand Rapids,MI,49512,(616)291-3352,https://www.koenesauto.com/
LaFontaine Volkswagen Dearborn,2200 S Telegraph Rd,Dearborn,MI,48124,(313)996-6000,https://www.lafontainevolkswagen.com
LaFontaine Volkswagen of Livonia,34501 Plymouth Rd,Livonia,MI,48150,(734)425-5400,https://www.lafontainevolkswagenlivonia.com
Mike Savoie Volkswagen of Troy,1828 Maplelawn Dr,Troy,MI,48084,(248)781-7900,https://www.mikesavoievw.com
Moran Volkswagen of Sterling Height,40555 Van Dyke Ave,Sterling Heights,MI,48313,(586)977-2800,https://www.moranvw.com
My Volkswagen of Muskegon,1860 E Sternberg Rd,Muskegon,MI,49444,(231)799-2886,https://www.vwofmuskegon.com
My Volkswagen of North Grand Rapids,3985 Plainfield Ave Ne,Grand Rapids,MI,49525,(616)361-7361,https://www.myvolkswagenofnorthgrandrapids.com
Serra Volkswagen of Traverse City,1747 S Garfield Ave,Traverse City,MI,49686,(231)946-5540,https://www.volkswagenoftraversecity.com
Suburban Collision of Troy,1759 Maplelawn Dr,Troy,MI,48084,(248)649-6100,https://www.suburbancollisioncenters.com/
Suburban VW of Farmington Hills,37911 Grand River Ave,Farmington Hills,MI,48335,(248)471-0800,https://www.suburbanvwoffarmingtonhills.com
Thelen  Volkswagen,1112 North Euclid Avenue,Bay City,MI,48706,(989)684-2980,https://www.thelenvw.com
Thelen Auto Group Body Shop,4243 N Euclid Ave,Bay City,MI,48706,,https://www.thinkthelen.com/body-shop
Volkswagen Ann Arbor,2565 S State St,Ann Arbor,MI,48104,(734)761-3200,https://www.vwannarbor.com
Volkswagen Kalamazoo,5622 W Main St,Kalamazoo,MI,49009,(269)342-6600,
Volkswagen of Grand Blanc,6201 S Saginaw Rd,Grand Blanc,MI,48439,(810)694-5600,https://www.volkswagenofgrandblanc.com
"Williams Volkswagen, Inc.",2186 Jolly Rd,Okemos,MI,48864,(517)484-1341,https://www.williamsvolkswagen.com
Abra Auto Body & Glass,41 Division St,Waite Park,MN,56387,,https://www.abraauto.com/abra-auto-location/298-st-cloud-mn
Dave Syverson VW of Albert Lea,2310 East Main Street,Albert Lea,MN,56007,(507)373-1438,https://www.davesyversonvolkswagen.com
Eich Volkswagen,1931 W Division St,Saint Cloud,MN,56301,(320)251-1737,https://www.eichvw.com
LaMettry's Collision Maplewood,2951 Maplewood Dr,Maplewood,MN,55109,(651)766-9770,https://www.lamettrys.com/maplewood-location/
Latuff Brothers Auto Body,880 University Ave West,St. Paul,MN,55104,(651)224-2828,https://www.latuffbrothers.com/latuff-brothers/partners/
Luther Brookdale Volkswagen,6801 Brooklyn Boulevard,Brooklyn Center,MN,55429,(763)331-6400,https://www.lutherbrookdalevw.com
Luther Burnsville Volkswagen,14550 Buck Hill Rd,Burnsville,MN,55306,(952)892-9400,https://www.burnsvillevw.com
Luther Collision & Glass Brooklyn P,8509 Xylon Ave N,Brooklyn Park,MN,55445,,https://luthercollision.com/
Luther Collision Glass Bloomington,4801 American Blvd W,Bloomington,MN,55437,(952)367-4500,https://luthercollision.com/
Luther Collision Glass Plymouth,9825 56th Ave N,Plymouth,MN,55442,(763)331-6000,https://lutherautoglass.com/
Luther West Side Volkswagen,2370 MN-100,Saint Louis Park,MN,55416,(952)377-4100,https://www.westsidevw.com
Mankato Volkswagen,2021 Fern Lake Rd,Mankato,MN,56001,(507)625-5641,https://www.vwmankato.com
Pearson Auto Body,1238 Vierling Dr E,Shakopee,MN,55379,(952)445-8000,https://www.caliber.com/find-a-location/shakopee
Raymond Auto Body,1075 Pierce Butler Rte,Saint Paul,MN,55104,(651)558-0103,https://raymondautobody.com/
Rochester Volkswagen,2828 North Highway 52,Rochester,MN,55901,(507)282-9468,https://www.parkplacevw.com
Schmelz Countryside Volkswagen,1180 Mn-36 E,Saint Paul,MN,55109,(651)484-8441,https://www.schmelzvw.com
Volkswagen of Duluth,4735 Loberg Ave,Hermantown,MN,55811,(218)722-6989,https://www.vwofduluth.com
Volkswagen of Inver Grove,1325 50th St E,Inver Grove Heights,MN,55077,(651)552-9100,https://www.vwinvergrove.com
Bommarito Collision Hazelwood,6311 N. Lindberg Blvd,Hazelwood,MO,63042,(314)731-2228,https://www.bommaritocollision.com/
Bommarito Volkswagen St. Peters,4190 N Service Rd,Saint Peters,MO,63376,(636)928-2300,https://www.bommaritovwstpeters.com
Bommarito Volkswagen of Hazelwood,400 Brookes Dr,Hazelwood,MO,63042,(314)731-7777,https://www.bommaritovwhazelwood.com
Hendrick Collision Center of Kansas,9400 Troost Ave,Kansas City,MO,64131,(816)335-5600,https://www.hendrickcars.com
Joe Machens Volkswagen of Columbia,1200 Vandiver Drive,Columbia,MO,65202,(573)814-6700,https://www.joemachensvw.net
Molle Volkswagen,808 W 103rd St,Kansas City,MO,64114,(816)941-9500,https://www.mollevwofkansascity.com
Northtowne Volkswagen,6750 N Oak Trfy,Gladstone,MO,64118,(816)436-2255,https://www.northtownevw.com
Schaefer Auto Body Center-Maplewood,7920 Jaguar Trl,Saint Louis,MO,63143,(636)305-8288,https://www.schaeferautobody.com/shops/maplewood/
Spirirt West Motor Carriage,610 Park Ln,Manchester,MO,63011,,https://spiritwestautobody.com/
Suntrup Volkswagen,6014 S Lindbergh Blvd,Saint Louis,MO,63123,(314)892-8200,https://www.suntrupvw.com
The Dean Team of Ballwin,15121 Manchester Rd,Ballwin,MO,63011,(636)227-0100,https://www.deanteamvwballwin.com
The Dean Team of Kirkwood,10205 Manchester Rd,Kirkwood,MO,63122,(314)966-0303,https://www.deanteamvwkirkwood.com
Volkswagen of Lee's Summit,2225 Ne Independence Ave.,Lees Summit,MO,64064,(816)600-4224,https://www.vwleessummit.com
Volkswagen of Springfield,3508 E Division St,Springfield,MO,65802,(417)886-6000,https://www.napletonvwspringfield.com
Barnes Crossing Volkswagen,3973 North Gloster Street,Tupelo,MS,38804,(662)340-2277,https://www.bcvolkswagenoftupelo.com
Crash Champions - Flowood,4230 Lakeland Dr,Flowood,MS,39232,(111)111-1111,https://www.capitolbodyshop.com/
Volkswagen Jackson,5320 I55 North,Jackson,MS,39211,(601)987-9090,https://www.volkswagenjackson.com
Volkswagen of South Mississippi,11689 Bobby Eleutrius Blvd,Diberville,MS,39540,(228)864-6622,https://www.vwofsm.com
Kalispell Volkswagen,1177 Us Highway 2 E,Kalispell,MT,59901,(406)752-8989,https://www.kalispellvolkswagen.com
Missoula Volkswagen,3665 N Reserve St,Missoula,MT,59808,(406)721-2438,https://www.missoulavw.com
Underriner Volkswagen of Billings,3671 Pierce Pkwy,Billings,MT,59106,(406)255-2350,https://www.vwbillings.com
Volkswagen of Bozeman,31908 Frontage Rd,Bozeman,MT,59715,(406)586-1772,https://www.vwofbozeman.com
Body Works Plus,216 W 24th St,Charlotte,NC,28206,,http://bodyworksplus.com
Caliber Coll Charlotte Independence,6111 E Independence Blvd,Charlotte,NC,28212,(704)972-1972,https://www.caliber.com/find-a-location/charlotte-independence
Caliber Coll Charlotte-Tyvola Rd,5605 Westpark Dr,Charlotte,NC,28217,(704)523-4903,https://www.caliber.com/find-a-location/charlotte-tyvola-rd
Caliber Collision Huntersville,14310 Hunters Rd,Huntersville,NC,28078,,https://www.caliber.com/find-a-location/huntersville
Caliber Collision Raleigh-Downtown,1319 Capital Blvd.,Raleigh,NC,27603,(919)856-4650,https://www.caliber.com/find-a-location/raleigh-downtown
Carolina Volkswagen,7800 East Independence Boulevard,Charlotte,NC,28227,(704)537-2336,https://www.carolinavw.com
Classic Volkswagen of Gastonia,4417 Wilkinson Blvd,Gastonia,NC,28056,(704)879-7964,https://www.classicvwgastonia.com
Flow Luxury Paint & Body,425 Silas Creek Pkwy,Winston Salem,NC,27127,,http://www.flowluxurybodyshop.com/
Flow Volkswagen of Asheville,621 Brevard Rd,Asheville,NC,28806,(828)232-4000,https://www.flowvolkswagenasheville.com
Flow Volkswagen of Burlington,660 Huffman Mill Rd,Burlington,NC,27215,(336)290-7878,https://www.flowvolkswagenburlington.com
Flow Volkswagen of Durham,3823 Durham Chapel Hill Blvd,Durham,NC,27707,(919)493-7411,https://www.flowvolkswagendurham.com
Flow Volkswagen of Greensboro,5601 Roanne Way # 100,Greensboro,NC,27409,(336)856-9050,https://www.flowvolkswagengreensboro.com
Flow Volkswagen of Wilmington,5011 New Centre Drive,Wilmington,NC,28403,(910)392-3889,https://www.flowvolkswagenwilmington.com
Flow Volkswagen of Winston-Salem,425 Silas Creek Parkway,Winston Salem,NC,27127,(336)723-3524,https://www.flowvolkswagenwinstonsalem.com
Hendrick Collision Center of Concor,7300 Weddington Rd Nw,Concord,NC,28027,(704)720-3900,https://www.hendrickcars.com
Hendrick Volkswagen of Concord,7500 Hendrick Auto Plaza Nw,Concord,NC,28027,(704)456-3300,https://www.hendrickvwofconcord.com
"Joe Pecheles Volkswagen, Inc.",3021 Evans St,Greenville,NC,27834,(252)756-1135,https://www.pechelesvw.com
K&M Collision,916 Lenoir Rhyne Blvd Se,Hickory,NC,28602,(828)635-0322,https://kandmcollision.com/?utm_source=gbp&utm_medium=organic&utm_campaign=website-button
Keffer Volkswagen,13651 Statesville Road,Huntersville,NC,28078,(704)766-2121,https://www.keffervw.com
Leith Volkswagen of Cary,2300 Auto Park Boulevard,Cary,NC,27511,(919)297-1640,https://www.leithvwcary.com
Leith Volkswagen of Raleigh,4005 Capital Hills Drive,Raleigh,NC,27616,(919)828-0828,https://www.leithvwraleigh.com
Mark Ficken Collision Center,7601 South Blvd,Charlotte,NC,28273,(704)469-5497,https://www.markfickencollision.com
Paramount Volkswagen of Hickory,1205 S. Center St.,Hickory,NC,28602,(828)328-4012,https://www.paramountvw.com
Port City Collision,6101 A Market Street,Wilmington,NC,28405,(910)798-6151,https://portcitycollision.com/
Relentless Collision - Cary,1640 Piney Plains Rd,Cary,NC,27518,(984)465-1026,https://www.relentlesscollision.com
Sport Durst VW of Jacksonville,2406 N Marine Blvd,Jacksonville,NC,28546,(910)938-1417,https://www.sportdurstvolkswagenofjacksonville.com
Sport Durst Volkswagen of Goldsboro,3501 Mclain St,Goldsboro,NC,27534,(919)778-1010,https://www.sportdurstvw.com
"Valley Auto World, Inc.",3810 Sycamore Dairy Rd: Pob 35717,Fayetteville,NC,28303,(910)867-7000,https://www.valleyautoworldvw.com
Volkswagen of South Charlotte,9900 South Blvd,Charlotte,NC,28273,(704)552-6500,https://www.vwsouthcharlotte.com
Volkswagen Fargo,402 40th St S,Fargo,ND,58103,(701)277-1777,https://www.valleyimportsvw.com
Volkswagen of Bismarck,914 57th Ave Ne,Bismarck,ND,58503,(701)258-1944,https://www.volkswagenofbismarck.com
Baxter Auto Body - West Dodge,845 N 177th Circle,Omaha,NE,68118,(402)493-3397,https://bstreetcollision.com/
Baxter Volkswagen of La Vista,7108 S 124th Cir,La Vista,NE,68128,(402)991-0500,https://www.baxtervw.com
Schworer Volkswagen,3301 Schworer Dr,Lincoln,NE,68504,(402)435-3300,https://www.schworervolkswagen.com
AutoFair Volkswagen of Nashua,717 Milford Rd,Merrimack,NH,03054,(603)943-8700,https://www.autofairvolkswagenofnashua.com
"Noyes Volkswagen, Inc.",18 Production Ave,Keene,NH,03431,(603)357-7220,https://www.noyesvolkswagen.com
Nucar Volkswagen of Tilton,40 E Main St,Tilton,NH,03276,(603)286-3141,https://www.nucarvwtilton.com
Portsmouth Autobody Center,700 Peverly Hill Rd,Portsmouth,NH,03801,,https://www.portsmouthautobody.com/
Portsmouth Volkswagen,95 Ocean Rd,Greenland,NH,03840,(603)436-6900,https://www.portsmouthvolkswagen.com
Quirk Volkswagen NH,1100 S Willow St,Manchester,NH,03103,(603)626-7000,https://www.quirkvwnh.com
Rochester Volkswagen,20 Farmington Rd,Rochester,NH,03867,(603)332-6242,https://www.rochestervw.com
Volkswagen of Lebanon,175 Heater Rd,Lebanon,NH,03766,(603)448-6363,https://www.volkswagenoflebanon.com
Atlantic Volkswagen,6820 Tilton Rd,Egg Harbor Township,NJ,08234,(609)646-8600,https://www.atlanticvw.com
Autotech Collision Service,165 Delsea Drive,Sewell,NJ,08080,(856)232-1833,https://autotechcollision.com/
Burke Volkswagen of Cape May County,519 Stone Harbor Blvd,Cape May Court House,NJ,08210,(609)465-6000,https://www.burkevw.com
Burlington Volkswagen,4500 Route 130 S,Burlington,NJ,08016,(609)386-0084,https://www.burlingtonvw.com
Cherry Hill Volkswagen,2261 Marlton Pike W,Cherry Hill,NJ,08002,(856)665-5370,https://www.cherryhillvw.com
Ciocca Volkswagen of Flemington,213 Us Highway 202,Flemington,NJ,08822,(908)782-2400,https://www.cioccavolkswagenofflemington.com
Collex Collision Experts,435 Shrewsbury Ave,Shrewsbury,NJ,07702,(732)741-2480,https://autobodyexperts.com/
County Line Auto Body,278 Alexander Ave,Howell,NJ,07751,(732)363-5904,https://countylineautonj.com/
Crestmont Volkswagen,730 State Route 23 North,Pompton Plains,NJ,07444,(973)839-4000,https://www.crestmontvolkswagen.com
Delta Collision,188 State Route 34,Matawan,NJ,07747,(732)765-9070,https://deltacollision.com/
Douglas Body Shop,491 Morris Ave,Summit,NJ,07901,(908)273-8655,https://www.douglasmotorsinfinitiparts.com/INFINITI__/Electrical-System.html
Douglas Volkswagen of Summit,491 Morris Ave,Summit,NJ,07901,(908)277-3300,https://www.douglasvw.com
Exclusive Auto Collision Center,75 S Franklin Tpke,Ramsey,NJ,07446,(201)785-1116,https://exclusiveautocollisioncenter.com/
Fanelli Brothers Auto Body & Repair,338 River Rd,North Arlington,NJ,07031,(201)997-9263,https://fanellibros.shop/
Freehold Collision,3411 Us Highway 9,Freehold,NJ,07728,,https://freeholdcollision.com/
"Gensinger Motors, Inc.",Route 46 - 842 Valley Road,Clifton,NJ,07013,(973)778-8500,https://www.gensingervw.com
Hamilton Volkswagen,2200 Route 33,Hamilton Square,NJ,08690,(609)587-7600,https://www.hamiltonvw.net
Jack Daniels Volkswagen,180 Rt. 4 East,Paramus,NJ,07653,(201)703-1925,https://www.jackdanielsvw.com
Joe Heidt Volkswagen of Ramsey,515 Route 17,Ramsey,NJ,07446,(201)327-2900,https://www.joeheidt.com
K&H Automotive,23 Industrial Dr,Hamilton,NJ,08619,(609)588-0166,https://www.khauto.com/collisioncenter.html
Lee's Garage,853 Broadway,West Long Branch,NJ,07764,(732)222-3644,https://www.leesgarage.com/services/
"Lido Auto Body, Inc.",485 Main St,Belleville,NJ,07109,(973)751-7776,https://www.lidoautobody.com/
Mountain View Auto Body,96 Newark Pompton Tpke,Wayne,NJ,07470,(973)694-1433,https://www.mtviewautobody.com/
Open Road Volkswagen of Bridgewater,1051 U.S. Route 22,Bridgewater,NJ,08807,(908)685-1033,https://www.openroadvwbridgewater.com
Paul Miller VW of Bernardsville,118 Morristown Rd,Bernardsville,NJ,07924,(908)766-1600,https://www.paulmillervw.com
Performance Volkswagen of Lyndhurst,701 Riverside Ave,Lyndhurst,NJ,07071,(201)933-8383,https://www.performancevw.com
Prestige Volkswagen,4271 Black Horse Pike,Turnersville,NJ,08012,(856)629-9200,https://www.prestigevolkswagen.com
Reydel Volkswagen of Edison,2034 Highway 27,Edison,NJ,08817,(732)287-2828,https://www.reydelvw.com
Reydel Volkswagen of Freehold,4360 Us Highway 9,Freehold,NJ,07728,(732)702-6500,https://www.reydelvwfreehold.com
Reydel Volkswagen of Linden,401 E. St. Georges Avenue,Roselle,NJ,07203,(908)486-3977,https://www.reydelvwlinden.com
Ryan's Auto Body,47 Cindy Ln,Ocean,NJ,07712,(732)493-4071,https://www.oceanautobody.com/
Shrewsbury Volkswagen,702 Shrewsbury Ave,Tinton Falls,NJ,07701,(732)741-8500,https://www.shrewsburyvw.com
Tom's Volkswagen of Union,2155 Route 22,Union,NJ,07083,(908)349-0951,https://www.tomsunionvw.com
Toms River Volkswagen,256 Route 37 East,Toms River,NJ,08753,(732)575-1800,https://www.tomsrivervw.com
"Trend Motors, Ltd.",221 Us Highway 46,Rockaway,NJ,07866,(973)625-0100,https://www.trendmotors.com
Ultimate Collision,1115 Us Highway 1,Edison,NJ,08837,(732)494-1900,https://www.ultimatecollisioninc.com/
Volkswagen Princeton,902 State Rd. 206,Princeton,NJ,08540,(609)921-6401,https://www.vwprinceton.com
Volkswagen World of Newton,66 Route 206 North,Newton,NJ,07860,(973)756-3100,https://www.newtonvolkswagen.com
Volkswagen of Salem County,815 Route 40,Monroeville,NJ,08343,(856)358-8103,https://www.volkswagenofsalemcounty.com
World Volkswagen of Neptune,4075 State Route 33,Neptune,NJ,07753,(732)922-1500,https://www.worldvw.net
Wreck-O-Mend AutoBody II,5216 Hwy 34,Farmingdale,NJ,07727,,https://www.wreckomendautobody.com/locations/
Car Crafters Albuquerque-Montano Rd,600 Montano Rd Ne,Albuquerque,NM,87107,(505)881-8889,https://www.carcrafters.com/auto-body-shop-albuquerque/
Fiesta Volkswagen,8201 Lomas Blvd Ne,Albuquerque,NM,87110,(505)260-5057,https://www.fiestavw.com
Sisbarro Volkswagen,1115 S Valley Dr,Las Cruces,NM,88005,(575)524-3561,https://www.sisbarrovw.com
University Volkswagen,5150 Ellison St NE,Albuquerque,NM,87109,(505)761-1900,https://www.universityvolkswagen.com
Volkswagen of Santa Fe,2560 Camino Ortiz,Santa Fe,NM,87507,(505)913-2950,https://www.santafevw.com
AW Collision,1951 Ramrod Ave,Henderson,NV,89014,(916)276-0024,https://awcollision.com
AutoNation Collision CTR Las Vegas,5720 W. Sahara Ave.,Las Vegas,NV,89146,(702)257-2080,https://www.autonationcollisioncenters.com/viewlocation.cfm?StoreID=77
AutoNation Volkswagen Las Vegas,6375 W Sahara Ave,Las Vegas,NV,89146,(702)942-4000,https://www.autonationvolkswagenlasvegas.com
Centennial Volkswagen,7500 W Azure Dr,Las Vegas,NV,89130,(702)982-4800,https://www.centennialvolkswagen.com
Findlay Volkswagen,983 Auto Show Dr,Henderson,NV,89014,(702)558-6600,https://www.findlayvw.com
Kaizen Collision Center - Las Vegas,3595 Boulder Hwy,Las Vegas,NV,89121,(702)457-3002,https://www.suddenimpactauto.com/
Lithia Volkswagen of Reno,1050 E Plumb Ln # 110,Reno,NV,89502,(775)852-3300,https://www.lithiarenovw.com
AM Collision,140 Columbus Ave,Tuckahoe,NY,10707,,https://amcollisionservices.com/
Art Auto Body,"230 South, NY-303",West Nyack,NY,10994,,http://artautobodyny.com/
Basil Volkswagen of Lockport,6179 S Transit Rd,Lockport,NY,14094,(716)625-4444,https://www.basilvw.com
Bay Ridge Volkswagen,8910 4th Ave # 8916,Brooklyn,NY,11209,(718)351-7000,https://www.bayridgevolkswagen.com
Bayside Volkswagen,20812 Northern Blvd,Bayside,NY,11361,(718)423-6389,https://www.baysidevw.com
Bob Johnson Volkswagen of Rochester,3817 W Henrietta Rd,Rochester,NY,14623,(585)334-9440,https://www.bobjohnsonvolkswagen.com
Bob Johnson Volkswagen of Watertown,18493 Us Route 11,Watertown,NY,13601,(315)788-8989,https://www.bobjohnsonvw.com
Bronxville Auto Collision,29 Milburn St,Bronxville,NY,10708,(914)403-2407,https://www.bronxvilleautocollision.com/
Burdick Volkswagen,5885 E Circle Dr,Cicero,NY,13039,(315)699-2661,https://www.burdickvw.com
Carstar Collision of Amherst,2915 Niagara Falls Blvd,Buffalo,NY,14228,(716)639-0777,https://www.carstar.com/locations/ny/amherst-15048
Castle Collision Westbury,80 Swalm St,Westbury,NY,11590,,https://castlecollision.com/locations/
Certified Collision of Long Island,50 East Merrick Road,Freeport,NY,11520,(516)868-4969,https://www.certifiedcollisionlongisland.com/
Clarkstown International Collision,95 Route 304,Nanuet,NY,10954,(845)627-0978,https://cicautobody.com/
Collision Cnt At Driver's Village,5885 E Circle Dr Stop 1,Cicero,NY,13039,,https://www.advancedautobody.net/
Cooley Motors Corp.,401 N Greenbush Rd,Rensselaer,NY,12144,(518)283-2902,https://www.cooleyvw.com
Depalo & Sons Auto Body,25 New York Ave Bldg 4,Huntington,NY,11743,,https://depaloandsonsautobody.com/
East Hills Volkswagen of Sayville,5700 Sunrise Hwy,Sayville,NY,11782,(631)567-6400,https://www.easthillsvw.com
Flower Hill Auto Body,12 Middleneck Rd,Roslyn,NY,11576,(516)627-3913,https://www.flowerhillautobody.com/
Frank and Son Auto Body,1530 Stillwell Avenue,Bronx,NY,10461,(718)822-6726,https://www.frankandsonautobody.net/
Gabriel Sports Car Inc.,393 Walnut St,Yonkers,NY,10701,,https://gabrielsportscar.com/
Garvey Auto Body,714 Quaker Rd,Queensbury,NY,12804,,https://www.garveyautobody.com/
Garvey Volkswagen of Queensbury,483 Quaker Rd,Queensbury,NY,12804,(518)793-3488,https://www.garveyvolkswagenofqueensbury.com
Gotham City Collision East,6410 Maurice Ave,Maspeth,NY,11378,,https://gothamcitycollision.com/
Groben's Auto Body,23 Horseblock Rd,Centereach,NY,11720,(631)588-1988,https://www.scotsmansauto.com/
Highline Auto Body,171-02 39th Ave.,Flushing,NY,11358,(718)358-7400,http://www.highlineautobody.com/
Hudson Valley Volkswagen,1148 Route 9,Wappingers Falls,NY,12590,(845)298-4500,https://www.hudsonvalleyvw.com
Ide Volkswagen of East Rochester,333 N Washington St,East Rochester,NY,14445,(585)586-2225,https://www.idevw.com
Island Volkswagen,1632 Hylan Blvd,Staten Island,NY,10305,(718)513-7500,https://www.myislandvw.com
Legend Volkswagen,158 Merrick Rd,Amityville,NY,11701,(631)691-7700,https://www.legendvw.com
M&B Twins Collision,2219 37th Ave,Long Island City,NY,11101,(718)784-1321,https://www.twinscollision.com/
Maguire Volkswagen,370 Elmira Rd,Ithaca,NY,14850,(607)257-1515,https://www.maguirevw.com
Matthews Volkswagen of Vestal,2100 Vestal Parkway E,Vestal,NY,13850,(607)772-0700,https://www.matthewsvw.com
"Metro Auto Body, Inc",9614 Northern Blvd,Corona,NY,11368,,https://metroautobodyny.com/
Mid Island Collision,20 Lakeview Ave,Rockville Centre,NY,11570,(516)766-0101,http://www.midislandcollision.com/
Middletown Volkswagen,186 Dolson Ave # 202,Middletown,NY,10940,(845)344-4440,https://www.middletownvw.com
Nemer Volkswagen,550 Troy Schenectady Rd,Latham,NY,12110,(518)512-0024,https://www.nemervw.com
Nemer Volkswagen of Colonie,2240 Central Ave,Schenectady,NY,12304,(518)374-9161,https://www.nemervwofcolonie.com
North State Custom,114 Green Lane,Bedford Hills,NY,10507,(914)241-1234,https://northstatecustom.com/
Northside Auto Body,119 Parker Ave,Poughkeepsie,NY,12601,,https://northsideautobody.com
"Northside Auto Body II, Inc",1106 Route 9,Fishkill,NY,12524,(845)297-1710,https://northsideautobody.com/
Northtown Volkswagen,3800 Sheridan Dr,Amherst,NY,14226,(716)836-4600,https://www.northtownvw.com
Nye Volkswagen of Rome,5865 Rome Taberg Rd,Rome,NY,13440,(315)337-8900,https://www.nyevwofrome.com
Open Road Volkswagen of Manhattan,802 11th Avenue,New York,NY,10019,(646)358-8100,https://www.vwmanhattan.com
Paul's Auto Collision,585 Commercial Ave,Garden City,NY,11530,(516)406-3700,https://paulsautocollision.com/
Platinum Volkswagen,340 W Old Country Rd,Hicksville,NY,11801,(516)942-7300,https://www.platinumvw.com
Pristine Motorsports,1830 43rd St,Astoria,NY,11105,,https://pristinemotorsportsny.com/
Prospect Auto Repair,3313 Laconia Ave,Bronx,NY,10469,(718)881-3099,https://www.prospectauto.net/contact-us/
Riverhead Bay Volkswagen,1521 Old Country Rd,Riverhead,NY,11901,(631)727-4000,https://www.riverheadbayvw.com
Romano Volkswagen of Fayetteville,5431 N Burdick St,Fayetteville,NY,13066,(315)637-4491,https://www.romanovw.com
Romeo Collision Center of Kingston,128 NY-28,Kingston,NY,12401,,https://www.romeocars.com/collisionrepaircenter.html
Romeo Volkswagen of Kingston,1249 Ulster Ave,Kingston,NY,12401,(845)336-6600,https://www.romeovw.com
S&L Collision Center,481 Commerce Street,Hawthorne,NY,10532,(914)741-5230,http://slcollisionhawthorne.com/
S&T Auto Body Repair,4632 3rd Ave,Bronx,NY,10458,,https://www.stautobody.com/
Sal's Auto Body,644 Middle Country Rd Ste 7,Saint James,NY,11780,,https://www.salsautobodystjames.com
Smithtown Volkswagen,530 East Jericho Turnpike,St. James,NY,11780,(631)724-6600,https://www.volkswagenofsmithtown.com
Steet Ponte Volkswagen,5046 Commercial Dr,Yorkville,NY,13495,(315)736-8291,https://www.steetpontevw.com
"Sunrise Volkswagen, Inc.",931 Sunrise Hwy,Lynbrook,NY,11563,(516)596-5970,https://www.sunrisevolkswagen.com
Tasca Volkswagen White Plains,376 Tarrytown Rd,White Plains,NY,10607,(914)931-9700,https://www.tascavwwhiteplains.com
Teddy Volkswagen of Queens West,3715 Northern Blvd,Long Island City,NY,11101,(718)274-2300,
Teddy Volkswagen of the Bronx,3743 Boston Rd,Bronx,NY,10466,(718)920-1400,https://www.teddyvolkswagen.com
Volkswagen Mohegan Lake,1744 E Main St,Mohegan Lake,NY,10547,(914)528-8076,https://www.moheganlakevw.com
Volkswagen of Huntington,838 E Jericho Tpke,Huntington Station,NY,11746,(631)470-8100,https://www.vwofhuntington.com
Volkswagen of Nanuet,6 Hutton Ave,Nanuet,NY,10954,(845)285-3400,https://www.vwnanuet.com
Volkswagen of Orchard Park,3524 Southwestern Blvd,Orchard Park,NY,14127,(716)662-5500,https://www.vwoforchardpark.com
Volkswagen of West Islip,130 Sunrise Hwy # 136,West Islip,NY,11795,(631)650-3400,https://www.vwofwestislip.com
West Herr Collision Center,5255 Genesee St,Bowmansville,NY,14026,(716)206-3025,https://www.westherr.com/collision/
West Herr Volkswagen,5255 GENESEE ST,Lancaster,NY,14026,(716)683-3343,https://www.westherrvolkswagen.com
Beechmont Volkswagen,8057 Beechmont Ave,Cincinnati,OH,45255,(513)474-4777,https://www.beechmontvw.com
Bill Marine VW of Springfield,415 E North St,Springfield,OH,45503,(937)325-7091,https://www.billmarinevw.com
Brunswick Volkswagen,1420 Industrial Parkway South,Brunswick,OH,44212,(330)273-3300,https://www.brunswickvolkswagen.com
Byers Volkswagen,401 N Hamilton Rd,Columbus,OH,43213,(614)864-5180,https://www.columbusvw.com
Camargo Cadillac,9880 Montgomery Rd,Montgomery,OH,45242,,https://www.burdickused.com/driver-s-village-collision-center.htm
Classic Volkswagen,8465 Tyler Blvd,Mentor,OH,44060,(440)205-6500,https://www.driveclassicvw.com
DCR Systems,8697 Tyler Blvd,Mentor,OH,44060,(440)205-9900,https://classicaccidentrepair.com/
Diehl Volkswagen of Wooster,1423 W Old Lincoln Way,Wooster,OH,44691,(330)264-1113,https://www.diehlvwofwooster.com
Evans Volkswagen,7124 Poe Ave,Dayton,OH,45414,(937)890-5323,https://www.evansvolkswagen.com
Fairfield Volkswagen,6065 Dixie Hwy,Fairfield,OH,45014,(513)874-3740,https://www.vwfairfield.com
Germain Volkswagen of Columbus,1495 Auto Mall Dr,Columbus,OH,43228,(614)465-8989,https://www.germainvwofcolumbus.com
Germain Volkswagen of Westerville,750 Polaris Pkwy,Westerville,OH,43082,(614)956-7200,https://www.germainvwofwesterville.com
Great Lakes Volkswagen of Canton,1449 Cleveland Ave Nw,Canton,OH,44703,(330)452-6511,https://www.glakesvw.com
Joseph Volkswagen of Cincinnati,3813 Montgomery Rd,Cincinnati,OH,45212,(513)531-5500,https://www.josephvw.com
K-Ceps Autobody,460 S Main St,Granville,OH,43023,(740)967-1000,https://k-ceps.com/
Kempthorn Collision Center,2213 Cleveland Ave Nw,Canton,OH,44709,(330)452-6511,https://www.kempthorn.com/
Ken Ganley VW Willoughby Hills,28400 Chardon Rd,Willoughby Hills,OH,44092,(440)944-8700,https://www.kenganleyvwwilloughbyhills.com
Ken Ganley Volkswagen Bedford,250 Broadway Ave,Bedford,OH,44146,(440)439-3444,https://www.kenganleyvwbedford.com
Ken Ganley Volkswagen North Olmsted,25580 Lorain Rd,North Olmsted,OH,44070,(440)734-2000,https://www.kenganleyvwnortholmsted.com
Kings Volkswagen,9570 Kings Auto Mall Rd,Cincinnati,OH,45249,(513)677-2710,https://www.vwkings.com
Quality Body Shop,878 W Bowery St,Akron,OH,44307,(330)376-5121,http://www.qualitybodyshop.net/
Rife's Autobody - Grandview,2300 Cardigan Ave,Columbus,OH,43215,(614)488-6106,https://www.rifesautobody.com/
Spitzer Volkswagen,160 N Leavitt Rd,Amherst,OH,44001,(440)984-4014,https://www.spitzervw.com
Sunset Motors Incorp,2218 Sunset Boulevard,Steubenville,OH,43952,(740)264-1696,https://www.sunsetvw.com
Volkswagen of Akron,447 W Exchange St,Akron,OH,44302,(330)434-8989,https://www.vwofakron.com
Volkswagen of Boardman,7850 Market St,Boardman,OH,44512,(330)726-8948,https://www.prestonvw.com
Volkswagen of Dublin,6335 Perimeter Loop Rd,Dublin,OH,43017,(614)717-4843,https://www.volkswagenofdublin.com
Volkswagen of Perrysburg,26875 Dixie Hwy,Perrysburg,OH,43551,(419)874-4331,https://www.volkswagenofperrysburg.com
Volkswagen of Streetsboro,855 Classic Dr,Streetsboro,OH,44241,(330)342-7000,https://www.vwofstreetsboro.com
White-Allen Volkswagen,6840 Springboro Pike,Dayton,OH,45449,(937)425-2800,https://www.whiteallenvw.com
Bob Moore Collision Center,111 Nw 122nd St,Oklahoma City,OK,73114,(405)749-9050,https://www.bobmoorecollision.com
Bob Moore Volkswagen,5 E Memorial Rd,Oklahoma City,OK,73114,(405)529-5600,https://www.bobmoorevolkswagen.com
Don Thornton Certified Collision,3939 S Memorial Dr,Tulsa,OK,74145,(918)669-8457,https://www.donthorntoncollision.com/
Don Thornton Volkswagen of Tulsa,4240 S Memorial Dr,Tulsa,OK,74145,(918)712-8989,https://www.donthorntonvw.com
Drexel Paint & Body Oklahoma City,3101 Nw 38th St,Oklahoma City,OK,73112,(405)605-5445,https://www.drexelpaintandbody.com/drexel-oklahoma-city/
Fowler Volkswagen of Norman,617 North Interstate Drive,Norman,OK,73069,(405)310-4444,https://www.fowlervw.com
Oklahoma City Volkswagen,4710 Nw 39th St,Oklahoma City,OK,73122,(405)787-0433,https://www.volkswagenofoklahoma.com
Armstrong Volkswagen of Gladstone,20000 Mcloughlin Blvd,Gladstone,OR,97027,(503)656-2924,https://www.armstrongvw.com
Beaverton Auto Paint & Body,4330 Sw 142nd Ave,Beaverton,OR,97005,,https://www.beavertonautobody.com
Dick Hannahs Volkswagen of Portland,12345 E Burnside St,Portland,OR,97233,(503)256-3700,https://www.vwofportland.com
Herzog Meier Volkswagen,4275 Sw 139th Way,Beaverton,OR,97005,(503)644-9121,https://www.herzog-meiervw.com
Medford Volkswagen,4606 Grumman Dr,Medford,OR,97504,(541)774-7500,https://www.medfordvw.com
Precision Body & Paint of Beaverton,14145 Sw Tualatin Valley Hwy,Beaverton,OR,97005,(503)596-2500,https://precisionfirst.com/
Precision Body & Paint of Bend,61530 S. Hwy 97,Bend,OR,97702,(541)382-3995,https://precisionfirst.com/
Tualatin Auto Body,19705 Sw Teton Ave,Tualatin,OR,97062,(503)692-1579,https://tualatinautobody.com/
Volkswagen Eugene,89320 N Game Farm Rd,Eugene,OR,97408,(541)343-8811,https://www.volkswageneugene.com
Volkswagen of Bend,1975 Ne Highway 20,Bend,OR,97701,(541)382-1711,https://www.kendallvwofbend.com
Volkswagen of McMinnville,1920 OR-99W,Mcminnville,OR,97128,(503)472-4658,https://www.macvw.com
Volkswagen of Salem,3335 Del Webb Ave. Ne,Salem,OR,97301,(503)581-1421,https://www.vwofsalem.com
Autohaus Lancaster Body Shop,1373 Manheim Pike,Lancaster,PA,17601,(717)299-2801,https://www.autohaus.com/bodyshop.php
"Autohaus Lancaster, Inc.",1373 Manheim Pike,Lancaster,PA,17601,(717)299-2801,https://www.autohauslancastervw.com
Autohaus Lebanon Volkswagen,1250 Chestnut St,Lebanon,PA,17042,(717)273-9385,https://www.autohauslebanon.com
Bergey's Volkswagen of Wilkes-Barre,126 Narrows Rd,Plymouth,PA,18651,(570)288-7411,https://www.bergeysvw.com
Body by Cochran Castle Shannon,862 Sleepy Hollow Road,Castle Shannon,PA,15234,(919)610-6648,https://www.bodybycochran.com/locations/
Body by Cochran Cranberry,102 Park Road,Cranberry Township,PA,16066,(724)591-8060,https://www.bodybycochran.com/locations/
Brandywine Coachwork of West Cheste,891 S Matlack St,West Chester,PA,19382,(610)441-7810,https://brandywinecoachworks.com/auto-body-repair-west-chester/
Carstar Fred Beans of Doylestown,1100 Airport Blvd,Doylestown,PA,18902,(215)345-8080,https://www.carstar.com/locations/pa/doylestown-15236/
Ciocca Collision Center,780 S West End Blvd,Quakertown,PA,18951,,http://www.cioccacollision.com/
Ciocca Collision Center Williamspor,620 Jordan Ave,Montoursville,PA,17754,,https://cioccacollision.com
Ciocca Volkswagen of Allentown,1346 Lehigh St,Allentown,PA,18103,(610)797-6330,https://www.cioccavolkswagen.com
Ciocca Volkswagen of State College,3220 W College Ave,State College,PA,16801,(814)237-0368,https://www.volkswagenstatecollege.com
Classic Coachwork Ambler,125 W Butler Ave,Ambler,PA,19002,(215)646-7887,http://classiccoachwork.com/ambler/
Classic Coachwork Collegeville,3949 Ridge Pike,Collegeville,PA,19426,(610)489-2541,http://classiccoachwork.com/collegeville/
Classic Coachwork Main Line,228 E Lancaster Ave,Wayne,PA,19087,(610)687-0799,http://classiccoachwork.com/main-line/
Cochran Volkswagen North Hills,11750 U.S. Route 19,Wexford,PA,15090,(724)940-1000,https://www.cochranvwnorth.com
Cochran Volkswagen Pittsburgh,2755 W Liberty Ave,Pittsburgh,PA,15216,(412)245-3333,https://www.cochranvw.com
"Colonial Volkswagen, Inc.",200 W Street Rd,Feasterville Trevose,PA,19053,(215)355-8800,https://www.vwcolonial.com
Diehl Volkswagen of Butler,245 Pittsburgh Rd,Butler,PA,16001,(724)282-8898,https://www.diehlvw.com
Faulkner COLL CTR Mechanicsburg,9 Rich Valley Rd,Mechanicsburg,PA,17050,(717)590-5020,https://www.faulknercollision.com/Faulkner-Collision-Mechanicsburg
Faulkner Volkswagen  Mechanicsburg,6631 Carlisle Pike,Mechanicsburg,PA,17050,(717)697-9448,https://www.faulknervolkswagen.com
Finish Line Collision,609 Chester Pike,Prospect Park,PA,19076,(610)522-1012,https://www.finishlinecollision.com/dealer-affiliates
Fiore Volkswagen,1000 S Logan Blvd,Hollidaysburg,PA,16648,(814)695-5533,https://www.gofiorevw.com
Fred Beans Volkswagen,315 W Lancaster Ave,Devon,PA,19333,(215)348-0202,https://www.vwfredbeans.com
Fred Beans Volkswagen of Doylestown,830 N Easton Rd,Doylestown,PA,18902,(215)348-3040,https://www.vwofdoylestown.com
Garnet Volkswagen of West Chester,1620 Wilmington Pike,West Chester,PA,19382,(610)361-8500,https://www.garnetvw.com
Greensburg Collision Center,5061 US-30,Greensburg,PA,15601,(724)837-1600,https://www.sendellvolkswagen.com/body-shop.htm
Hanover Volkswagen,1850 Carlisle Pike,Hanover,PA,17331,(717)797-4721,https://www.hanover-vw.com
Hawk Volkswagen of Monroeville,3408 William Penn Hwy,Pittsburgh,PA,15235,(412)242-9800,https://www.hawkvwmonroeville.com
"J. Bertolet, Inc.",765 Route 61 S,Orwigsburg,PA,17961,(570)366-0501,https://www.jbertolet.com
Jack Metzer Volkswagen,1857 Montour Blvd,Danville,PA,17821,(570)275-2212,https://www.metzervw.com
Jeff D'Ambrosio Volkswagen,1221 East Lancaster Avenue,Downingtown,PA,19335,(610)873-2400,https://www.gojeffvw.com
Kelly Volkswagen,736 S Main Ave,Scranton,PA,18504,(570)347-5656,https://www.kellyvolkswagen.com
Kilkeary's Auto Body Inc.,647 Thomas Rd,Eighty Four,PA,15330,(724)941-4940,http://www.kilkearysautobody.com/
Koch 33 Collision,191 Commerce Park Drive,Easton,PA,18045,(610)991-9100,https://www.youngvw.com/collision-center/
Koch 33 Volkswagen of Easton,191 Commerce Park Dr Ste B,Easton,PA,18045,(610)253-6244,https://www.koch33volkswagen.com
MMCO Auto Body,2746 Bernville Road,Leesport,PA,19533,(610)777-6500,https://www.brandywinecoachworks.com/
Main Line Collision,392 W Lancaster Ave,Wayne,PA,19087,(610)688-6801,https://www.caliber.com/find-a-location/wayne
New Motors Volkswagen Erie,8670 Peach St,Erie,PA,16509,(814)868-4805,https://www.newmotorsvw.com
North Penn Volkswagen,165 Bethlehem Pike,Colmar,PA,18915,(215)822-1361,https://www.northpennvw.com
Piazza Volkswagen of Ardmore,201-205 E. Lancaster Avenue,Ardmore,PA,19003,(610)896-4853,https://www.piazzavwardmore.com
Piazza Volkswagen of Langhorne,1862 E Lincoln Hwy,Langhorne,PA,19047,(215)741-4100,https://www.piazzavwlanghorne.com
Rob's Automotive & Collision Center,2700 Veterans Hwy,Bristol,PA,19007,(215)826-9200,https://www.robsautocenter.com/robs-automotive-repair-service/
Sendell Volkswagen,5079 State Route 30,Greensburg,PA,15601,(724)837-1600,https://www.sendellvolkswagen.com
Sutliff Volkswagen,1301 Paxton St,Harrisburg,PA,17104,(717)234-8888,https://www.sutliffvolkswagen.com
Thompson Collision Ctr & Body Shop,6175 Easton Road,Plumsteadville,PA,18949,,https://www.1800thompson.com/
Three Rivers Volkswagen,3694 Washington Rd,Mcmurray,PA,15317,(724)941-6100,https://www.3riversvw.com
Volkswagen Reading,2746 Bernville Rd,Leesport,PA,19533,(610)777-6501,https://www.readingvw.com
Volkswagen of Moon Township,5252 University Blvd,Moon Township,PA,15108,(412)262-2495,https://www.vwmoon.com
Volkswagen of Springfield,300 Baltimore Pike,Springfield,PA,19064,(610)532-7827,https://www.vwphilly.com
Wynn Volkswagen,2021 W Main St,Norristown,PA,19403,(610)539-1100,https://www.jimwynnvw.com
"York Volkswagen, Inc.",3475 E Market St,York,PA,17402,(717)755-1015,https://www.yorkvw.com
Auto Service Auto Body,165 Frenchtown Rd,North Kingstown,RI,02852,(111)111-1111,https://www.autoserviceautobody.com/
Balise Collision Repair W Warwick,405 Quaker Ln,West Warwick,RI,02893,,https://balisecollision.com/west-warwick-ri/
Balise Collision Repair Warwick,340 Jefferson Blvd,Warwick,RI,02886,(401)785-8906,https://balisecollision.com/warwick-ri/
Balise Volkswagen,525 Quaker Ln,West Warwick,RI,02893,(401)822-4400,https://www.balisevolkswagenri.com
Choice Collision Center of Warren,2 New Industrial Way,Warren,RI,02885,(401)245-0213,https://www.choicecollisioncenters.com/
Reliable Collision Repair,31 Providence St,West Warwick,RI,02893,(401)823-4770,https://www.reliablecollision.com
Scott Volkswagen,777 Taunton Ave,East Providence,RI,02914,(401)438-5555,https://www.scottvw.com
Speedcraft Volkswagen,104 Old Tower Hill Rd,Wakefield,RI,02879,(401)783-3304,https://www.speedcraftvw.com
AutoNation Volkswagen Hilton Head,137 Auto Mall Blvd,Hardeeville,SC,29927,(843)288-0550,https://www.autonationvolkswagenhiltonhead.com
Caliber Collision Greenville,1290 Ridge Rd,Greenville,SC,29607,(864)234-0551,https://www.caliber.com/find-a-location/greenville
East Coast VW of Myrtle Beach,Po Box 30669,Myrtle Beach,SC,29588,(843)215-6500,https://www.eastcoastvolkswagen.com
Low Country Volkswagen,1001 Johnnie Dodds Blvd,Mount Pleasant,SC,29464,(843)881-8555,https://www.lowcountryvw.com
McDaniels Volkswagen,440 Killian Rd,Columbia,SC,29203,(803)786-6408,https://www.mcdanielsvw.com
Midlands Volkswagen of Columbia,655 Broad River Rd,Columbia,SC,29210,(803)799-6351,https://www.midlandsvw.com
Peacock Collision Center,1667 N Okatie Hwy,Ridgeland,SC,29936,(843)645-5500,https://www.peacockautomotive.com/nram-collision-center
Steve White Volkswagen,100 Duvall Dr,Greenville,SC,29607,(864)288-8300,https://www.stevewhitevw.com
Steve White Volkswagen Spartanburg,2671 Reidville Rd,Spartanburg,SC,29301,(864)585-2492,https://www.spartanburgvw.com
Stokes Volkswagen,3491 Ashley Phosphate Rd,North Charleston,SC,29418,(843)767-2525,https://www.stokesvw.com
Volkswagen of Florence,611 N Coit Street,Florence,SC,29501,(843)292-4200,https://www.mrvwofflorence.com
Graham Collision Center,801 W 41st St,Sioux Falls,SD,57105,(605)336-3655,https://www.grahamauto.com/collision-center
Liberty Volkswagen,600 Cambell St.,Rapid City,SD,57701,(605)718-1000,https://www.liberty-vw.com
Volkswagen Sioux Falls,801 W 41st St,Sioux Falls,SD,57105,(605)336-3655,https://www.volkswagensiouxfalls.com
Abra Auto Body Repair Chattanooga,6009 International Dr,Chattanooga,TN,37421,(423)510-0600,https://classiccollision.com/locations/classic-collision-chattanooga/
Caliber - McMinnville,1414 Smithville Hwy,Mcminnville,TN,37110,(931)597-2878,https://www.calibercollision.com
Collision Craft,4901 Elmore Rd,Memphis,TN,38128,,https://classiccollision.com/locations/classic-collision-elmore-rd/
Gossett Volkswagen,1875 Covington Pike,Memphis,TN,38128,(901)388-8989,https://www.gossettvwmemphis.com
Gossett Volkswagen of Germantown,7420 Winchester Rd,Memphis,TN,38125,(901)333-8989,https://www.gossettvwg.com
Harper Collision Center,10542 Murdock Dr,Knoxville,TN,37932,(865)200-8605,https://www.harpercollision.com/
Harper Volkswagen of Knoxville,9901 Kingston Pike,Knoxville,TN,37922,(865)691-0393,https://www.harpervw.com/inventory/cpo
King Coll Repair & Tire-Knoxville,2707 Old Callahan Dr,Knoxville,TN,37912,(865)947-5940,https://www.king-collision.com/
TriStar Collision LLC,324 Balmy Ave,Nashville,TN,37209,(629)262-0669,https://www.tristarcollision.net/
Village Volkswagen of Chattanooga,6001 International Drive,Chattanooga,TN,37421,(423)855-4981,https://www.villagevw.com
Volkswagen of Cool Springs,620 Bakers Bridge Ave,Franklin,TN,37067,(615)236-3200,https://www.volkswagenofcoolsprings.com
Volkswagen of Murfreesboro,2203 Nw Broad St,Murfreesboro,TN,37129,(615)588-4774,https://www.volkswagenofmurfreesboro.com
Volkswagen of North Nashville,2431 Gallatin Pike N,Madison,TN,37115,(615)859-3200,https://www.volkswagenofnorthnashville.com
Wallace Collision Center & Repair,1625 Bluff City Hwy,Bristol,TN,37620,,https://wallacecollisionrepair.com/
Wallace Volkswagen of Bristol,320 Volunteer Parkway,Bristol,TN,37620,(423)764-1145,https://www.wallacevw.com
Wallace Volkswagen of Johnson City,3101 East Oakland Ave.,Johnson City,TN,37601,(423)952-0888,https://www.wallacevolkswagen.com
Wallace Volkswagen of Kingsport,2301 E Stone Dr,Kingsport,TN,37660,(423)378-1800,https://www.wallacevolkswagenofkingsport.com
Wyatt Johnson VW of Clarksville,2283 Trenton Rd,Clarksville,TN,37040,(931)552-1111,https://www.wyattjohnsonvw.com
Alamo Heights Collision Center,1988 Austin Hwy,San Antonio,TX,78218,(210)654-1960,https://alamoheightscollision.com/
Ancira Collision Center,5901 Wurzbach Rd,San Antonio,TX,78238,,https://www.ancirachev.com/collision-center.html
Ancira Volkswagen,6125 Bandera Rd,San Antonio,TX,78238,(210)681-2300,https://www.anciravolkswagen.com
Ancira Volkswagen of Laredo,2701 N.E. Bob Bullock Loop,Laredo,TX,78045,(956)717-2200,https://www.vwlaredo.com
Archer Volkswagen,10400 Southwest Fwy,Houston,TX,77074,(713)272-1700,https://www.archervw.com
AutoNation Collision Center Addison,4300 Lindbergh Dr,Addison,TX,75001,(972)392-1441,https://www.autonationcollisioncenters.com/viewlocation.cfm?StoreID=48
AutoNation Collision Center Plano,4455 Tradition Trl,Plano,TX,75093,(972)596-9750,https://www.autonationcollisioncenters.com/viewlocation.cfm?StoreID=264
Autobahn Motorcar Group,2810 White Settlement Rd,Fort Worth,TX,76107,(817)336-0885,https://www.autobahnvw.com
Autohaus K+H,2815 San Jacinto Street,Houston,TX,77004,(713)659-3393,https://www.autohauskh.com/
Autonation Collision North Richland,7724 Ne Loop 820,Fort Worth,TX,76180,,https://www.autonationcollisioncenter.com
Brandon Tomes VW of McKinney,3600 S Central Expy,Mckinney,TX,75070,(972)632-2000,https://www.brandontomesvw.com
Caliber Collision - Temple IH-35,5710 S General Bruce Dr,Temple,TX,76502,(254)773-6668,https://www.calibercollision.com
Caliber Collision Austin-Onion Cree,11210 S Interstate 35,Austin,TX,78747,(512)465-2557,https://www.caliber.com/find-a-location/austin-onion-creek
Caliber Collision Ft Worth Downtown,2510 White Settlement Rd,Fort Worth,TX,76107,(817)336-2201,https://www.caliber.com/find-a-location/fort-worth-downtown
Classic Collision North Frisco,1207 N Frisco St,Henderson,TX,75652,,https://burlscollision.com/
Clay Cooley Collision Center,750 Rose St,Irving,TX,75062,,https://www.claycooley.com/collision-center/
Clay Cooley VW of Park Cities,5555 Lemmon Ave,Dallas,TX,75209,(214)561-8100,https://www.claycooleyvwparkcities.com
Clay Cooley VW of Richardson,300 N Central Expy,Richardson,TX,75080,(214)453-5000,https://www.claycooleyvwrichardson.com
Clay Cooley Volkswagen Lewisville,893 S Stemmons Fwy,Lewisville,TX,75067,(972)538-0700,https://www.lewisvillevw.com
DeMontrond Automotive Group Inc.,14101 North Fwy # (I-45,Houston,TX,77090,(281)872-7200,https://www.demontrondvw.com
DeMontrond Collision Center,17925 North Fwy,Houston,TX,77090,(346)252-0970,https://www.demontrond.com/collision
DeMontrond Volkswagen of Conroe,916 Interstate 45 S,Conroe,TX,77304,(281)443-2500,https://www.demontrondvwofconroe.com
Eagle Collision Repair Center,7970 Galveston Rd,Houston,TX,77034,(713)910-8280,https://www.eaglecollision.com
East Dallas Volkswagen,12635 Lyndon B Johnson Fwy,Garland,TX,75041,(214)349-5559,https://www.eastdallasvw.com
Factory Finish Coll CTR FT Worth,5821 East Belknap,Fort Worth,TX,76117,(817)838-4288,http://www.factoryfinishcc.com/
Factory Finish Collision Center,9517 Crowley Rd,Fort Worth,TX,76134,,https://factoryfinishcc.com
Family Volkswagen of Burleson,901 S Burleson Blvd,Burleson,TX,76028,(817)912-2000,https://www.familyvwofburleson.com
Garlyn Shelton Volkswagen,5700 Sw H K Dodgen Loop # 363,Temple,TX,76504,(254)771-0128,https://www.garlynsheltonvolkswagen.com
Gorman-McCracken Volkswagen,800 Highway 31 East,Longview,TX,75604,(903)753-8657,https://www.gormanmccrackenvw.com
Group 1 Collision Center,401 N Collins St,Arlington,TX,76011,(817)436-5840,https://www.caliber.com/find-a-location/luxury-arlington
Group 1 Volkswagen Alamo Heights,1402 Ne Loop 410,San Antonio,TX,78209,(210)828-1201,https://www.group1volkswagenalamoheights.com
Group 1 Volkswagen Hub City,7007 University Ave,Lubbock,TX,79413,(806)793-8844,https://www.group1volkswagenhubcity.com
Hendrick Volkswagen Frisco,5010 State Highway 121,Frisco,TX,75034,(469)362-2700,https://www.hendrickvwfrisco.com
Herb Easley Volkswagen,1125 Central Fwy,Wichita Falls,TX,76306,(940)723-6631,https://www.herbeasleyvw.com
Hewlett Collision Center,101 Page Whitney,Georgetown,TX,78626,(512)763-4800,https://www.hewlettcollision.com/faq/
Hewlett Volkswagen,7951 Hewlett Loop Rd,Georgetown,TX,78626,(512)681-3500,https://www.hewlettvw.com
Hiley Volkswagen of Arlington,1461 E Interstate 20,Arlington,TX,76018,(817)575-6100,https://www.hileyvw.com
Hoy Family Auto Body Shop,7330 Viscount Blvd,El Paso,TX,79925,,https://hoyfamilyautocollisioncenter.com/
Hoy Volkswagen of El Paso,7230 Viscount Blvd,El Paso,TX,79925,(915)778-5341,https://www.hoyvw.com
Killeen Volkswagen,3221 E Central Texas Expy,Killeen,TX,76543,(254)699-2629,https://www.killeenvolkswagen.com
Magic Touch Paint and Body,999 E State Highway 121,Lewisville,TX,75057,(214)222-3466,https://magictouchinc.com/
Meszaros Motor Sports,1110 Upland Dr,Houston,TX,77043,(713)973-1788,http://www.meszarosmotorsports.com/
Metropolitan Collision,818 W 16th St,Houston,TX,77008,(832)618-1700,https://metropolitancollision.com/porsche-collision-repair-hosuton/?nowprocket=1
Momentum Collision Center - Houston,9911 Centre Pkwy,Houston,TX,77036,(713)596-3250,https://www.momentumcollisioncenterhouston.com
Momentum Volkswagen,2405 Richmond Ave,Houston,TX,77098,(713)596-3300,https://www.momentumvolkswagen.com
Momentum West Collision Center,11811 Katy Fwy,Houston,TX,77079,(877)755-0432,https://www.momentumwestcollisioncenterhouston.com/
North Park Collision Center,442 Mccarty Rd,San Antonio,TX,78216,,https://www.npcollision.com
North Park Volkswagen,21315 W Interstate 10,San Antonio,TX,78257,(210)581-1000,https://www.northparkvw.com
Onion Creek Volkswagen,10812 S Ih 35 Frontage Rd,Austin,TX,78748,(512)814-2900,https://www.onioncreekvw.com
Orr Volkswagen of Texarkana,4410 Gus Orr Dr,Texarkana,TX,75503,(903)792-4174,https://www.orrvw.com
Patterson Volkswagen of Tyler,3916 S Southwest Loop 323,Tyler,TX,75701,(903)218-6222,https://www.pattersonvwtyler.com
Payne Brownsville Volkswagen,4017 N Expressway # 83,Brownsville,TX,78520,(956)350-4488,https://www.vwpayne.com
Payne Mission Volkswagen,2003 E Expressway 83,Mission,TX,78572,(956)584-6300,https://www.paynemissionvw.com
Principle Volkswagen Grapevine,2351 William D Tate Ave,Grapevine,TX,76051,(972)659-9999,https://www.principlevwgrapevine.com
Purdy Volkswagen of Bryan,3100 Briarcrest Dr,Bryan,TX,77802,(979)776-7600,https://www.purdyvw.com
River Oaks Paint & Body Shop Kirby,5329 Kirby Dr,Houston,TX,77005,(713)523-4774,https://www.riveroakspaintandbody.net/
Rockwall County Volkswagen,3115 E Interstate 30,Fate,TX,75087,(469)757-0123,https://www.rockwallcountyvw.com
Rudolph Body and Paint,5415 S Desert Blvd,El Paso,TX,79932,,https://rudolphbodyandpaint.com/
Rudolph Volkswagen of El Paso,5505 S Desert Blvd,El Paso,TX,79932,(915)845-8500,https://www.rudolphvw.com
Southwest Collision Center,3001 Fort Worth Hwy,Weatherford,TX,76087,(817)597-4236,https://occfixit.com/
Southwest Volkswagen of Weatherford,2951 Fort Worth Hwy,Weatherford,TX,76087,(817)458-5400,https://www.southwestvolkswagen.com
Street Volkswagen of Amarillo,8707 Pilgrim Drive,Amarillo,TX,79119,(806)350-8999,https://www.streetvw.com
Stuart's Paint and Body Grapevine,2051 N Highway 121,Grapevine,TX,76051,(214)506-2068,https://www.stuartspaintandbody.com
TBS The Body Shop,430 Business Park Dr,Prosper,TX,75078,(972)346-5150,https://www.thebodyshoptx.com
Team Gillman Volkswagen of Kingwood,22589 Highway 59 N,Kingwood,TX,77339,(832)200-1605,https://www.teamgillmanvw.com
Tomes Collision,2251 N Brook Dr,Mckinney,TX,75072,,https://www.bobtomesford.com/
Uptown Automotive,14800 Hempstead Rd,Houston,TX,77040,(713)668-3639,https://www.myuptownautomotive.com
V and V Body and Paint,1415 Missouri St,South Houston,TX,77587,(713)944-9480,https://www.vandvpaintandbody.com
Vanguard Volkswagen of North Austin,6900 Burnet Rd,Austin,TX,78757,(512)458-1111,https://www.vanguardvw.com
Volkswagen Clear Lake,3310 Gulf Fwy,League City,TX,77573,(281)848-5500,https://www.vwofclearlake.com
Volkswagen Cypress,11411 Fm 1960 Rd W,Houston,TX,77065,(281)925-5000,https://www.vwcypress.com
Volkswagen of Abilene,1350 S Clack St,Abilene,TX,79605,(325)673-4663,https://www.volkswagenofabilene.com
Volkswagen of Beaumont,1515 Interstate 10 S,Beaumont,TX,77701,(409)833-7100,https://www.vwbeaumont.com
Volkswagen of Corpus Christi,6902 S Padre Island Dr,Corpus Christi,TX,78412,(361)653-8400,https://www.vwofcc.com
Volkswagen of Midland-Odessa,5115 W Loop 250 N Ste B,Midland,TX,79707,(432)704-5333,https://www.vwofmidlandodessa.com
Volkswagen of Waco,2301 W Loop 340,Waco,TX,76712,(254)265-6868,https://www.vwofwaco.com
West Houston Volkswagen,17113 Katy Fwy,Houston,TX,77094,(281)675-8600,https://www.westhoustonvw.com
Cascade Collision Repair of Orem,1005 N State St,Orem,UT,84057,(801)224-8020,https://www.cascadecollision.com/locations/orem-ut/
Findlay Volkswagen,1333 South Sunland Dr.,St. George,UT,84790,(435)634-0900,https://www.stgeorgevw.com
Gerber Collision & Glass - Sandy,8555 S 700 W,Sandy,UT,84070,(801)561-5061,https://www.gerbercollision.com/locations/sandy-ut
Higgins Body & Paint,3899 S Redwood Rd,West Valley City,UT,84119,,https://www.higginsbodyandpaint.com/
Ken Garff Body Shop - Ogden,900 W Riverdale Rd,Riverdale,UT,84405,,https://www.kengarffhondariverdale.com/body-shop/
Ken Garff Body Shop - Salt Lake,20 E 900 S,Salt Lake City,UT,84111,(801)526-1870,https://www.kengarff.com/body-shops/
Ken Garff Chevrolet Body & Glass,1058 S Auto Mall Dr,American Fork,UT,84003,,https://www.kengarff.com/body-shops/
Ken Garff Volkswagen,115 E University Pkwy,Orem,UT,84058,(801)374-1751,https://www.kengarffvworem.com
Ken Garff Volkswagen SouthTowne,11000 S 290 W,South Jordan,UT,84095,(801)676-6401,https://www.kengarffvwsouthtowne.com
Murdock Volkswagen of Logan,3181 N Main St,Logan,UT,84341,(435)787-0040,https://www.murdockvw.com
"Strong Volkswagen, Inc.",1070 South Main Street,Salt Lake City,UT,84101,(801)596-2200,https://www.strongvw.com
Unique Auto Body,2178 N Stagecoach Dr,Saratoga Springs,UT,84045,,https://uniqueautobody.com/
Unique Autobody West Jordan,1555 W 7800 S,West Jordan,UT,84088,(801)566-3906,https://www.uniqueautobody.com
Young Collision Center,1266 N Main St,Layton,UT,84041,(801)444-3144,https://youngcollisioncenter.com/young-collision-center-north-layton/
Young Volkswagen of Layton,1230 N Main St,Layton,UT,84041,(801)544-5878,https://www.youngvolkswagen.com
Alexandria Volkswagen,107 W Glebe Rd,Alexandria,VA,22305,(703)684-8888,https://www.alexandriavw.com
CMA's Valley Volkswagen,314 Lee Jackson Hwy,Staunton,VA,24401,(540)886-2357,https://www.cmasvalleyvw.com
Casey Volkswagen,777 J Clyde Morris Blvd,Newport News,VA,23601,(757)988-1200,https://www.caseyvolkswagen.com
Chantilly Auto Body,4530 Stonecroft Blvd,Chantilly,VA,20151,(703)263-9599,https://chantillyautobody.com/
Checkered Flag Body Shop,5255 Virginia Beach Blvd,Virginia Beach,VA,23462,,https://www.bodyshop.checkeredflag.com/
Checkered Flag Volkswagen,3025 Virginia Beach Blvd,Virginia Beach,VA,23452,(757)490-1111,https://www.vw.checkeredflag.com
Crash Champions,7901 Kincannon Pl,Lorton,VA,22079,(703)550-9777,https://www.serviceking.com/locations/service-king-lorton
D&V Autobody Masters,42789 Trade West Dr,Sterling,VA,20166,(703)611-8545,http://www.dandvautobody.com/
Flow Volkswagen of Charlottesville,1294 Richmond Rd,Charlottesville,VA,22911,(434)296-4147,https://www.flowvolkswagencharlottesville.com
Karen Radley Volkswagen,14700 Jefferson Davis Hwy,Woodbridge,VA,22191,(703)550-0202,https://www.karenradleyvw.com
Lindsay Collision Center - Manassas,8501 Maplewood Dr,Manassas,VA,20111,(703)369-3020,https://www.lindsaycollision.com/collision-repair-manassas/
Lindsay Volkswagen of Dulles,22455 Lindsay Cars Court,Sterling,VA,20166,(703)880-8000,https://www.lindsayvolkswagen.com
Lindsay Volkswagen of Manassas,8200 Centreville Rd,Manassas,VA,20111,(540)701-7425,https://www.manassasvw.com
Loyalty Volkswagen,16300 Loyalty Way,Chester,VA,23831,(804)518-9300,https://www.loyaltyvwrichmond.com
Rosslyn Auto Body,6015 Farrington Ave,Alexandria,VA,22304,,https://www.rosslynautobody.com/
Safford VW of Fredericksburg,10643 Patriot Hwy,Fredericksburg,VA,22408,(540)898-1600,https://www.saffordvw.com
Safford Volkswagen West Richmond,10501 Midlothian Tpke,North Chesterfield,VA,23235,(804)379-7283,https://www.saffordvwrichmond.com
Sheehy Volkswagen of Springfield,6601 Backlick Road,Springfield,VA,22150,(703)451-2380,https://www.sheehyspringfieldvw.com
Southern Team Volkswagen of Roanoke,6614 Peters Creek Road,Roanoke,VA,24019,(540)362-4800,https://www.southernteamvolkswagen.com
Southern Volkswagen Greenbrier,1248 S Military Hwy,Chesapeake,VA,23320,(757)424-4689,https://www.southernvolkswagengreenbrier.com
Stohlman Volkswagen,8433 Leesburg Pike,Vienna,VA,22182,(855)832-9299,https://www.stohlman-vw.com
Terry Volkswagen,119 Homestead Dr.,Forest,VA,24501,(434)239-2601,https://www.terryvolkswagen.com
Tysons Corner Collision Center,8604 Leesburg Pike,Vienna,VA,22182,(703)790-3220,https://www.tysonscornercollisioncenter.com/
Volkswagen of Winchester,4017 Valley Pike,Winchester,VA,22602,(540)868-3000,https://www.volkswagenofwinchester.com
West Broad Collision Center,9001 West Broad Street,Richmond,VA,23294,(804)217-6354,http://westbroadcollisioncenter.com/
West Broad Volkswagen,9001 W Broad St,Richmond,VA,23294,(804)270-9000,https://www.westbroadvw.com
Montpelier Volkswagen,1189 Us Route 2,Berlin,VT,05602,(802)223-3434,https://www.montpeliervolkswagen.com
Shearer VW of South Burlington,1030 Shelburne Rd,South Burlington,VT,05403,(802)658-1130,https://www.shearervw.com
Volkswagen of Manchester,4847 Main Street,Manchester Center,VT,05255,(802)362-1754,https://www.langwayvolkswagen.com
Volkswagen of Rutland,176 US-7,Rutland,VT,05701,(802)775-6900,https://www.rutlandvw.com
AutoNation Volkswagen Spokane,10006 E Sprague Ave,Spokane Valley,WA,99206,(509)892-2240,https://www.autonationvolkswagenspokane.com
Bud Clary Auburn Volkswagen,3109 Auburn Way N,Auburn,WA,98002,(253)833-4940,https://www.budclaryauburnvw.com
Campbell Volkswagen of Edmonds,24329 Highway 99,Edmonds,WA,98026,(425)778-1131,https://www.campbellvw.com
Carter Volkswagen,5202 Leary Ave Nw,Seattle,WA,98107,(206)782-7474,https://www.cartervw.com
Collision Care Center,5969 4th Ave S,Seattle,WA,98108,(206)768-5150,https://collisioncaresea.com/
Crash Champions,14505 Ne 91st St,Redmond,WA,98052,(425)883-3300,http://queencityautorebuild.com/
Dick Hannah Vancouver Auto Body,13301 NE Fourth Plain Blvd,Vancouver,WA,98662,(360)944-3252,https://www.dickhannah.com/
Dick Hannah Volkswagen,3500 Ne Auto Mall Dr,Vancouver,WA,98662,(360)314-0405,https://www.dickhannahvolkswagen.com
Exotic Motors Auto Rebuild,12882 Northup Way,Bellevue,WA,98005,,https://www.exoticmotors.net/?nowprocket=1
Haselwood Volkswagen of Bremerton,5008 Auto Center Blvd,Bremerton,WA,98312,(360)377-3855,https://www.haselwoodvolkswagen.com
Haury's Lake City Collision,11514 Lake City Way Ne,Seattle,WA,98125,(203)356-1565,https://hauryscollision.com/
KarMart Volkswagen,1725 Bouslog Rd,Burlington,WA,98233,(360)757-0815,https://www.karmartvolkswagen.com
No. 1 Automotive Body Repair,4108 Hannegan Rd,Bellingham,WA,98226,(360)671-3222,https://www.no1collision.com/en/index.php
Overturf Volkswagen,1016 W Columbia Drive,Kennewick,WA,99336,(509)586-3185,https://www.overturfvw.com
Rairdon's Volkswagen of Everett,10633 Evergreen Way,Everett,WA,98204,(425)348-3141,https://www.vwofeverett.com
Steve Hahn Volkswagen,1730 South First Street,Yakima,WA,98909,(509)248-4700,https://www.stevehahnvw.com
University Volkswagen,4724 Roosevelt Way Ne,Seattle,WA,98105,(206)634-3322,https://www.universityvw.com
Volkswagen of Bellingham,2200 Iowa St,Bellingham,WA,98229,(360)734-5230,https://www.volkswagenofbellingham.com
Volkswagen of Kirkland,12612 Ne 124th Street,Kirkland,WA,98034,(425)898-2500,https://www.vwofkirkland.com
Volkswagen of Olympia,2107 Cooper Point Rd Sw,Olympia,WA,98502,(360)350-6262,https://www.volkswagenofolympia.com
Volkswagen of Puyallup,820 River Rd,Puyallup,WA,98371,(253)268-1800,https://www.vwofpuyallup.com
Volkswagen of Tacoma,7030 S Tacoma Way,Tacoma,WA,98409,(253)474-0651,https://www.larsonvolkswagen.com
Wilder Volkswagen of Port Angeles,53 Jetta Way,Port Angeles,WA,98362,(360)452-9268,https://www.wildervw.com
Bergstrom Body-Appleton Victory LN,3023 N Victory Ln,Appleton,WI,54913,(920)733-3333,https://www.bergstromauto.com/Body-Shop-Locations
Bergstrom Volkswagen Appleton,3019 N Victory Ln,Appleton,WI,54913,(920)749-3232,https://www.bergstromvolkswagenappleton.com
Bergstrom Volkswagen of Green Bay,710 Hansen Rd,Ashwaubenon,WI,54304,(920)498-7777,https://www.volkswagengreenbay.com
Bergstrom Volkswagen of Oshkosh,3139 S Washburn St,Oshkosh,WI,54904,(920)966-2000,https://www.bergstromvolkswagenoshkosh.com
Boucher Collision Repair Center - W,3161 S 108th St,Milwaukee,WI,53227,,https://www.bouchercollision.com/
Boucher Volkswagen,6420 S 108th St,Franklin,WI,53132,(414)525-1100,https://www.vwfranklin.com
Ewald Volkswagen of Menomonee Falls,N88 W 14060 Main Street,Menomonee Falls,WI,53051,(262)255-6000,https://www.ewaldvw.com
Frank Boucher VW of Janesville,4211 Milton Ave,Janesville,WI,53546,(608)757-6150,https://www.janesvillevw.com
Frank Boucher Volkswagen,9601 Washington Ave,Racine,WI,53406,(262)886-2886,https://www.bouchervw.com
Hall Collision Center,704 Bluemound Rd,Waukesha,WI,53188,(414)778-1500,https://www.hallwaukesha.com/
Hall Volkswagen,19809 W Bluemound Rd,Brookfield,WI,53045,(262)782-5300,https://www.hallvw.com
Stevens Point Volkswagen,3733 Stanley St,Stevens Point,WI,54481,(715)344-4100,https://www.stevenspointvw.com
Van Horn Volkswagen Sheboygan,5515 Racetrack Rd,Sheboygan,WI,53081,(920)457-8844,https://www.vhvolkswagensheboygan.com
Volkswagen La Crosse,331 Theater Rd,Onalaska,WI,54650,(608)782-8808,https://www.vwlacrosse.com
Volkswagen of Eau Claire,5201 Fairview Dr,Eau Claire,WI,54701,(715)830-1111,https://www.volkswagenofeauclaire.com
Volkswagen of Milwaukee North,1400 W Silver Spring Dr,Milwaukee,WI,53209,(414)290-1400,https://www.vwofmilwaukeenorth.com
Volkswagen of Wausau,152201 Morning Glory Ln,Wausau,WI,54401,(715)359-0303,https://www.kocourekvw.com
Zimbrick Body Shop - Stoughton Road,1707 N Stoughton Rd,Madison,WI,53714,(608)443-5759,https://www.zimbrickbodyshop.com/
Zimbrick Volkswagen,7505 Century Ave,Middleton,WI,53562,(608)836-7777,https://www.z-vw.com
Zimbrick Volkswagen of Madison,1430 N Stoughton Rd,Madison,WI,53714,(608)241-5201,https://www.zimbrickvw.com
Crown Volkswagen of Wheeling,3569 National Rd,Triadelphia,WV,26059,(304)242-7313,https://www.crownvolkswagenofwheeling.com
Joe Holland Volkswagen,210 Maccorkle Ave Sw,South Charleston,WV,25303,(304)744-1561,https://www.joehollandvw.com
Matheny Volkswagen of Parkersburg,112 3rd Street,Parkersburg,WV,26101,(304)485-5451,https://www.mathenyvolkswagen.com
Moses Volkswagen of Huntington,3315 Us Route 60,Huntington,WV,25705,(304)736-5226,https://www.mosesvolkswagen.com
Volkswagen Clarksburg,730 Lodgeville Rd,Bridgeport,WV,26330,(304)623-7827,https://www.vwclarksburg.com
Volkswagen Morgantown,401 Mary Jane Wood Cir,Morgantown,WV,26501,(304)413-8686,https://www.vwmorgantown.com
Fremont Volkswagen,6001 E 2nd St,Casper,WY,82609,(307)233-4300,https://www.fremontvwcasper.com
