year,model,trim,model_code,trim_base_msrp,category,subcategory,item,price_usd,contents,notes,source_file
2027,Corolla,LE,1852,23325,Base,,Base MSRP,23325,,"Delivery, Processing and Handling Fee $1,295 not included",models/corolla_options.md:26
2027,Corolla,LE,1852,23325,Powertrain,Engine,2.0L 4-Cyl. Engine,0,,only engine shown,models/corolla_options.md:27
2027,Corolla,LE,1852,23325,Drivetrain,,Front-Wheel Drive,0,,only drivetrain shown; no alternative,models/corolla_options.md:27
2027,Corolla,LE,1852,23325,Powertrain,Transmission,Dynamic Shift Continuously Variable Transmission (CVT),0,,only option shown,models/corolla_options.md:27
2027,Corolla,LE,1852,23325,Exterior color,,Celestite,0,,no price shown,models/corolla_options.md:28
2027,Corolla,LE,1852,23325,Exterior color,,Blueprint,0,,no price shown,models/corolla_options.md:28
2027,Corolla,LE,1852,23325,Exterior color,,Wind Chill Pearl,475,,*; default selected,models/corolla_options.md:28
2027,Corolla,LE,1852,23325,Exterior color,,Ice Cap,0,,no price shown,models/corolla_options.md:28
2027,Corolla,LE,1852,23325,Exterior color,,Ruby Flare Pearl,475,,*,models/corolla_options.md:28
2027,Corolla,LE,1852,23325,Exterior color,,Classic Silver Metallic,0,,no price shown,models/corolla_options.md:28
2027,Corolla,LE,1852,23325,Exterior color,,Inked,0,,no price shown,models/corolla_options.md:28
2027,Corolla,LE,1852,23325,Exterior color,,Underground,0,,no price shown,models/corolla_options.md:28
2027,Corolla,LE,1852,23325,Interior,,Light Gray fabric,0,,no price shown,models/corolla_options.md:29
2027,Corolla,LE,1852,23325,Interior,,Black fabric,0,,no price shown,models/corolla_options.md:29
2027,Corolla,LE,1852,23325,Interior,,Macadamia/Mocha fabric,0,,no price shown,models/corolla_options.md:29
2027,Corolla,LE,1852,23325,Factory package,,LE Premium Package,1135,"Smart Key System on front doors and trunk with Push Button Start; Remote keyless entry system with lock, panic and trunk-release functions; 16-in. alloy wheels and P205/55R16 tires; Qi-compatible wireless charging *",,models/corolla_options.md:31
2027,Corolla,LE,1852,23325,Accessory package,Accessory Packages,All-Weather Floor Liner Package,309,,,models/corolla_options.md:34
2027,Corolla,LE,1852,23325,Accessory package,Accessory Packages,Body Protection Package,535,,,models/corolla_options.md:35
2027,Corolla,LE,1852,23325,Accessory package,Accessory Packages,Carpet Mat Package,309,,,models/corolla_options.md:36
2027,Corolla,LE,1852,23325,Accessory package,Accessory Packages,Preferred Accessory Package w/ All-Weather Liners,682,,,models/corolla_options.md:37
2027,Corolla,LE,1852,23325,Accessory package,Accessory Packages,Preferred Accessory Package w/ Carpet Mats,682,,,models/corolla_options.md:38
2027,Corolla,Hybrid LE,1882,25175,Base,,Base MSRP,25175,,"Delivery, Processing and Handling Fee $1,295 not included; base from trim selector card",models/corolla_options.md:41
2027,Corolla,Hybrid LE,1882,25175,Powertrain,Engine,1.8L 4-Cyl. Hybrid Engine,0,,only engine shown,models/corolla_options.md:42
2027,Corolla,Hybrid LE,1882,25175,Drivetrain,,Front-Wheel Drive,0,,default,models/corolla_options.md:42
2027,Corolla,Hybrid LE,1882,25175,Drivetrain,,All-Wheel Drive,1400,,,models/corolla_options.md:42
2027,Corolla,Hybrid LE,1882,25175,Powertrain,Transmission,Electronically controlled Continuously Variable Transmission (ECVT),0,,only option shown,models/corolla_options.md:42
2027,Corolla,Hybrid LE,1882,25175,Exterior color,,Celestite,0,,no price,models/corolla_options.md:43
2027,Corolla,Hybrid LE,1882,25175,Exterior color,,Blueprint,0,,no price,models/corolla_options.md:43
2027,Corolla,Hybrid LE,1882,25175,Exterior color,,Wind Chill Pearl,475,,*,models/corolla_options.md:43
2027,Corolla,Hybrid LE,1882,25175,Exterior color,,Ice Cap,0,,no price,models/corolla_options.md:43
2027,Corolla,Hybrid LE,1882,25175,Exterior color,,Ruby Flare Pearl,475,,*,models/corolla_options.md:43
2027,Corolla,Hybrid LE,1882,25175,Exterior color,,Classic Silver Metallic,0,,no price,models/corolla_options.md:43
2027,Corolla,Hybrid LE,1882,25175,Exterior color,,Inked,0,,no price,models/corolla_options.md:43
2027,Corolla,Hybrid LE,1882,25175,Exterior color,,Underground,0,,no price,models/corolla_options.md:43
2027,Corolla,Hybrid LE,1882,25175,Interior,,Macadamia/Mocha fabric,0,,no price shown,models/corolla_options.md:44
2027,Corolla,Hybrid LE,1882,25175,Interior,,Light Gray fabric,0,,no price shown,models/corolla_options.md:44
2027,Corolla,Hybrid LE,1882,25175,Interior,,Black fabric,0,,no price shown,models/corolla_options.md:44
2027,Corolla,Hybrid LE,1882,25175,Factory package,,LE Premium Package,1135,same as LE (Smart Key System...; Remote keyless entry...; 16-in. alloy wheels and P205/55R16 tires; Qi-compatible wireless charging *),,models/corolla_options.md:46
2027,Corolla,Hybrid LE,1882,25175,Accessory package,Accessory Packages,All-Weather Floor Liner Package,309,,,models/corolla_options.md:48
2027,Corolla,Hybrid LE,1882,25175,Accessory package,Accessory Packages,Body Protection Package,535,,,models/corolla_options.md:48
2027,Corolla,Hybrid LE,1882,25175,Accessory package,Accessory Packages,Carpet Mat Package,309,,,models/corolla_options.md:48
2027,Corolla,Hybrid LE,1882,25175,Accessory package,Accessory Packages,Preferred Accessory Package w/ All-Weather Liners,682,,,models/corolla_options.md:48
2027,Corolla,Hybrid LE,1882,25175,Accessory package,Accessory Packages,Preferred Accessory Package w/ Carpet Mats,682,,,models/corolla_options.md:48
2027,Corolla,SE,1864,25765,Base,,Base MSRP,25765,,"Delivery, Processing and Handling Fee $1,295 not included",models/corolla_options.md:51
2027,Corolla,SE,1864,25765,Powertrain,Engine,2.0L 4-Cyl. Engine,0,,only engine shown,models/corolla_options.md:52
2027,Corolla,SE,1864,25765,Drivetrain,,Front-Wheel Drive,0,,only drivetrain shown,models/corolla_options.md:52
2027,Corolla,SE,1864,25765,Powertrain,Transmission,Dynamic Shift Continuously Variable Transmission (CVT),0,,only option shown,models/corolla_options.md:52
2027,Corolla,SE,1864,25765,Exterior color,,Celestite,0,,no price,models/corolla_options.md:53
2027,Corolla,SE,1864,25765,Exterior color,,Blueprint,0,,no price,models/corolla_options.md:53
2027,Corolla,SE,1864,25765,Exterior color,,Wind Chill Pearl,475,,*,models/corolla_options.md:53
2027,Corolla,SE,1864,25765,Exterior color,,Ice Cap,0,,no price,models/corolla_options.md:53
2027,Corolla,SE,1864,25765,Exterior color,,Ruby Flare Pearl,475,,*,models/corolla_options.md:53
2027,Corolla,SE,1864,25765,Exterior color,,Classic Silver Metallic,0,,no price,models/corolla_options.md:53
2027,Corolla,SE,1864,25765,Exterior color,,Inked,0,,no price,models/corolla_options.md:53
2027,Corolla,SE,1864,25765,Exterior color,,Underground,0,,no price,models/corolla_options.md:53
2027,Corolla,SE,1864,25765,Exterior color,Two-tone,Blueprint with Inked roof,500,,,models/corolla_options.md:53
2027,Corolla,SE,1864,25765,Exterior color,Two-tone,Wind Chill Pearl with Inked roof,975,,,models/corolla_options.md:53
2027,Corolla,SE,1864,25765,Exterior color,Two-tone,Ice Cap with Inked roof,500,,,models/corolla_options.md:53
2027,Corolla,SE,1864,25765,Exterior color,Two-tone,Ruby Flare Pearl with Inked roof,975,,,models/corolla_options.md:53
2027,Corolla,SE,1864,25765,Exterior color,Two-tone,Classic Silver Metallic with Inked roof,500,,,models/corolla_options.md:53
2027,Corolla,SE,1864,25765,Exterior color,Two-tone,Celestite with Inked roof,500,,,models/corolla_options.md:53
2027,Corolla,SE,1864,25765,Exterior color,Two-tone,Underground with Inked roof,500,,,models/corolla_options.md:53
2027,Corolla,SE,1864,25765,Interior,,Black/Red Premium Fabric,0,,no price shown,models/corolla_options.md:54
2027,Corolla,SE,1864,25765,Interior,,Moonstone Premium fabric,0,,no price shown,models/corolla_options.md:54
2027,Corolla,SE,1864,25765,Factory package,,SE Premium Package,965,Qi-compatible wireless charging *; 12.3-in. digital gauge cluster; 10.5-in. Toyota Audio Multimedia System,,models/corolla_options.md:56
2027,Corolla,SE,1864,25765,Accessory package,Accessory Packages,All-Weather Floor Liner Package,309,,,models/corolla_options.md:58
2027,Corolla,SE,1864,25765,Accessory package,Accessory Packages,Body Protection Package,535,,,models/corolla_options.md:58
2027,Corolla,SE,1864,25765,Accessory package,Accessory Packages,Carpet Mat Package,309,,,models/corolla_options.md:58
2027,Corolla,SE,1864,25765,Accessory package,Accessory Packages,Preferred Accessory Package w/ All-Weather Liners,682,,,models/corolla_options.md:58
2027,Corolla,SE,1864,25765,Accessory package,Accessory Packages,Preferred Accessory Package w/ Carpet Mats,682,,,models/corolla_options.md:58
2027,Corolla,Hybrid SE,1886,27615,Base,,Base MSRP,27615,,"Delivery, Processing and Handling Fee $1,295 not included",models/corolla_options.md:61
2027,Corolla,Hybrid SE,1886,27615,Powertrain,Engine,1.8L 4-Cyl. Hybrid Engine,0,,only engine shown,models/corolla_options.md:62
2027,Corolla,Hybrid SE,1886,27615,Drivetrain,,Front-Wheel Drive,0,,default,models/corolla_options.md:62
2027,Corolla,Hybrid SE,1886,27615,Drivetrain,,All-Wheel Drive,1400,,,models/corolla_options.md:62
2027,Corolla,Hybrid SE,1886,27615,Powertrain,Transmission,Electronically controlled Continuously Variable Transmission (ECVT),0,,only option shown,models/corolla_options.md:62
2027,Corolla,Hybrid SE,1886,27615,Exterior color,,Celestite,0,,no price,models/corolla_options.md:63
2027,Corolla,Hybrid SE,1886,27615,Exterior color,,Blueprint,0,,no price,models/corolla_options.md:63
2027,Corolla,Hybrid SE,1886,27615,Exterior color,,Wind Chill Pearl,475,,*,models/corolla_options.md:63
2027,Corolla,Hybrid SE,1886,27615,Exterior color,,Ice Cap,0,,no price,models/corolla_options.md:63
2027,Corolla,Hybrid SE,1886,27615,Exterior color,,Ruby Flare Pearl,475,,*,models/corolla_options.md:63
2027,Corolla,Hybrid SE,1886,27615,Exterior color,,Classic Silver Metallic,0,,no price,models/corolla_options.md:63
2027,Corolla,Hybrid SE,1886,27615,Exterior color,,Inked,0,,no price,models/corolla_options.md:63
2027,Corolla,Hybrid SE,1886,27615,Exterior color,,Underground,0,,no price,models/corolla_options.md:63
2027,Corolla,Hybrid SE,1886,27615,Interior,,Black/Red Premium Fabric,0,,no price shown,models/corolla_options.md:64
2027,Corolla,Hybrid SE,1886,27615,Interior,,Moonstone Premium fabric,0,,no price shown,models/corolla_options.md:64
2027,Corolla,Hybrid SE,1886,27615,Factory package,,SE Premium Package,965,Qi-compatible wireless charging *; 12.3-in. digital gauge cluster; 10.5-in. Toyota Audio Multimedia System,,models/corolla_options.md:66
2027,Corolla,Hybrid SE,1886,27615,Accessory package,Accessory Packages,All-Weather Floor Liner Package,309,,,models/corolla_options.md:68
2027,Corolla,Hybrid SE,1886,27615,Accessory package,Accessory Packages,Body Protection Package,535,,,models/corolla_options.md:68
2027,Corolla,Hybrid SE,1886,27615,Accessory package,Accessory Packages,Carpet Mat Package,309,,,models/corolla_options.md:68
2027,Corolla,Hybrid SE,1886,27615,Accessory package,Accessory Packages,Preferred Accessory Package w/ All-Weather Liners,682,,,models/corolla_options.md:68
2027,Corolla,Hybrid SE,1886,27615,Accessory package,Accessory Packages,Preferred Accessory Package w/ Carpet Mats,682,,,models/corolla_options.md:68
2027,Corolla,XSE,1866,29040,Base,,Base MSRP,29040,,"Delivery, Processing and Handling Fee $1,295 not included",models/corolla_options.md:71
2027,Corolla,XSE,1866,29040,Powertrain,Engine,2.0L 4-Cyl. Engine,0,,only engine shown,models/corolla_options.md:72
2027,Corolla,XSE,1866,29040,Drivetrain,,Front-Wheel Drive,0,,only drivetrain shown,models/corolla_options.md:72
2027,Corolla,XSE,1866,29040,Powertrain,Transmission,Dynamic Shift Continuously Variable Transmission (CVT),0,,only option shown,models/corolla_options.md:72
2027,Corolla,XSE,1866,29040,Exterior color,,Celestite,0,,no price,models/corolla_options.md:73
2027,Corolla,XSE,1866,29040,Exterior color,,Blueprint,0,,no price,models/corolla_options.md:73
2027,Corolla,XSE,1866,29040,Exterior color,,Wind Chill Pearl,475,,*,models/corolla_options.md:73
2027,Corolla,XSE,1866,29040,Exterior color,,Ice Cap,0,,no price,models/corolla_options.md:73
2027,Corolla,XSE,1866,29040,Exterior color,,Ruby Flare Pearl,475,,*,models/corolla_options.md:73
2027,Corolla,XSE,1866,29040,Exterior color,,Classic Silver Metallic,0,,no price,models/corolla_options.md:73
2027,Corolla,XSE,1866,29040,Exterior color,,Inked,0,,no price,models/corolla_options.md:73
2027,Corolla,XSE,1866,29040,Exterior color,,Underground,0,,no price,models/corolla_options.md:73
2027,Corolla,XSE,1866,29040,Exterior color,Two-tone,Blueprint with Inked roof,500,,,models/corolla_options.md:73
2027,Corolla,XSE,1866,29040,Exterior color,Two-tone,Wind Chill Pearl with Inked roof,975,,,models/corolla_options.md:73
2027,Corolla,XSE,1866,29040,Exterior color,Two-tone,Ice Cap with Inked roof,500,,,models/corolla_options.md:73
2027,Corolla,XSE,1866,29040,Exterior color,Two-tone,Ruby Flare Pearl with Inked roof,975,,,models/corolla_options.md:73
2027,Corolla,XSE,1866,29040,Exterior color,Two-tone,Classic Silver Metallic with Inked roof,500,,,models/corolla_options.md:73
2027,Corolla,XSE,1866,29040,Exterior color,Two-tone,Celestite with Inked roof,500,,,models/corolla_options.md:73
2027,Corolla,XSE,1866,29040,Exterior color,Two-tone,Underground with Inked roof,500,,,models/corolla_options.md:73
2027,Corolla,XSE,1866,29040,Interior,,Black/Red SofTex®/Fabric Mixed Media,0,,no price shown,models/corolla_options.md:74
2027,Corolla,XSE,1866,29040,Interior,,Black SofTex®/fabric mixed media trim,0,,no price shown,models/corolla_options.md:74
2027,Corolla,XSE,1866,29040,Factory package,,JBL® Premium Audio,600,includes nine-speaker JBL® Premium Audio including amplifier and subwoofer,,models/corolla_options.md:76
2027,Corolla,XSE,1866,29040,Accessory package,Accessory Packages,All-Weather Floor Liner Package,309,,,models/corolla_options.md:78
2027,Corolla,XSE,1866,29040,Accessory package,Accessory Packages,Body Protection Package,535,,,models/corolla_options.md:78
2027,Corolla,XSE,1866,29040,Accessory package,Accessory Packages,Carpet Mat Package,309,,,models/corolla_options.md:78
2027,Corolla,XSE,1866,29040,Accessory package,Accessory Packages,Preferred Accessory Package w/ All-Weather Liners,682,,,models/corolla_options.md:78
2027,Corolla,XSE,1866,29040,Accessory package,Accessory Packages,Preferred Accessory Package w/ Carpet Mats,682,,,models/corolla_options.md:78
2027,Corolla,Hybrid XLE,1892,29540,Base,,Base MSRP,29540,,"Delivery, Processing and Handling Fee $1,295 not included",models/corolla_options.md:81
2027,Corolla,Hybrid XLE,1892,29540,Powertrain,Engine,1.8L 4-Cyl. Hybrid Engine,0,,only engine shown,models/corolla_options.md:82
2027,Corolla,Hybrid XLE,1892,29540,Drivetrain,,Front-Wheel Drive,0,,only drivetrain shown; no AWD option listed on this trim,models/corolla_options.md:82
2027,Corolla,Hybrid XLE,1892,29540,Powertrain,Transmission,Electronically controlled Continuously Variable Transmission (ECVT),0,,only option shown,models/corolla_options.md:82
2027,Corolla,Hybrid XLE,1892,29540,Exterior color,,Celestite,0,,no price,models/corolla_options.md:83
2027,Corolla,Hybrid XLE,1892,29540,Exterior color,,Blueprint,0,,no price,models/corolla_options.md:83
2027,Corolla,Hybrid XLE,1892,29540,Exterior color,,Wind Chill Pearl,475,,*,models/corolla_options.md:83
2027,Corolla,Hybrid XLE,1892,29540,Exterior color,,Ice Cap,0,,no price,models/corolla_options.md:83
2027,Corolla,Hybrid XLE,1892,29540,Exterior color,,Ruby Flare Pearl,475,,*,models/corolla_options.md:83
2027,Corolla,Hybrid XLE,1892,29540,Exterior color,,Classic Silver Metallic,0,,no price,models/corolla_options.md:83
2027,Corolla,Hybrid XLE,1892,29540,Exterior color,,Inked,0,,no price,models/corolla_options.md:83
2027,Corolla,Hybrid XLE,1892,29540,Exterior color,,Underground,0,,no price,models/corolla_options.md:83
2027,Corolla,Hybrid XLE,1892,29540,Interior,,Black SofTex® trim,0,,no price shown,models/corolla_options.md:84
2027,Corolla,Hybrid XLE,1892,29540,Interior,,Macadamia/Mocha SofTex® trim,0,,no price shown,models/corolla_options.md:84
2027,Corolla,Hybrid XLE,1892,29540,Factory package,,JBL® Premium Audio,600,includes nine-speaker JBL® Premium Audio including amplifier and subwoofer,,models/corolla_options.md:86
2027,Corolla,Hybrid XLE,1892,29540,Accessory package,Accessory Packages,All-Weather Floor Liner Package,309,,,models/corolla_options.md:88
2027,Corolla,Hybrid XLE,1892,29540,Accessory package,Accessory Packages,Body Protection Package,535,,,models/corolla_options.md:88
2027,Corolla,Hybrid XLE,1892,29540,Accessory package,Accessory Packages,Carpet Mat Package,309,,,models/corolla_options.md:88
2027,Corolla,Hybrid XLE,1892,29540,Accessory package,Accessory Packages,Preferred Accessory Package w/ All-Weather Liners,682,,,models/corolla_options.md:88
2027,Corolla,Hybrid XLE,1892,29540,Accessory package,Accessory Packages,Preferred Accessory Package w/ Carpet Mats,682,,,models/corolla_options.md:88
2027,Corolla Hatchback,SE,6272,24780,Base,,Base MSRP,24780,,"Delivery, Processing and Handling Fee $1,295 not included",models/corolla_hatchback_options.md:21
2027,Corolla Hatchback,SE,6272,24780,Powertrain,Engine,2.0L 4-Cyl. Engine,0,,only engine,models/corolla_hatchback_options.md:22
2027,Corolla Hatchback,SE,6272,24780,Drivetrain,,Front-Wheel Drive,0,,only,models/corolla_hatchback_options.md:22
2027,Corolla Hatchback,SE,6272,24780,Powertrain,Transmission,Dynamic-Shift Continuously Variable Transmission (CVT),0,,only,models/corolla_hatchback_options.md:22
2027,Corolla Hatchback,SE,6272,24780,Exterior color,,Inferno,0,,no price; default,models/corolla_hatchback_options.md:23
2027,Corolla Hatchback,SE,6272,24780,Exterior color,,Inked,0,,no price,models/corolla_hatchback_options.md:23
2027,Corolla Hatchback,SE,6272,24780,Exterior color,,Ice Cap,0,,no price,models/corolla_hatchback_options.md:23
2027,Corolla Hatchback,SE,6272,24780,Exterior color,,Wind Chill Pearl,475,,*,models/corolla_hatchback_options.md:23
2027,Corolla Hatchback,SE,6272,24780,Exterior color,,Classic Silver Metallic,0,,no price,models/corolla_hatchback_options.md:23
2027,Corolla Hatchback,SE,6272,24780,Exterior color,,Magnetic Gray Metallic,0,,no price,models/corolla_hatchback_options.md:23
2027,Corolla Hatchback,SE,6272,24780,Exterior color,,Finish Line Red,475,,*,models/corolla_hatchback_options.md:23
2027,Corolla Hatchback,SE,6272,24780,Exterior color,,Blueprint,0,,no price,models/corolla_hatchback_options.md:23
2027,Corolla Hatchback,SE,6272,24780,Exterior color,Two-tone,Wind Chill Pearl with Black roof,975,,,models/corolla_hatchback_options.md:24
2027,Corolla Hatchback,SE,6272,24780,Exterior color,Two-tone,Classic Silver Metallic with Black roof,500,,,models/corolla_hatchback_options.md:24
2027,Corolla Hatchback,SE,6272,24780,Exterior color,Two-tone,Magnetic Gray Metallic with Black roof,500,,,models/corolla_hatchback_options.md:24
2027,Corolla Hatchback,SE,6272,24780,Exterior color,Two-tone,Finish Line Red with Black roof,975,,,models/corolla_hatchback_options.md:24
2027,Corolla Hatchback,SE,6272,24780,Exterior color,Two-tone,Blueprint with Black roof,500,,,models/corolla_hatchback_options.md:24
2027,Corolla Hatchback,SE,6272,24780,Interior,,Moonstone fabric,0,,no price shown,models/corolla_hatchback_options.md:25
2027,Corolla Hatchback,SE,6272,24780,Interior,,Black fabric,0,,no price shown,models/corolla_hatchback_options.md:25
2027,Corolla Hatchback,SE,6272,24780,Factory package,,SE Premium Package,800,12.3-in. digital gauge cluster; 10.5-in. Toyota Audio Multimedia system,,models/corolla_hatchback_options.md:27
2027,Corolla Hatchback,SE,6272,24780,Accessory package,Accessory Packages,All-Weather Floor Liner Package,309,,,models/corolla_hatchback_options.md:29
2027,Corolla Hatchback,SE,6272,24780,Accessory package,Accessory Packages,Blackout Package,224,,,models/corolla_hatchback_options.md:29
2027,Corolla Hatchback,SE,6272,24780,Accessory package,Accessory Packages,Body Protection Package,533,,,models/corolla_hatchback_options.md:29
2027,Corolla Hatchback,SE,6272,24780,Accessory package,Accessory Packages,Carpet Mat Package,309,,,models/corolla_hatchback_options.md:29
2027,Corolla Hatchback,SE,6272,24780,Accessory package,Accessory Packages,Preferred Accessory Package w/ Carpet Mats,682,,,models/corolla_hatchback_options.md:29
2027,Corolla Hatchback,XSE,6274,27875,Base,,Base MSRP,27875,,"Delivery, Processing and Handling Fee $1,295 not included",models/corolla_hatchback_options.md:32
2027,Corolla Hatchback,XSE,6274,27875,Powertrain,Engine,2.0L 4-Cyl. Engine,0,,only,models/corolla_hatchback_options.md:33
2027,Corolla Hatchback,XSE,6274,27875,Drivetrain,,Front-Wheel Drive,0,,only,models/corolla_hatchback_options.md:33
2027,Corolla Hatchback,XSE,6274,27875,Powertrain,Transmission,Dynamic-Shift Continuously Variable Transmission (CVT),0,,only,models/corolla_hatchback_options.md:33
2027,Corolla Hatchback,XSE,6274,27875,Exterior color,,Inferno,0,,no price,models/corolla_hatchback_options.md:34
2027,Corolla Hatchback,XSE,6274,27875,Exterior color,,Inked,0,,no price,models/corolla_hatchback_options.md:34
2027,Corolla Hatchback,XSE,6274,27875,Exterior color,,Ice Cap,0,,no price,models/corolla_hatchback_options.md:34
2027,Corolla Hatchback,XSE,6274,27875,Exterior color,,Wind Chill Pearl,475,,*,models/corolla_hatchback_options.md:34
2027,Corolla Hatchback,XSE,6274,27875,Exterior color,,Classic Silver Metallic,0,,no price,models/corolla_hatchback_options.md:34
2027,Corolla Hatchback,XSE,6274,27875,Exterior color,,Magnetic Gray Metallic,0,,no price,models/corolla_hatchback_options.md:34
2027,Corolla Hatchback,XSE,6274,27875,Exterior color,,Finish Line Red,475,,*,models/corolla_hatchback_options.md:34
2027,Corolla Hatchback,XSE,6274,27875,Exterior color,,Blueprint,0,,no price,models/corolla_hatchback_options.md:34
2027,Corolla Hatchback,XSE,6274,27875,Exterior color,Two-tone,Wind Chill Pearl with Black roof,975,,,models/corolla_hatchback_options.md:35
2027,Corolla Hatchback,XSE,6274,27875,Exterior color,Two-tone,Classic Silver Metallic with Black roof,500,,,models/corolla_hatchback_options.md:35
2027,Corolla Hatchback,XSE,6274,27875,Exterior color,Two-tone,Magnetic Gray Metallic with Black roof,500,,,models/corolla_hatchback_options.md:35
2027,Corolla Hatchback,XSE,6274,27875,Exterior color,Two-tone,Finish Line Red with Black roof,975,,,models/corolla_hatchback_options.md:35
2027,Corolla Hatchback,XSE,6274,27875,Exterior color,Two-tone,Blueprint with Black roof,500,,,models/corolla_hatchback_options.md:35
2027,Corolla Hatchback,XSE,6274,27875,Interior,,Black SofTex® trim,0,,no price shown,models/corolla_hatchback_options.md:36
2027,Corolla Hatchback,XSE,6274,27875,Interior,,Moonstone SofTex® trim,0,,no price shown,models/corolla_hatchback_options.md:36
2027,Corolla Hatchback,XSE,6274,27875,Accessory package,Accessory Packages,All-Weather Floor Liner Package,309,,,models/corolla_hatchback_options.md:39
2027,Corolla Hatchback,XSE,6274,27875,Accessory package,Accessory Packages,Blackout Package,224,,,models/corolla_hatchback_options.md:39
2027,Corolla Hatchback,XSE,6274,27875,Accessory package,Accessory Packages,Body Protection Package,533,,,models/corolla_hatchback_options.md:39
2027,Corolla Hatchback,XSE,6274,27875,Accessory package,Accessory Packages,Carpet Mat Package,309,,,models/corolla_hatchback_options.md:39
2027,Corolla Hatchback,XSE,6274,27875,Accessory package,Accessory Packages,Preferred Accessory Package w/ Carpet Mats,682,,,models/corolla_hatchback_options.md:39
2026,Corolla Cross,L,6301,25335,Base,,Base MSRP,25335,,"Delivery, Processing and Handling Fee $1,595 not included",models/corolla_cross_options.md:25
2026,Corolla Cross,L,6301,25335,Powertrain,Engine,2.0L 4-Cyl. Engine,0,,,models/corolla_cross_options.md:26
2026,Corolla Cross,L,6301,25335,Drivetrain,,Front-Wheel Drive,0,,default,models/corolla_cross_options.md:26
2026,Corolla Cross,L,6301,25335,Drivetrain,,All-Wheel Drive,1300,,,models/corolla_cross_options.md:26
2026,Corolla Cross,L,6301,25335,Powertrain,Transmission,Continuously Variable Transmission with intelligence and Shift Mode (CVTi-S),0,,only,models/corolla_cross_options.md:26
2026,Corolla Cross,L,6301,25335,Exterior color,,Wind Chill Pearl,475,,*; default selected,models/corolla_cross_options.md:27
2026,Corolla Cross,L,6301,25335,Exterior color,,Sonic Silver,0,,no price,models/corolla_cross_options.md:27
2026,Corolla Cross,L,6301,25335,Exterior color,,Celestite,0,,no price,models/corolla_cross_options.md:27
2026,Corolla Cross,L,6301,25335,Exterior color,,Jet Black,0,,no price,models/corolla_cross_options.md:27
2026,Corolla Cross,L,6301,25335,Interior,,Light Gray fabric,0,,no price shown,models/corolla_cross_options.md:28
2026,Corolla Cross,L,6301,25335,Accessory package,Accessory Packages,All-Weather Floor Liner Package,309,,,models/corolla_cross_options.md:31
2026,Corolla Cross,L,6301,25335,Accessory package,Accessory Packages,Carpet Mat Package,309,,,models/corolla_cross_options.md:31
2026,Corolla Cross,L,6301,25335,Accessory package,Accessory Packages,Preferred Accessory Package w/ All Weather Liners,339,,,models/corolla_cross_options.md:31
2026,Corolla Cross,L,6301,25335,Accessory package,Accessory Packages,Preferred Accessory Package w/ Carpet Mats,339,,,models/corolla_cross_options.md:31
2026,Corolla Cross,LE,6303,27665,Base,,Base MSRP,27665,,"Delivery, Processing and Handling Fee $1,595 not included",models/corolla_cross_options.md:34
2026,Corolla Cross,LE,6303,27665,Powertrain,Engine,2.0L 4-Cyl. Engine,0,,,models/corolla_cross_options.md:35
2026,Corolla Cross,LE,6303,27665,Drivetrain,,Front-Wheel Drive,0,,default,models/corolla_cross_options.md:35
2026,Corolla Cross,LE,6303,27665,Drivetrain,,All-Wheel Drive,1300,,,models/corolla_cross_options.md:35
2026,Corolla Cross,LE,6303,27665,Powertrain,Transmission,CVTi-S,0,,only,models/corolla_cross_options.md:35
2026,Corolla Cross,LE,6303,27665,Exterior color,,Wind Chill Pearl,475,,*,models/corolla_cross_options.md:36
2026,Corolla Cross,LE,6303,27665,Exterior color,,Sonic Silver,0,,no price,models/corolla_cross_options.md:36
2026,Corolla Cross,LE,6303,27665,Exterior color,,Celestite,0,,no price; default,models/corolla_cross_options.md:36
2026,Corolla Cross,LE,6303,27665,Exterior color,,Cavalry Blue,0,,no price,models/corolla_cross_options.md:36
2026,Corolla Cross,LE,6303,27665,Exterior color,,Soul Red Crystal,475,,*,models/corolla_cross_options.md:36
2026,Corolla Cross,LE,6303,27665,Exterior color,,Cypress,0,,no price,models/corolla_cross_options.md:36
2026,Corolla Cross,LE,6303,27665,Exterior color,,Jet Black,0,,no price,models/corolla_cross_options.md:36
2026,Corolla Cross,LE,6303,27665,Interior,,Light Gray fabric,0,,no price shown,models/corolla_cross_options.md:37
2026,Corolla Cross,LE,6303,27665,Interior,,Black fabric,0,,no price shown,models/corolla_cross_options.md:37
2026,Corolla Cross,LE,6303,27665,Factory package,,Moonroof Package,940,Moonroof and tonneau cover,,models/corolla_cross_options.md:39
2026,Corolla Cross,LE,6303,27665,Factory package,,Multimedia Upgrade,615,10.5-in. Toyota Audio Multimedia Screen,,models/corolla_cross_options.md:40
2026,Corolla Cross,LE,6303,27665,Accessory package,Accessory Packages,Activity Package,729,,,models/corolla_cross_options.md:42
2026,Corolla Cross,LE,6303,27665,Accessory package,Accessory Packages,All-Weather Floor Liner Package,309,,,models/corolla_cross_options.md:42
2026,Corolla Cross,LE,6303,27665,Accessory package,Accessory Packages,Black Badge Package,130,,,models/corolla_cross_options.md:42
2026,Corolla Cross,LE,6303,27665,Accessory package,Accessory Packages,Carpet Mat Package,309,,,models/corolla_cross_options.md:42
2026,Corolla Cross,LE,6303,27665,Accessory package,Accessory Packages,Preferred Accessory Package w/ All Weather Liners,339,,,models/corolla_cross_options.md:42
2026,Corolla Cross,LE,6303,27665,Accessory package,Accessory Packages,Preferred Accessory Package w/ Carpet Mats,339,,,models/corolla_cross_options.md:42
2026,Corolla Cross,XLE,6305,30260,Base,,Base MSRP,30260,,"Delivery, Processing and Handling Fee $1,595 not included",models/corolla_cross_options.md:45
2026,Corolla Cross,XLE,6305,30260,Powertrain,Engine,2.0L 4-Cyl. Engine,0,,,models/corolla_cross_options.md:46
2026,Corolla Cross,XLE,6305,30260,Drivetrain,,Front-Wheel Drive,0,,default,models/corolla_cross_options.md:46
2026,Corolla Cross,XLE,6305,30260,Drivetrain,,All-Wheel Drive,1450,,,models/corolla_cross_options.md:46
2026,Corolla Cross,XLE,6305,30260,Powertrain,Transmission,CVTi-S,0,,only,models/corolla_cross_options.md:46
2026,Corolla Cross,XLE,6305,30260,Exterior color,,Wind Chill Pearl,475,,*,models/corolla_cross_options.md:47
2026,Corolla Cross,XLE,6305,30260,Exterior color,,Sonic Silver,0,,no price,models/corolla_cross_options.md:47
2026,Corolla Cross,XLE,6305,30260,Exterior color,,Celestite,0,,no price,models/corolla_cross_options.md:47
2026,Corolla Cross,XLE,6305,30260,Exterior color,,Cavalry Blue,0,,no price,models/corolla_cross_options.md:47
2026,Corolla Cross,XLE,6305,30260,Exterior color,,Soul Red Crystal,475,,**; default selected per Summary,models/corolla_cross_options.md:47
2026,Corolla Cross,XLE,6305,30260,Exterior color,,Cypress,0,,no price,models/corolla_cross_options.md:47
2026,Corolla Cross,XLE,6305,30260,Exterior color,,Jet Black,0,,no price,models/corolla_cross_options.md:47
2026,Corolla Cross,XLE,6305,30260,Interior,,Black SofTex® trim,0,,default; no price shown,models/corolla_cross_options.md:48
2026,Corolla Cross,XLE,6305,30260,Interior,,Portobello,0,,no price shown,models/corolla_cross_options.md:48
2026,Corolla Cross,XLE,6305,30260,Factory package,,Convenience Package,1250,Power liftgate; Moonroof,,models/corolla_cross_options.md:50
2026,Corolla Cross,XLE,6305,30260,Factory option,,JBL® Premium Audio,800,"JBL® Premium Audio, nine JBL® speakers including subwoofer and amplifier",Additional change(s) required,models/corolla_cross_options.md:52
2026,Corolla Cross,XLE,6305,30260,Accessory package,Accessory Packages,Activity Package,729,,,models/corolla_cross_options.md:53
2026,Corolla Cross,XLE,6305,30260,Accessory package,Accessory Packages,All-Weather Floor Liner Package,309,,,models/corolla_cross_options.md:53
2026,Corolla Cross,XLE,6305,30260,Accessory package,Accessory Packages,Black Badge Package,130,,,models/corolla_cross_options.md:53
2026,Corolla Cross,XLE,6305,30260,Accessory package,Accessory Packages,Carpet Mat Package,309,,,models/corolla_cross_options.md:53
2026,Corolla Cross,XLE,6305,30260,Accessory package,Accessory Packages,Preferred Accessory Package w/ All Weather Liners,339,,,models/corolla_cross_options.md:53
2026,Corolla Cross,XLE,6305,30260,Accessory package,Accessory Packages,Preferred Accessory Package w/ Carpet Mats,339,,,models/corolla_cross_options.md:53
2026,Corolla Cross,Hybrid S,6312,29795,Base,,Base MSRP,29795,,"Delivery, Processing and Handling Fee $1,595 not included",models/corolla_cross_options.md:56
2026,Corolla Cross,Hybrid S,6312,29795,Powertrain,Engine,2.0L 4-Cyl. Hybrid Engine,0,,only,models/corolla_cross_options.md:57
2026,Corolla Cross,Hybrid S,6312,29795,Drivetrain,,All-Wheel Drive,0,,only; no FWD option on this trim,models/corolla_cross_options.md:57
2026,Corolla Cross,Hybrid S,6312,29795,Powertrain,Transmission,CVTi-S,0,,only,models/corolla_cross_options.md:57
2026,Corolla Cross,Hybrid S,6312,29795,Exterior color,,Wind Chill Pearl,475,,*,models/corolla_cross_options.md:58
2026,Corolla Cross,Hybrid S,6312,29795,Exterior color,,Sonic Silver,0,,no price; default,models/corolla_cross_options.md:58
2026,Corolla Cross,Hybrid S,6312,29795,Exterior color,,Celestite,0,,no price,models/corolla_cross_options.md:58
2026,Corolla Cross,Hybrid S,6312,29795,Exterior color,,Jet Black,0,,no price,models/corolla_cross_options.md:58
2026,Corolla Cross,Hybrid S,6312,29795,Interior,,Gray/Black fabric,0,,no price shown,models/corolla_cross_options.md:59
2026,Corolla Cross,Hybrid S,6312,29795,Accessory package,Accessory Packages,All-Weather Floor Liner Package,309,,,models/corolla_cross_options.md:62
2026,Corolla Cross,Hybrid S,6312,29795,Accessory package,Accessory Packages,Carpet Mat Package,309,,,models/corolla_cross_options.md:62
2026,Corolla Cross,Hybrid SE,6314,31115,Base,,Base MSRP,31115,,"Delivery, Processing and Handling Fee $1,595 not included",models/corolla_cross_options.md:65
2026,Corolla Cross,Hybrid SE,6314,31115,Powertrain,Engine,2.0L 4-Cyl. Hybrid Engine,0,,only,models/corolla_cross_options.md:66
2026,Corolla Cross,Hybrid SE,6314,31115,Drivetrain,,All-Wheel Drive,0,,only,models/corolla_cross_options.md:66
2026,Corolla Cross,Hybrid SE,6314,31115,Powertrain,Transmission,CVTi-S,0,,only,models/corolla_cross_options.md:66
2026,Corolla Cross,Hybrid SE,6314,31115,Exterior color,,Wind Chill Pearl,475,,*,models/corolla_cross_options.md:67
2026,Corolla Cross,Hybrid SE,6314,31115,Exterior color,,Sonic Silver,0,,no price,models/corolla_cross_options.md:67
2026,Corolla Cross,Hybrid SE,6314,31115,Exterior color,,Celestite,0,,no price,models/corolla_cross_options.md:67
2026,Corolla Cross,Hybrid SE,6314,31115,Exterior color,,Cavalry Blue,0,,no price,models/corolla_cross_options.md:67
2026,Corolla Cross,Hybrid SE,6314,31115,Exterior color,,Soul Red Crystal,475,,**,models/corolla_cross_options.md:67
2026,Corolla Cross,Hybrid SE,6314,31115,Exterior color,,Jet Black,0,,no price,models/corolla_cross_options.md:67
2026,Corolla Cross,Hybrid SE,6314,31115,Exterior color,Two-tone,Wind Chill Pearl with Jet Black roof,975,,,models/corolla_cross_options.md:68
2026,Corolla Cross,Hybrid SE,6314,31115,Exterior color,Two-tone,Sonic Silver with Jet Black roof,500,,default per Summary,models/corolla_cross_options.md:68
2026,Corolla Cross,Hybrid SE,6314,31115,Exterior color,Two-tone,Cavalry Blue with Jet Black roof,500,,,models/corolla_cross_options.md:68
2026,Corolla Cross,Hybrid SE,6314,31115,Exterior color,Two-tone,Soul Red Crystal with Jet Black roof,975,,,models/corolla_cross_options.md:68
2026,Corolla Cross,Hybrid SE,6314,31115,Interior,,Black fabric with Smoke Silver,0,,no price shown,models/corolla_cross_options.md:69
2026,Corolla Cross,Hybrid SE,6314,31115,Interior,,Gray/Black fabric,0,,no price shown,models/corolla_cross_options.md:69
2026,Corolla Cross,Hybrid SE,6314,31115,Factory package,,Cold Weather Package,500,Heated steering wheel and heated front seats,,models/corolla_cross_options.md:71
2026,Corolla Cross,Hybrid SE,6314,31115,Factory package,,Moonroof Package,940,Moonroof and tonneau cover,,models/corolla_cross_options.md:72
2026,Corolla Cross,Hybrid SE,6314,31115,Factory package,,Multimedia Upgrade,615,10.5-in. Toyota Audio Multimedia Screen,,models/corolla_cross_options.md:73
2026,Corolla Cross,Hybrid SE,6314,31115,Accessory package,Accessory Packages,Activity Package,729,,,models/corolla_cross_options.md:75
2026,Corolla Cross,Hybrid SE,6314,31115,Accessory package,Accessory Packages,All-Weather Floor Liner Package,309,,,models/corolla_cross_options.md:75
2026,Corolla Cross,Hybrid SE,6314,31115,Accessory package,Accessory Packages,Carpet Mat Package,309,,,models/corolla_cross_options.md:75
2026,Corolla Cross,Hybrid XSE,6316,33830,Base,,Base MSRP,33830,,"Delivery, Processing and Handling Fee $1,595 not included",models/corolla_cross_options.md:78
2026,Corolla Cross,Hybrid XSE,6316,33830,Powertrain,Engine,2.0L 4-Cyl. Hybrid Engine,0,,only,models/corolla_cross_options.md:79
2026,Corolla Cross,Hybrid XSE,6316,33830,Drivetrain,,All-Wheel Drive,0,,only,models/corolla_cross_options.md:79
2026,Corolla Cross,Hybrid XSE,6316,33830,Powertrain,Transmission,CVTi-S,0,,only,models/corolla_cross_options.md:79
2026,Corolla Cross,Hybrid XSE,6316,33830,Exterior color,,Wind Chill Pearl,475,,*,models/corolla_cross_options.md:80
2026,Corolla Cross,Hybrid XSE,6316,33830,Exterior color,,Sonic Silver,0,,no price,models/corolla_cross_options.md:80
2026,Corolla Cross,Hybrid XSE,6316,33830,Exterior color,,Celestite,0,,no price,models/corolla_cross_options.md:80
2026,Corolla Cross,Hybrid XSE,6316,33830,Exterior color,,Cavalry Blue,0,,no price; two-tone default per Summary,models/corolla_cross_options.md:80
2026,Corolla Cross,Hybrid XSE,6316,33830,Exterior color,,Soul Red Crystal,475,,**,models/corolla_cross_options.md:80
2026,Corolla Cross,Hybrid XSE,6316,33830,Exterior color,,Jet Black,0,,no price,models/corolla_cross_options.md:80
2026,Corolla Cross,Hybrid XSE,6316,33830,Exterior color,Two-tone,Wind Chill Pearl with Jet Black roof,975,,,models/corolla_cross_options.md:81
2026,Corolla Cross,Hybrid XSE,6316,33830,Exterior color,Two-tone,Sonic Silver with Jet Black roof,500,,,models/corolla_cross_options.md:81
2026,Corolla Cross,Hybrid XSE,6316,33830,Exterior color,Two-tone,Cavalry Blue with Jet Black roof,500,,,models/corolla_cross_options.md:81
2026,Corolla Cross,Hybrid XSE,6316,33830,Exterior color,Two-tone,Soul Red Crystal with Jet Black roof,975,,,models/corolla_cross_options.md:81
2026,Corolla Cross,Hybrid XSE,6316,33830,Interior,,Black/Blue SofTex®/fabric mixed media trim,0,,no price shown,models/corolla_cross_options.md:82
2026,Corolla Cross,Hybrid XSE,6316,33830,Interior,,Black SofTex®/fabric mixed media trim,0,,no price shown,models/corolla_cross_options.md:82
2026,Corolla Cross,Hybrid XSE,6316,33830,Factory package,,Convenience Package,1250,Power liftgate; Moonroof,,models/corolla_cross_options.md:84
2026,Corolla Cross,Hybrid XSE,6316,33830,Factory option,,JBL® Premium Audio,800,"JBL® Premium Audio, nine JBL® speakers including subwoofer and amplifier",Additional change(s) required,models/corolla_cross_options.md:86
2026,Corolla Cross,Hybrid XSE,6316,33830,Accessory package,Accessory Packages,Activity Package,729,,,models/corolla_cross_options.md:87
2026,Corolla Cross,Hybrid XSE,6316,33830,Accessory package,Accessory Packages,All-Weather Floor Liner Package,309,,,models/corolla_cross_options.md:87
2026,Corolla Cross,Hybrid XSE,6316,33830,Accessory package,Accessory Packages,Carpet Mat Package,309,,,models/corolla_cross_options.md:87
2026,Camry,LE,2559,29600,Base,,Base MSRP,29600,,"Delivery, Processing and Handling Fee $1,295 not included",models/camry_options.md:24
2026,Camry,LE,2559,29600,Powertrain,Engine,2.5L 4-Cyl. Gas/Electric Hybrid,0,,only,models/camry_options.md:25
2026,Camry,LE,2559,29600,Drivetrain,,Front-Wheel Drive,0,,default,models/camry_options.md:25
2026,Camry,LE,2559,29600,Drivetrain,,All-Wheel Drive,1525,,,models/camry_options.md:25
2026,Camry,LE,2559,29600,Powertrain,Transmission,Electronically controlled Continuously Variable Transmission (ECVT) with sequential shift mode,0,,only,models/camry_options.md:25
2026,Camry,LE,2559,29600,Exterior color,,Supersonic Red,475,,*,models/camry_options.md:26
2026,Camry,LE,2559,29600,Exterior color,,Ocean Gem,0,,no price,models/camry_options.md:26
2026,Camry,LE,2559,29600,Exterior color,,Ice Cap,0,,no price,models/camry_options.md:26
2026,Camry,LE,2559,29600,Exterior color,,Celestial Silver Metallic,0,,no price,models/camry_options.md:26
2026,Camry,LE,2559,29600,Exterior color,,Midnight Black Metallic,0,,no price,models/camry_options.md:26
2026,Camry,LE,2559,29600,Exterior color,,Reservoir Blue,0,,no price,models/camry_options.md:26
2026,Camry,LE,2559,29600,Exterior color,,Underground,0,,no price; default,models/camry_options.md:26
2026,Camry,LE,2559,29600,Interior,,Black fabric,0,,no price shown,models/camry_options.md:27
2026,Camry,LE,2559,29600,Interior,,Boulder fabric,0,,no price shown,models/camry_options.md:27
2026,Camry,LE,2559,29600,Factory package,,Convenience Package,1050,Auto-dimming rearview mirror with HomeLink® * universal garage door opener; Smart Key System on front doors; Power-adjustable driver's seat,,models/camry_options.md:29
2026,Camry,LE,2559,29600,Factory package,,Cold Weather Package,610,Heated leather steering wheel; Heated front seats,Additional change(s) required,models/camry_options.md:30
2026,Camry,LE,2559,29600,Factory option,,Power tilt/slide moonroof,870,Power tilt/slide moonroof (removal of overhead sunglasses storage),,models/camry_options.md:32
2026,Camry,LE,2559,29600,Accessory package,Accessory Packages,All-Weather Floor Liner Package,319,,,models/camry_options.md:33
2026,Camry,LE,2559,29600,Accessory package,Accessory Packages,Carpet Mat Package,319,,,models/camry_options.md:33
2026,Camry,LE,2559,29600,Accessory package,Accessory Packages,Preferred Package #1: Carpet Mats,414,,,models/camry_options.md:33
2026,Camry,LE,2559,29600,Accessory package,Accessory Packages,Preferred Package #2: All-Weather liners,414,,,models/camry_options.md:33
2026,Camry,SE,2561,32100,Base,,Base MSRP,32100,,"Delivery, Processing and Handling Fee $1,295 not included",models/camry_options.md:36
2026,Camry,SE,2561,32100,Powertrain,Engine,2.5L 4-Cyl. Gas/Electric Hybrid,0,,only,models/camry_options.md:37
2026,Camry,SE,2561,32100,Drivetrain,,Front-Wheel Drive,0,,default,models/camry_options.md:37
2026,Camry,SE,2561,32100,Drivetrain,,All-Wheel Drive,1525,,,models/camry_options.md:37
2026,Camry,SE,2561,32100,Powertrain,Transmission,ECVT with sequential shift mode,0,,only,models/camry_options.md:37
2026,Camry,SE,2561,32100,Exterior color,,Supersonic Red,475,,*,models/camry_options.md:38
2026,Camry,SE,2561,32100,Exterior color,,Dark Cosmos,475,,*,models/camry_options.md:38
2026,Camry,SE,2561,32100,Exterior color,,Ocean Gem,0,,no price; default,models/camry_options.md:38
2026,Camry,SE,2561,32100,Exterior color,,Heavy Metal,475,,*,models/camry_options.md:38
2026,Camry,SE,2561,32100,Exterior color,,Ice Cap,0,,no price,models/camry_options.md:38
2026,Camry,SE,2561,32100,Exterior color,,Midnight Black Metallic,0,,no price,models/camry_options.md:38
2026,Camry,SE,2561,32100,Exterior color,,Reservoir Blue,0,,no price,models/camry_options.md:38
2026,Camry,SE,2561,32100,Exterior color,,Underground,0,,no price,models/camry_options.md:38
2026,Camry,SE,2561,32100,Interior,,Black SofTex®/fabric mixed media trim,0,,no price shown,models/camry_options.md:39
2026,Camry,SE,2561,32100,Interior,,Boulder SofTex®/fabric mixed media trim,0,,no price shown,models/camry_options.md:39
2026,Camry,SE,2561,32100,Factory package,,Convenience Package,600,Auto-dimming rearview mirror with HomeLink® * universal garage door opener; Smart Key System on front doors,,models/camry_options.md:41
2026,Camry,SE,2561,32100,Factory package,,Cold Weather Package,500,Heated leather steering wheel; Paddle shifters; Heated front seats,Additional change(s) required,models/camry_options.md:42
2026,Camry,SE,2561,32100,Factory package,,Multimedia Upgrade Package,735,12.3-in. Toyota Audio Multimedia touchscreen,Additional change(s) required,models/camry_options.md:43
2026,Camry,SE,2561,32100,Factory option,,Power tilt/slide moonroof,870,Power tilt/slide moonroof (removal of overhead sunglasses storage),,models/camry_options.md:45
2026,Camry,SE,2561,32100,Accessory package,Accessory Packages,All-Weather Floor Liner Package,319,,,models/camry_options.md:46
2026,Camry,SE,2561,32100,Accessory package,Accessory Packages,Carpet Mat Package,319,,,models/camry_options.md:46
2026,Camry,SE,2561,32100,Accessory package,Accessory Packages,Preferred Package #1: Carpet Mats,414,,,models/camry_options.md:46
2026,Camry,SE,2561,32100,Accessory package,Accessory Packages,Preferred Package #2: All-Weather liners,414,,,models/camry_options.md:46
2026,Camry,Nightshade,2558,33100,Base,,Base MSRP,33100,,"Delivery, Processing and Handling Fee $1,295 not included",models/camry_options.md:49
2026,Camry,Nightshade,2558,33100,Powertrain,Engine,2.5L 4-Cyl. Gas/Electric Hybrid,0,,only,models/camry_options.md:50
2026,Camry,Nightshade,2558,33100,Drivetrain,,Front-Wheel Drive,0,,default,models/camry_options.md:50
2026,Camry,Nightshade,2558,33100,Drivetrain,,All-Wheel Drive,1525,,,models/camry_options.md:50
2026,Camry,Nightshade,2558,33100,Powertrain,Transmission,ECVT with sequential shift mode,0,,only,models/camry_options.md:50
2026,Camry,Nightshade,2558,33100,Exterior color,,Supersonic Red,475,,*; default selected,models/camry_options.md:51
2026,Camry,Nightshade,2558,33100,Exterior color,,Ice Cap,0,,no price,models/camry_options.md:51
2026,Camry,Nightshade,2558,33100,Exterior color,,Midnight Black Metallic,0,,no price,models/camry_options.md:51
2026,Camry,Nightshade,2558,33100,Interior,,Black SofTex®/fabric mixed media trim,0,,only interior shown; no price,models/camry_options.md:52
2026,Camry,Nightshade,2558,33100,Factory package,,Convenience Package,600,Auto-dimming rearview mirror with HomeLink® * universal garage door opener; Smart Key System on front doors,,models/camry_options.md:54
2026,Camry,Nightshade,2558,33100,Factory package,,Cold Weather Package,500,Heated leather steering wheel; Paddle shifters; Heated front seats,Additional change(s) required,models/camry_options.md:55
2026,Camry,Nightshade,2558,33100,Factory package,,Multimedia Upgrade Package,735,12.3-in. Toyota Audio Multimedia touchscreen. (Contents read in a separate pass on this trim.),Additional change(s) required,models/camry_options.md:56
2026,Camry,Nightshade,2558,33100,Factory option,,Power tilt/slide moonroof,870,Power tilt/slide moonroof (removal of overhead sunglasses storage),,models/camry_options.md:58
2026,Camry,Nightshade,2558,33100,Accessory package,Accessory Packages,All-Weather Floor Liner Package,319,,,models/camry_options.md:59
2026,Camry,Nightshade,2558,33100,Accessory package,Accessory Packages,Carpet Mat Package,319,,,models/camry_options.md:59
2026,Camry,Nightshade,2558,33100,Accessory package,Accessory Packages,Preferred Package #1: Carpet Mats,414,,,models/camry_options.md:59
2026,Camry,Nightshade,2558,33100,Accessory package,Accessory Packages,Preferred Package #2: All-Weather liners,414,,,models/camry_options.md:59
2026,Camry,XLE,2560,34800,Base,,Base MSRP,34800,,"Delivery, Processing and Handling Fee $1,295 not included",models/camry_options.md:62
2026,Camry,XLE,2560,34800,Powertrain,Engine,2.5L 4-Cyl. Gas/Electric Hybrid,0,,only,models/camry_options.md:63
2026,Camry,XLE,2560,34800,Drivetrain,,Front-Wheel Drive,0,,default,models/camry_options.md:63
2026,Camry,XLE,2560,34800,Drivetrain,,All-Wheel Drive,1525,,,models/camry_options.md:63
2026,Camry,XLE,2560,34800,Powertrain,Transmission,ECVT with sequential shift mode,0,,only,models/camry_options.md:63
2026,Camry,XLE,2560,34800,Exterior color,,Supersonic Red,475,,*,models/camry_options.md:64
2026,Camry,XLE,2560,34800,Exterior color,,Dark Cosmos,475,,*; default selected,models/camry_options.md:64
2026,Camry,XLE,2560,34800,Exterior color,,Ocean Gem,0,,no price,models/camry_options.md:64
2026,Camry,XLE,2560,34800,Exterior color,,Heavy Metal,475,,*,models/camry_options.md:64
2026,Camry,XLE,2560,34800,Exterior color,,Midnight Black Metallic,0,,no price,models/camry_options.md:64
2026,Camry,XLE,2560,34800,Exterior color,,Reservoir Blue,0,,no price,models/camry_options.md:64
2026,Camry,XLE,2560,34800,Exterior color,,Wind Chill Pearl,475,,*,models/camry_options.md:64
2026,Camry,XLE,2560,34800,Exterior color,,Underground,0,,no price,models/camry_options.md:64
2026,Camry,XLE,2560,34800,Interior,,Light Gray leather & Dinamica® trim,0,,default; no price shown,models/camry_options.md:65
2026,Camry,XLE,2560,34800,Interior,,Black leather & Dinamica® trim,0,,no price shown,models/camry_options.md:65
2026,Camry,XLE,2560,34800,Factory package,,Premium Package,3810,Panoramic glass roof with front power tilt/slide moonroof (removal of overhead sunglasses storage); 9-speaker JBL® Premium Audio system; Ventilated front seats; 10-in. Head-Up Display (HUD); Digital Key * capability; Rain-sensing windshield wipers; Driver's seat and outer-mirror memory,,models/camry_options.md:67
2026,Camry,XLE,2560,34800,Factory package,,Premium Plus Package,4760,"all of the Premium Package items above, plus Traffic Jam Assist (TJA) *; Front Cross-Traffic Alert (FCTA) *; Lane Change Assist (LCA) *; Panoramic View Monitor (PVM) *; Front and Rear Parking Assist with Automatic Braking (PA w/AB) *; Rear Cross-Traffic Braking (RCTB) *; Driver Monitor Camera",,models/camry_options.md:68
2026,Camry,XLE,2560,34800,Factory option,,Panoramic glass roof with front power tilt/slide moonroof,1330,Panoramic glass roof with front power tilt/slide moonroof (removal of overhead sunglasses storage),,models/camry_options.md:70
2026,Camry,XLE,2560,34800,Accessory package,Accessory Packages,All-Weather Floor Liner Package,319,,,models/camry_options.md:71
2026,Camry,XLE,2560,34800,Accessory package,Accessory Packages,Carpet Mat Package,319,,,models/camry_options.md:71
2026,Camry,XLE,2560,34800,Accessory package,Accessory Packages,Preferred Package #1: Carpet Mats,414,,,models/camry_options.md:71
2026,Camry,XLE,2560,34800,Accessory package,Accessory Packages,Preferred Package #2: All-Weather liners,414,,,models/camry_options.md:71
2026,Camry,XSE,2557,36000,Base,,Base MSRP,36000,,"Delivery, Processing and Handling Fee $1,295 not included",models/camry_options.md:74
2026,Camry,XSE,2557,36000,Powertrain,Engine,2.5L 4-Cyl. Gas/Electric Hybrid,0,,only,models/camry_options.md:75
2026,Camry,XSE,2557,36000,Drivetrain,,Front-Wheel Drive,0,,default,models/camry_options.md:75
2026,Camry,XSE,2557,36000,Drivetrain,,All-Wheel Drive,1525,,,models/camry_options.md:75
2026,Camry,XSE,2557,36000,Powertrain,Transmission,ECVT with sequential shift mode,0,,only,models/camry_options.md:75
2026,Camry,XSE,2557,36000,Exterior color,,Supersonic Red,475,,*,models/camry_options.md:76
2026,Camry,XSE,2557,36000,Exterior color,,Dark Cosmos,475,,*,models/camry_options.md:76
2026,Camry,XSE,2557,36000,Exterior color,,Ocean Gem,0,,no price,models/camry_options.md:76
2026,Camry,XSE,2557,36000,Exterior color,,Heavy Metal,475,,*,models/camry_options.md:76
2026,Camry,XSE,2557,36000,Exterior color,,Midnight Black Metallic,0,,no price,models/camry_options.md:76
2026,Camry,XSE,2557,36000,Exterior color,,Reservoir Blue,0,,no price,models/camry_options.md:76
2026,Camry,XSE,2557,36000,Exterior color,,Wind Chill Pearl,475,,*,models/camry_options.md:76
2026,Camry,XSE,2557,36000,Exterior color,,Underground,0,,no price,models/camry_options.md:76
2026,Camry,XSE,2557,36000,Exterior color,Two-tone,Heavy Metal with Midnight Black Metallic roof,975,,,models/camry_options.md:77
2026,Camry,XSE,2557,36000,Exterior color,Two-tone,Ocean Gem with Midnight Black Metallic roof,500,,,models/camry_options.md:77
2026,Camry,XSE,2557,36000,Exterior color,Two-tone,Wind Chill Pearl with Midnight Black Metallic roof,975,,default per Summary,models/camry_options.md:77
2026,Camry,XSE,2557,36000,Exterior color,Two-tone,Supersonic Red with Midnight Black Metallic roof,975,,,models/camry_options.md:77
2026,Camry,XSE,2557,36000,Interior,,Cockpit Red leather trim,0,,default; no price shown,models/camry_options.md:78
2026,Camry,XSE,2557,36000,Interior,,Black leather trim,0,,no price shown,models/camry_options.md:78
2026,Camry,XSE,2557,36000,Factory package,,Premium Package,3810,same list as XLE Premium Package above,,models/camry_options.md:80
2026,Camry,XSE,2557,36000,Factory package,,Premium Plus Package,4760,same list as XLE Premium Plus Package above,,models/camry_options.md:81
2026,Camry,XSE,2557,36000,Factory option,,Panoramic glass roof with front power tilt/slide moonroof,1330,Panoramic glass roof with front power tilt/slide moonroof (removal of overhead sunglasses storage),,models/camry_options.md:83
2026,Camry,XSE,2557,36000,Accessory package,Accessory Packages,All-Weather Floor Liner Package,319,,,models/camry_options.md:84
2026,Camry,XSE,2557,36000,Accessory package,Accessory Packages,Carpet Mat Package,319,,,models/camry_options.md:84
2026,Camry,XSE,2557,36000,Accessory package,Accessory Packages,Preferred Package #1: Carpet Mats,414,,,models/camry_options.md:84
2026,Camry,XSE,2557,36000,Accessory package,Accessory Packages,Preferred Package #2: All-Weather liners,414,,,models/camry_options.md:84
2027,Crown,XLE,4015,41640,Base,,Base MSRP,41640,,"Delivery, Processing and Handling Fee $1,295 not included",models/crown_options.md:23
2027,Crown,XLE,4015,41640,Powertrain,Engine,2.5L 4-Cyl. Hybrid Engine,0,,only,models/crown_options.md:24
2027,Crown,XLE,4015,41640,Drivetrain,,All-Wheel Drive,0,,only; no FWD option shown,models/crown_options.md:24
2027,Crown,XLE,4015,41640,Powertrain,Transmission,ECVT,0,,only,models/crown_options.md:24
2027,Crown,XLE,4015,41640,Exterior color,,Finish Line Red,475,,*,models/crown_options.md:25
2027,Crown,XLE,4015,41640,Exterior color,,Bronze Age,475,,*,models/crown_options.md:25
2027,Crown,XLE,4015,41640,Exterior color,,Heavy Metal,475,,*,models/crown_options.md:25
2027,Crown,XLE,4015,41640,Exterior color,,Oxygen White,475,,*,models/crown_options.md:25
2027,Crown,XLE,4015,41640,Exterior color,,Inked,0,,no price; default per Summary,models/crown_options.md:25
2027,Crown,XLE,4015,41640,Exterior color,,Storm Cloud,0,,no price,models/crown_options.md:25
2027,Crown,XLE,4015,41640,Interior,,Black leather trim,0,,no price shown (only interior),models/crown_options.md:26
2027,Crown,XLE,4015,41640,Accessory package,Accessory Packages,All-Weather Floor Liner Package,319,,,models/crown_options.md:29
2027,Crown,XLE,4015,41640,Accessory package,Accessory Packages,Carpet Mat Package,319,,,models/crown_options.md:29
2027,Crown,XLE,4015,41640,Accessory package,Accessory Packages,Preferred Accessory Package w/ All-Weather Floor Liners,497,,card name truncated as Preferred Accessory Packagew/ All-W*; full name matches the Nightshade/Limited trims,models/crown_options.md:29
2027,Crown,XLE,4015,41640,Accessory package,Accessory Packages,Preferred Accessory Package w/ Carpet Mats,497,,card truncated as ...w/ Carpe*,models/crown_options.md:29
2027,Crown,Nightshade,4025,48965,Base,,Base MSRP,48965,,"Delivery, Processing and Handling Fee $1,295 not included",models/crown_options.md:32
2027,Crown,Nightshade,4025,48965,Powertrain,Engine,2.5L 4-Cyl. Hybrid Engine,0,,only,models/crown_options.md:33
2027,Crown,Nightshade,4025,48965,Drivetrain,,All-Wheel Drive,0,,only,models/crown_options.md:33
2027,Crown,Nightshade,4025,48965,Powertrain,Transmission,ECVT,0,,only,models/crown_options.md:33
2027,Crown,Nightshade,4025,48965,Exterior color,,Inked,0,,no price,models/crown_options.md:34
2027,Crown,Nightshade,4025,48965,Exterior color,,Storm Cloud,0,,no price; default,models/crown_options.md:34
2027,Crown,Nightshade,4025,48965,Interior,,Black leather trim,0,,no price shown,models/crown_options.md:35
2027,Crown,Nightshade,4025,48965,Accessory package,Accessory Packages,All-Weather Floor Liner Package,319,,,models/crown_options.md:38
2027,Crown,Nightshade,4025,48965,Accessory package,Accessory Packages,Carpet Mat Package,319,,,models/crown_options.md:38
2027,Crown,Nightshade,4025,48965,Accessory package,Accessory Packages,Preferred Accessory Package w/ All-Weather Floor Liners,497,,,models/crown_options.md:38
2027,Crown,Nightshade,4025,48965,Accessory package,Accessory Packages,Preferred Accessory Package w/ Carpet Mats,497,,,models/crown_options.md:38
2027,Crown,Limited,4020,49720,Base,,Base MSRP,49720,,"Delivery, Processing and Handling Fee $1,295 not included",models/crown_options.md:41
2027,Crown,Limited,4020,49720,Powertrain,Engine,2.5L 4-Cyl. Hybrid Engine,0,,only,models/crown_options.md:42
2027,Crown,Limited,4020,49720,Drivetrain,,All-Wheel Drive,0,,only,models/crown_options.md:42
2027,Crown,Limited,4020,49720,Powertrain,Transmission,ECVT,0,,only,models/crown_options.md:42
2027,Crown,Limited,4020,49720,Exterior color,,Finish Line Red,475,,*,models/crown_options.md:43
2027,Crown,Limited,4020,49720,Exterior color,,Bronze Age,475,,*,models/crown_options.md:43
2027,Crown,Limited,4020,49720,Exterior color,,Heavy Metal,475,,*; default per Summary,models/crown_options.md:43
2027,Crown,Limited,4020,49720,Exterior color,,Oxygen White,475,,*,models/crown_options.md:43
2027,Crown,Limited,4020,49720,Exterior color,,Inked,0,,no price,models/crown_options.md:43
2027,Crown,Limited,4020,49720,Exterior color,,Storm Cloud,0,,no price,models/crown_options.md:43
2027,Crown,Limited,4020,49720,Interior,,Black leather trim,0,,no price shown,models/crown_options.md:44
2027,Crown,Limited,4020,49720,Interior,,Saddle Tan leather trim,0,,no price shown,models/crown_options.md:44
2027,Crown,Limited,4020,49720,Accessory package,Accessory Packages,All-Weather Floor Liner Package,319,,,models/crown_options.md:47
2027,Crown,Limited,4020,49720,Accessory package,Accessory Packages,Carpet Mat Package,319,,,models/crown_options.md:47
2027,Crown,Limited,4020,49720,Accessory package,Accessory Packages,Preferred Accessory Package w/ All-Weather Floor Liners,497,,,models/crown_options.md:47
2027,Crown,Limited,4020,49720,Accessory package,Accessory Packages,Preferred Accessory Package w/ Carpet Mats,497,,,models/crown_options.md:47
2027,Crown,Platinum,4030,55190,Base,,Base MSRP,55190,,"Delivery, Processing and Handling Fee $1,295 not included",models/crown_options.md:50
2027,Crown,Platinum,4030,55190,Powertrain,Engine,2.4L 4-Cyl. Turbo Hybrid MAX,0,,only,models/crown_options.md:51
2027,Crown,Platinum,4030,55190,Drivetrain,,All-Wheel Drive,0,,only,models/crown_options.md:51
2027,Crown,Platinum,4030,55190,Powertrain,Transmission,Direct Shift 6-Speed Automatic Transmission,0,,only,models/crown_options.md:51
2027,Crown,Platinum,4030,55190,Exterior color,,Finish Line Red,475,,*,models/crown_options.md:52
2027,Crown,Platinum,4030,55190,Exterior color,,Bronze Age,475,,*,models/crown_options.md:52
2027,Crown,Platinum,4030,55190,Exterior color,,Heavy Metal,475,,*,models/crown_options.md:52
2027,Crown,Platinum,4030,55190,Exterior color,,Oxygen White,475,,*,models/crown_options.md:52
2027,Crown,Platinum,4030,55190,Exterior color,,Inked,0,,no price,models/crown_options.md:52
2027,Crown,Platinum,4030,55190,Exterior color,,Storm Cloud,0,,no price,models/crown_options.md:52
2027,Crown,Platinum,4030,55190,Exterior color,Two-tone,Heavy Metal with Black bi-tone,1025,,,models/crown_options.md:53
2027,Crown,Platinum,4030,55190,Exterior color,Two-tone,Finish Line Red with Black bi-tone,1025,,,models/crown_options.md:53
2027,Crown,Platinum,4030,55190,Exterior color,Two-tone,Oxygen White with Black bi-tone,1025,,,models/crown_options.md:53
2027,Crown,Platinum,4030,55190,Exterior color,Two-tone,Bronze Age with Black bi-tone,1025,,default per Summary,models/crown_options.md:53
2027,Crown,Platinum,4030,55190,Interior,,Black leather trim,0,,no price shown,models/crown_options.md:54
2027,Crown,Platinum,4030,55190,Interior,,Saddle Tan leather trim,0,,no price shown,models/crown_options.md:54
2027,Crown,Platinum,4030,55190,Accessory package,Accessory Packages,All-Weather Floor Liner Package,319,,,models/crown_options.md:57
2027,Crown,Platinum,4030,55190,Accessory package,Accessory Packages,Carpet Mat Package,319,,,models/crown_options.md:57
2027,Crown,Platinum,4030,55190,Accessory package,Accessory Packages,Illumination Package,580,,,models/crown_options.md:57
2027,Crown,Platinum,4030,55190,Accessory package,Accessory Packages,Preferred Accessory Package w/ All-Weather Floor Liners,497,,,models/crown_options.md:57
2027,Crown,Platinum,4030,55190,Accessory package,Accessory Packages,Preferred Accessory Package w/ Carpet Mats,497,,,models/crown_options.md:57
2026,Crown Signia,XLE,4040,44690,Base,,Base MSRP,44690,,"Delivery, Processing and Handling Fee $1,595 not included",models/crown_signia_options.md:21
2026,Crown Signia,XLE,4040,44690,Powertrain,Engine,2.5L 4-Cyl. Hybrid Engine,0,,only,models/crown_signia_options.md:22
2026,Crown Signia,XLE,4040,44690,Drivetrain,,All-Wheel Drive,0,,only,models/crown_signia_options.md:22
2026,Crown Signia,XLE,4040,44690,Powertrain,Transmission,ECVT,0,,only,models/crown_signia_options.md:22
2026,Crown Signia,XLE,4040,44690,Exterior color,,Storm Cloud,0,,no price,models/crown_signia_options.md:23
2026,Crown Signia,XLE,4040,44690,Exterior color,,Bronze Age,475,,*; default per Summary,models/crown_signia_options.md:23
2026,Crown Signia,XLE,4040,44690,Exterior color,,Oxygen White,475,,*,models/crown_signia_options.md:23
2026,Crown Signia,XLE,4040,44690,Exterior color,,Black,0,,no price,models/crown_signia_options.md:23
2026,Crown Signia,XLE,4040,44690,Exterior color,,Finish Line Red,475,,*,models/crown_signia_options.md:23
2026,Crown Signia,XLE,4040,44690,Interior,,Black leather trim,0,,no price shown,models/crown_signia_options.md:24
2026,Crown Signia,XLE,4040,44690,Interior,,Saddle Tan leather trim,0,,no price shown,models/crown_signia_options.md:24
2026,Crown Signia,XLE,4040,44690,Accessory package,Accessory Packages,All-Weather Floor Liner Package,319,,,models/crown_signia_options.md:27
2026,Crown Signia,XLE,4040,44690,Accessory package,Accessory Packages,Carpet Mat Package,319,,,models/crown_signia_options.md:27
2026,Crown Signia,XLE,4040,44690,Accessory package,Accessory Packages,Preferred Accessory Package w/ All-Weather Floor Liners,409,,,models/crown_signia_options.md:27
2026,Crown Signia,XLE,4040,44690,Accessory package,Accessory Packages,Preferred Accessory Package w/ Carpet Mats,409,,,models/crown_signia_options.md:27
2026,Crown Signia,Limited,4041,49090,Base,,Base MSRP,49090,,"Delivery, Processing and Handling Fee $1,595 not included",models/crown_signia_options.md:30
2026,Crown Signia,Limited,4041,49090,Powertrain,Engine,2.5L 4-Cyl. Hybrid Engine,0,,only,models/crown_signia_options.md:31
2026,Crown Signia,Limited,4041,49090,Drivetrain,,All-Wheel Drive,0,,only,models/crown_signia_options.md:31
2026,Crown Signia,Limited,4041,49090,Powertrain,Transmission,ECVT,0,,only,models/crown_signia_options.md:31
2026,Crown Signia,Limited,4041,49090,Exterior color,,Storm Cloud,0,,no price; no-roof base,models/crown_signia_options.md:32
2026,Crown Signia,Limited,4041,49090,Exterior color,,Bronze Age,475,,*,models/crown_signia_options.md:32
2026,Crown Signia,Limited,4041,49090,Exterior color,,Oxygen White,475,,*,models/crown_signia_options.md:32
2026,Crown Signia,Limited,4041,49090,Exterior color,,Black,0,,no price,models/crown_signia_options.md:32
2026,Crown Signia,Limited,4041,49090,Exterior color,,Finish Line Red,475,,*,models/crown_signia_options.md:32
2026,Crown Signia,Limited,4041,49090,Exterior color,Two-tone,Storm Cloud with Black roof,500,,default per Summary,models/crown_signia_options.md:33
2026,Crown Signia,Limited,4041,49090,Exterior color,Two-tone,Oxygen White with Black roof,975,,,models/crown_signia_options.md:33
2026,Crown Signia,Limited,4041,49090,Exterior color,Two-tone,Finish Line Red with Black roof,975,,,models/crown_signia_options.md:33
2026,Crown Signia,Limited,4041,49090,Exterior color,Two-tone,Bronze Age with Black roof,975,,,models/crown_signia_options.md:33
2026,Crown Signia,Limited,4041,49090,Interior,,Black leather trim,0,,no price shown,models/crown_signia_options.md:34
2026,Crown Signia,Limited,4041,49090,Interior,,Saddle Tan leather trim,0,,no price shown,models/crown_signia_options.md:34
2026,Crown Signia,Limited,4041,49090,Factory package,,Advanced Tech Package,1865,Panoramic View Monitor (PVM) *; Lane Change Assist (LCA) *; Traffic Jam Assist (TJA) *; Front Cross-Traffic Alert (FCTA) *; outer mirrors with puddle lights and reverse tilt-down feature; Front and Rear Parking Assist with Automatic Braking (PA w/AB) *,,models/crown_signia_options.md:36
2026,Crown Signia,Limited,4041,49090,Accessory package,Accessory Packages,All-Weather Floor Liner Package,319,,,models/crown_signia_options.md:38
2026,Crown Signia,Limited,4041,49090,Accessory package,Accessory Packages,Carpet Mat Package,319,,,models/crown_signia_options.md:38
2026,Crown Signia,Limited,4041,49090,Accessory package,Accessory Packages,Preferred Accessory Package w/ All-Weather Floor Liners,409,,,models/crown_signia_options.md:38
2026,Crown Signia,Limited,4041,49090,Accessory package,Accessory Packages,Preferred Accessory Package w/ Carpet Mats,409,,,models/crown_signia_options.md:38
2027,Prius,LE,1223,28755,Base,,Base MSRP,28755,,"Delivery, Processing and Handling Fee $1,295 not included",models/prius_options.md:27
2027,Prius,LE,1223,28755,Powertrain,Engine,2.0L 4-Cyl. Hybrid Engine,0,,only,models/prius_options.md:28
2027,Prius,LE,1223,28755,Drivetrain,,Front-Wheel Drive,0,,only; AWD is the LE AWD trim,models/prius_options.md:28
2027,Prius,LE,1223,28755,Powertrain,Transmission,ECVT,0,,only,models/prius_options.md:28
2027,Prius,LE,1223,28755,Exterior color,,Inked,0,,no price,models/prius_options.md:29
2027,Prius,LE,1223,28755,Exterior color,,Supersonic Red,475,,*,models/prius_options.md:29
2027,Prius,LE,1223,28755,Exterior color,,Cutting Edge,0,,no price,models/prius_options.md:29
2027,Prius,LE,1223,28755,Exterior color,,Guardian Gray,0,,no price,models/prius_options.md:29
2027,Prius,LE,1223,28755,Exterior color,,Reservoir Blue,0,,no price,models/prius_options.md:29
2027,Prius,LE,1223,28755,Exterior color,,Wind Chill Pearl,475,,*; default,models/prius_options.md:29
2027,Prius,LE,1223,28755,Interior,,Light Gray fabric,0,,no price shown,models/prius_options.md:30
2027,Prius,LE,1223,28755,Interior,,Gradient Black fabric,0,,no price shown,models/prius_options.md:30
2027,Prius,LE,1223,28755,Factory option,,Front and Rear Parking Assist with Automatic Braking,35,Front and Rear Parking Assist with Automatic Braking (PA w/AB) *,,models/prius_options.md:33
2027,Prius,LE,1223,28755,Accessory package,Accessory Packages,All-Weather Floor Liner Package,319,,,models/prius_options.md:34
2027,Prius,LE,1223,28755,Accessory package,Accessory Packages,Carpet Mat Package,319,,,models/prius_options.md:34
2027,Prius,LE,1223,28755,Accessory package,Accessory Packages,Preferred Accessory Package w/ All-Weather Floor Liners,493,,,models/prius_options.md:34
2027,Prius,LE,1223,28755,Accessory package,Accessory Packages,Preferred Accessory Package w/ Carpet Mats,493,,,models/prius_options.md:34
2027,Prius,LE,1223,28755,Accessory package,Accessory Packages,Protection Package #3,514,,,models/prius_options.md:34
2027,Prius,LE AWD,1263,30155,Base,,Base MSRP,30155,,"Delivery, Processing and Handling Fee $1,295 not included",models/prius_options.md:37
2027,Prius,LE AWD,1263,30155,Powertrain,Engine,2.0L 4-Cyl. Hybrid Engine,0,,only,models/prius_options.md:38
2027,Prius,LE AWD,1263,30155,Drivetrain,,All-Wheel Drive,0,,only,models/prius_options.md:38
2027,Prius,LE AWD,1263,30155,Powertrain,Transmission,ECVT,0,,only,models/prius_options.md:38
2027,Prius,LE AWD,1263,30155,Exterior color,,Inked,0,,no price,models/prius_options.md:39
2027,Prius,LE AWD,1263,30155,Exterior color,,Supersonic Red,475,,*,models/prius_options.md:39
2027,Prius,LE AWD,1263,30155,Exterior color,,Cutting Edge,0,,no price,models/prius_options.md:39
2027,Prius,LE AWD,1263,30155,Exterior color,,Guardian Gray,0,,no price,models/prius_options.md:39
2027,Prius,LE AWD,1263,30155,Exterior color,,Reservoir Blue,0,,no price,models/prius_options.md:39
2027,Prius,LE AWD,1263,30155,Exterior color,,Wind Chill Pearl,475,,*; default,models/prius_options.md:39
2027,Prius,LE AWD,1263,30155,Interior,,Light Gray fabric,0,,no price shown,models/prius_options.md:40
2027,Prius,LE AWD,1263,30155,Interior,,Gradient Black fabric,0,,no price shown,models/prius_options.md:40
2027,Prius,LE AWD,1263,30155,Factory option,,Front and Rear Parking Assist with Automatic Braking,35,Front and Rear Parking Assist with Automatic Braking (PA w/AB) *,,models/prius_options.md:43
2027,Prius,LE AWD,1263,30155,Accessory package,Accessory Packages,All-Weather Floor Liner Package,319,,,models/prius_options.md:44
2027,Prius,LE AWD,1263,30155,Accessory package,Accessory Packages,Carpet Mat Package,319,,,models/prius_options.md:44
2027,Prius,LE AWD,1263,30155,Accessory package,Accessory Packages,Preferred Accessory Package w/ All-Weather Floor Liners,493,,,models/prius_options.md:44
2027,Prius,LE AWD,1263,30155,Accessory package,Accessory Packages,Preferred Accessory Package w/ Carpet Mats,493,,,models/prius_options.md:44
2027,Prius,LE AWD,1263,30155,Accessory package,Accessory Packages,Protection Package #3,514,,,models/prius_options.md:44
2027,Prius,XLE,1225,32200,Base,,Base MSRP,32200,,"Delivery, Processing and Handling Fee $1,295 not included",models/prius_options.md:47
2027,Prius,XLE,1225,32200,Powertrain,Engine,2.0L 4-Cyl. Hybrid Engine,0,,only,models/prius_options.md:48
2027,Prius,XLE,1225,32200,Drivetrain,,Front-Wheel Drive,0,,only,models/prius_options.md:48
2027,Prius,XLE,1225,32200,Powertrain,Transmission,ECVT,0,,only,models/prius_options.md:48
2027,Prius,XLE,1225,32200,Exterior color,,Inked,0,,no price,models/prius_options.md:49
2027,Prius,XLE,1225,32200,Exterior color,,Supersonic Red,475,,*,models/prius_options.md:49
2027,Prius,XLE,1225,32200,Exterior color,,Cutting Edge,0,,no price; default,models/prius_options.md:49
2027,Prius,XLE,1225,32200,Exterior color,,Guardian Gray,0,,no price,models/prius_options.md:49
2027,Prius,XLE,1225,32200,Exterior color,,Reservoir Blue,0,,no price,models/prius_options.md:49
2027,Prius,XLE,1225,32200,Exterior color,,Wind Chill Pearl,475,,*,models/prius_options.md:49
2027,Prius,XLE,1225,32200,Interior,,Light Gray SofTex® trim,0,,no price shown,models/prius_options.md:50
2027,Prius,XLE,1225,32200,Interior,,Black SofTex® trim,0,,no price shown,models/prius_options.md:50
2027,Prius,XLE,1225,32200,Factory option,,Digital Key,275,Digital Key * capability (Remote Connect * subscription required.),,models/prius_options.md:53
2027,Prius,XLE,1225,32200,Factory option,,12.3-in. Toyota Audio Multimedia,735,"12.3-in. Toyota Audio Multimedia touchscreen, with wireless Apple CarPlay® * & Android Auto™ * compatible, SiriusXM® * 3-month trial subscription. Includes 1-year trial of Drive Connect.* See toyota.com/audio-multimedia for details",,models/prius_options.md:54
2027,Prius,XLE,1225,32200,Factory option,,Fixed glass roof,1000,,contents not shown,models/prius_options.md:55
2027,Prius,XLE,1225,32200,Accessory package,Accessory Packages,All-Weather Floor Liner Package,319,,,models/prius_options.md:56
2027,Prius,XLE,1225,32200,Accessory package,Accessory Packages,Carpet Mat Package,319,,,models/prius_options.md:56
2027,Prius,XLE,1225,32200,Accessory package,Accessory Packages,Preferred Accessory Package w/ All-Weather Floor Liners,493,,,models/prius_options.md:56
2027,Prius,XLE,1225,32200,Accessory package,Accessory Packages,Preferred Accessory Package w/ Carpet Mats,493,,,models/prius_options.md:56
2027,Prius,XLE,1225,32200,Accessory package,Accessory Packages,Protection Package #3,514,,,models/prius_options.md:56
2027,Prius,Nightshade,1216,33005,Base,,Base MSRP,33005,,"Delivery, Processing and Handling Fee $1,295 not included",models/prius_options.md:59
2027,Prius,Nightshade,1216,33005,Powertrain,Engine,2.0L 4-Cyl. Hybrid Engine,0,,only,models/prius_options.md:60
2027,Prius,Nightshade,1216,33005,Drivetrain,,Front-Wheel Drive,0,,only,models/prius_options.md:60
2027,Prius,Nightshade,1216,33005,Powertrain,Transmission,ECVT,0,,only,models/prius_options.md:60
2027,Prius,Nightshade,1216,33005,Exterior color,,Karashi,0,,no price,models/prius_options.md:61
2027,Prius,Nightshade,1216,33005,Exterior color,,Inked,0,,no price; default,models/prius_options.md:61
2027,Prius,Nightshade,1216,33005,Exterior color,,Wind Chill Pearl,475,,*,models/prius_options.md:61
2027,Prius,Nightshade,1216,33005,Interior,,Black SofTex®,0,,only interior shown; no price,models/prius_options.md:62
2027,Prius,Nightshade,1216,33005,Factory option,,Digital Key,275,Digital Key * capability (Remote Connect * subscription required.),,models/prius_options.md:65
2027,Prius,Nightshade,1216,33005,Factory option,,12.3-in. Toyota Audio Multimedia,735,same as XLE above (12.3-in. Toyota Audio Multimedia touchscreen...),,models/prius_options.md:66
2027,Prius,Nightshade,1216,33005,Factory option,,Fixed glass roof,1000,,contents not shown,models/prius_options.md:67
2027,Prius,Nightshade,1216,33005,Accessory package,Accessory Packages,All-Weather Floor Liner Package,319,,,models/prius_options.md:68
2027,Prius,Nightshade,1216,33005,Accessory package,Accessory Packages,Carpet Mat Package,319,,,models/prius_options.md:68
2027,Prius,Nightshade,1216,33005,Accessory package,Accessory Packages,Preferred Accessory Package w/ All-Weather Floor Liners,493,,,models/prius_options.md:68
2027,Prius,Nightshade,1216,33005,Accessory package,Accessory Packages,Preferred Accessory Package w/ Carpet Mats,493,,,models/prius_options.md:68
2027,Prius,Nightshade,1216,33005,Accessory package,Accessory Packages,Protection Package #3,514,,,models/prius_options.md:68
2027,Prius,XLE AWD,1265,33600,Base,,Base MSRP,33600,,"Delivery, Processing and Handling Fee $1,295 not included",models/prius_options.md:71
2027,Prius,XLE AWD,1265,33600,Powertrain,Engine,2.0L 4-Cyl. Hybrid Engine,0,,only,models/prius_options.md:72
2027,Prius,XLE AWD,1265,33600,Drivetrain,,All-Wheel Drive,0,,only,models/prius_options.md:72
2027,Prius,XLE AWD,1265,33600,Powertrain,Transmission,ECVT,0,,only,models/prius_options.md:72
2027,Prius,XLE AWD,1265,33600,Exterior color,,Inked,0,,no price,models/prius_options.md:73
2027,Prius,XLE AWD,1265,33600,Exterior color,,Supersonic Red,475,,*,models/prius_options.md:73
2027,Prius,XLE AWD,1265,33600,Exterior color,,Cutting Edge,0,,no price; default,models/prius_options.md:73
2027,Prius,XLE AWD,1265,33600,Exterior color,,Guardian Gray,0,,no price,models/prius_options.md:73
2027,Prius,XLE AWD,1265,33600,Exterior color,,Reservoir Blue,0,,no price,models/prius_options.md:73
2027,Prius,XLE AWD,1265,33600,Exterior color,,Wind Chill Pearl,475,,*,models/prius_options.md:73
2027,Prius,XLE AWD,1265,33600,Interior,,Light Gray SofTex® trim,0,,no price shown,models/prius_options.md:74
2027,Prius,XLE AWD,1265,33600,Interior,,Black SofTex® trim,0,,no price shown,models/prius_options.md:74
2027,Prius,XLE AWD,1265,33600,Factory option,,Digital Key,275,,contents as on XLE,models/prius_options.md:76
2027,Prius,XLE AWD,1265,33600,Factory option,,12.3-in. Toyota Audio Multimedia,735,,contents as on XLE,models/prius_options.md:76
2027,Prius,XLE AWD,1265,33600,Factory option,,Fixed glass roof,1000,,contents not shown,models/prius_options.md:76
2027,Prius,XLE AWD,1265,33600,Accessory package,Accessory Packages,All-Weather Floor Liner Package,319,,,models/prius_options.md:77
2027,Prius,XLE AWD,1265,33600,Accessory package,Accessory Packages,Carpet Mat Package,319,,,models/prius_options.md:77
2027,Prius,XLE AWD,1265,33600,Accessory package,Accessory Packages,Preferred Accessory Package w/ All-Weather Floor Liners,493,,,models/prius_options.md:77
2027,Prius,XLE AWD,1265,33600,Accessory package,Accessory Packages,Preferred Accessory Package w/ Carpet Mats,493,,,models/prius_options.md:77
2027,Prius,XLE AWD,1265,33600,Accessory package,Accessory Packages,Protection Package #3,514,,,models/prius_options.md:77
2027,Prius,Nightshade AWD,1266,34405,Base,,Base MSRP,34405,,"Delivery, Processing and Handling Fee $1,295 not included",models/prius_options.md:80
2027,Prius,Nightshade AWD,1266,34405,Powertrain,Engine,2.0L 4-Cyl. Hybrid Engine,0,,only,models/prius_options.md:81
2027,Prius,Nightshade AWD,1266,34405,Drivetrain,,All-Wheel Drive,0,,only,models/prius_options.md:81
2027,Prius,Nightshade AWD,1266,34405,Powertrain,Transmission,ECVT,0,,only,models/prius_options.md:81
2027,Prius,Nightshade AWD,1266,34405,Exterior color,,Karashi,0,,no price,models/prius_options.md:82
2027,Prius,Nightshade AWD,1266,34405,Exterior color,,Inked,0,,no price; default,models/prius_options.md:82
2027,Prius,Nightshade AWD,1266,34405,Exterior color,,Wind Chill Pearl,475,,*,models/prius_options.md:82
2027,Prius,Nightshade AWD,1266,34405,Interior,,Black SofTex®,0,,no price shown,models/prius_options.md:83
2027,Prius,Nightshade AWD,1266,34405,Factory option,,Digital Key,275,,contents as on Nightshade,models/prius_options.md:85
2027,Prius,Nightshade AWD,1266,34405,Factory option,,12.3-in. Toyota Audio Multimedia,735,,contents as on Nightshade,models/prius_options.md:85
2027,Prius,Nightshade AWD,1266,34405,Factory option,,Fixed glass roof,1000,,contents not shown,models/prius_options.md:85
2027,Prius,Nightshade AWD,1266,34405,Accessory package,Accessory Packages,All-Weather Floor Liner Package,319,,,models/prius_options.md:86
2027,Prius,Nightshade AWD,1266,34405,Accessory package,Accessory Packages,Carpet Mat Package,319,,,models/prius_options.md:86
2027,Prius,Nightshade AWD,1266,34405,Accessory package,Accessory Packages,Preferred Accessory Package w/ All-Weather Floor Liners,493,,,models/prius_options.md:86
2027,Prius,Nightshade AWD,1266,34405,Accessory package,Accessory Packages,Preferred Accessory Package w/ Carpet Mats,493,,,models/prius_options.md:86
2027,Prius,Nightshade AWD,1266,34405,Accessory package,Accessory Packages,Protection Package #3,514,,,models/prius_options.md:86
2027,Prius,Limited,1227,35770,Base,,Base MSRP,35770,,"Delivery, Processing and Handling Fee $1,295 not included",models/prius_options.md:89
2027,Prius,Limited,1227,35770,Powertrain,Engine,2.0L 4-Cyl. Hybrid Engine,0,,only,models/prius_options.md:90
2027,Prius,Limited,1227,35770,Drivetrain,,Front-Wheel Drive,0,,only,models/prius_options.md:90
2027,Prius,Limited,1227,35770,Powertrain,Transmission,ECVT,0,,only,models/prius_options.md:90
2027,Prius,Limited,1227,35770,Exterior color,,Inked,0,,no price,models/prius_options.md:91
2027,Prius,Limited,1227,35770,Exterior color,,Supersonic Red,475,,*,models/prius_options.md:91
2027,Prius,Limited,1227,35770,Exterior color,,Cutting Edge,0,,no price,models/prius_options.md:91
2027,Prius,Limited,1227,35770,Exterior color,,Guardian Gray,0,,no price,models/prius_options.md:91
2027,Prius,Limited,1227,35770,Exterior color,,Reservoir Blue,0,,no price; default,models/prius_options.md:91
2027,Prius,Limited,1227,35770,Exterior color,,Wind Chill Pearl,475,,*,models/prius_options.md:91
2027,Prius,Limited,1227,35770,Interior,,Light Gray SofTex® trim,0,,no price shown,models/prius_options.md:92
2027,Prius,Limited,1227,35770,Interior,,Black SofTex® trim,0,,no price shown,models/prius_options.md:92
2027,Prius,Limited,1227,35770,Factory package,,Limited Premium Package,1085,Advanced Park *; Panoramic View Monitor (PVM) *,Additional change(s) required,models/prius_options.md:94
2027,Prius,Limited,1227,35770,Factory option,,Digital rearview mirror,200,,contents not shown,models/prius_options.md:96
2027,Prius,Limited,1227,35770,Factory option,,Heated rear seats,350,,contents not shown,models/prius_options.md:97
2027,Prius,Limited,1227,35770,Accessory package,Accessory Packages,All-Weather Floor Liner Package,319,,,models/prius_options.md:98
2027,Prius,Limited,1227,35770,Accessory package,Accessory Packages,Carpet Mat Package,319,,,models/prius_options.md:98
2027,Prius,Limited,1227,35770,Accessory package,Accessory Packages,Preferred Accessory Package w/ All-Weather Floor Liners,493,,,models/prius_options.md:98
2027,Prius,Limited,1227,35770,Accessory package,Accessory Packages,Preferred Accessory Package w/ Carpet Mats,493,,,models/prius_options.md:98
2027,Prius,Limited,1227,35770,Accessory package,Accessory Packages,Protection Package #3,514,,,models/prius_options.md:98
2027,Prius,Limited AWD,1268,37170,Base,,Base MSRP,37170,,"Delivery, Processing and Handling Fee $1,295 not included",models/prius_options.md:101
2027,Prius,Limited AWD,1268,37170,Powertrain,Engine,2.0L 4-Cyl. Hybrid Engine,0,,only,models/prius_options.md:102
2027,Prius,Limited AWD,1268,37170,Drivetrain,,All-Wheel Drive,0,,only,models/prius_options.md:102
2027,Prius,Limited AWD,1268,37170,Powertrain,Transmission,ECVT,0,,only,models/prius_options.md:102
2027,Prius,Limited AWD,1268,37170,Exterior color,,Inked,0,,same list as Limited,models/prius_options.md:103
2027,Prius,Limited AWD,1268,37170,Exterior color,,Supersonic Red,475,,same list as Limited,models/prius_options.md:103
2027,Prius,Limited AWD,1268,37170,Exterior color,,Cutting Edge,0,,same list as Limited,models/prius_options.md:103
2027,Prius,Limited AWD,1268,37170,Exterior color,,Guardian Gray,0,,same list as Limited,models/prius_options.md:103
2027,Prius,Limited AWD,1268,37170,Exterior color,,Reservoir Blue,0,,default; same list as Limited,models/prius_options.md:103
2027,Prius,Limited AWD,1268,37170,Exterior color,,Wind Chill Pearl,475,,same list as Limited,models/prius_options.md:103
2027,Prius,Limited AWD,1268,37170,Interior,,Light Gray SofTex® trim,0,,no price shown,models/prius_options.md:104
2027,Prius,Limited AWD,1268,37170,Interior,,Black SofTex® trim,0,,no price shown,models/prius_options.md:104
2027,Prius,Limited AWD,1268,37170,Factory package,,Limited Premium Package,1085,Advanced Park *; Panoramic View Monitor (PVM) *,Additional change(s) required,models/prius_options.md:106
2027,Prius,Limited AWD,1268,37170,Factory option,,Digital rearview mirror,200,,contents not shown,models/prius_options.md:107
2027,Prius,Limited AWD,1268,37170,Factory option,,Heated rear seats,350,,contents not shown,models/prius_options.md:107
2027,Prius,Limited AWD,1268,37170,Accessory package,Accessory Packages,All-Weather Floor Liner Package,319,,,models/prius_options.md:108
2027,Prius,Limited AWD,1268,37170,Accessory package,Accessory Packages,Carpet Mat Package,319,,,models/prius_options.md:108
2027,Prius,Limited AWD,1268,37170,Accessory package,Accessory Packages,Preferred Accessory Package w/ All-Weather Floor Liners,493,,,models/prius_options.md:108
2027,Prius,Limited AWD,1268,37170,Accessory package,Accessory Packages,Preferred Accessory Package w/ Carpet Mats,493,,,models/prius_options.md:108
2027,Prius,Limited AWD,1268,37170,Accessory package,Accessory Packages,Protection Package #3,514,,,models/prius_options.md:108
2027,Prius Plug-in Hybrid,SE,1235,33980,Base,,Base MSRP,33980,,"Delivery, Processing and Handling Fee $1,295 not included",models/prius_plugin_options.md:23
2027,Prius Plug-in Hybrid,SE,1235,33980,Powertrain,Engine,2.0L 4-Cyl. Plug-in Hybrid,0,,only,models/prius_plugin_options.md:24
2027,Prius Plug-in Hybrid,SE,1235,33980,Drivetrain,,Front-Wheel Drive,0,,only,models/prius_plugin_options.md:24
2027,Prius Plug-in Hybrid,SE,1235,33980,Powertrain,Transmission,ECVT,0,,only,models/prius_plugin_options.md:24
2027,Prius Plug-in Hybrid,SE,1235,33980,Exterior color,,Guardian Gray,0,,no price,models/prius_plugin_options.md:25
2027,Prius Plug-in Hybrid,SE,1235,33980,Exterior color,,Supersonic Red,475,,*,models/prius_plugin_options.md:25
2027,Prius Plug-in Hybrid,SE,1235,33980,Exterior color,,Cutting Edge,0,,no price,models/prius_plugin_options.md:25
2027,Prius Plug-in Hybrid,SE,1235,33980,Exterior color,,Wind Chill Pearl,475,,*; default,models/prius_plugin_options.md:25
2027,Prius Plug-in Hybrid,SE,1235,33980,Exterior color,,Inked,0,,no price,models/prius_plugin_options.md:25
2027,Prius Plug-in Hybrid,SE,1235,33980,Exterior color,,Reservoir Blue,0,,no price,models/prius_plugin_options.md:25
2027,Prius Plug-in Hybrid,SE,1235,33980,Interior,,Black and Red Fabric,0,,no price shown,models/prius_plugin_options.md:26
2027,Prius Plug-in Hybrid,SE,1235,33980,Factory option,,Front and Rear Parking Assist with Automatic Braking,35,Front and Rear Parking Assist with Automatic Braking (PA w/AB) *,,models/prius_plugin_options.md:29
2027,Prius Plug-in Hybrid,SE,1235,33980,Accessory package,Accessory Packages,All-Weather Floor Liner Package,319,,,models/prius_plugin_options.md:30
2027,Prius Plug-in Hybrid,SE,1235,33980,Accessory package,Accessory Packages,Carpet Mat Package,319,,,models/prius_plugin_options.md:30
2027,Prius Plug-in Hybrid,SE,1235,33980,Accessory package,Accessory Packages,Preferred Accessory Package w/ All-Weather Floor Liners,493,,,models/prius_plugin_options.md:30
2027,Prius Plug-in Hybrid,SE,1235,33980,Accessory package,Accessory Packages,Preferred Accessory Package w/ Carpet Floor Mats,493,,,models/prius_plugin_options.md:30
2027,Prius Plug-in Hybrid,SE,1235,33980,Accessory package,Accessory Packages,Protection Package #3,514,,,models/prius_plugin_options.md:30
2027,Prius Plug-in Hybrid,XSE,1237,37230,Base,,Base MSRP,37230,,"Delivery, Processing and Handling Fee $1,295 not included",models/prius_plugin_options.md:33
2027,Prius Plug-in Hybrid,XSE,1237,37230,Powertrain,Engine,2.0L 4-Cyl. Plug-in Hybrid,0,,only,models/prius_plugin_options.md:34
2027,Prius Plug-in Hybrid,XSE,1237,37230,Drivetrain,,Front-Wheel Drive,0,,only,models/prius_plugin_options.md:34
2027,Prius Plug-in Hybrid,XSE,1237,37230,Powertrain,Transmission,ECVT,0,,only,models/prius_plugin_options.md:34
2027,Prius Plug-in Hybrid,XSE,1237,37230,Exterior color,,Guardian Gray,0,,no price,models/prius_plugin_options.md:35
2027,Prius Plug-in Hybrid,XSE,1237,37230,Exterior color,,Supersonic Red,475,,*; default,models/prius_plugin_options.md:35
2027,Prius Plug-in Hybrid,XSE,1237,37230,Exterior color,,Cutting Edge,0,,no price,models/prius_plugin_options.md:35
2027,Prius Plug-in Hybrid,XSE,1237,37230,Exterior color,,Wind Chill Pearl,475,,*,models/prius_plugin_options.md:35
2027,Prius Plug-in Hybrid,XSE,1237,37230,Exterior color,,Inked,0,,no price,models/prius_plugin_options.md:35
2027,Prius Plug-in Hybrid,XSE,1237,37230,Exterior color,,Reservoir Blue,0,,no price,models/prius_plugin_options.md:35
2027,Prius Plug-in Hybrid,XSE,1237,37230,Interior,,Black and Red SofTex® trim,0,,no price shown,models/prius_plugin_options.md:36
2027,Prius Plug-in Hybrid,XSE,1237,37230,Factory option,,Digital Key,275,Digital Key * capability (Remote Connect * subscription required.),,models/prius_plugin_options.md:39
2027,Prius Plug-in Hybrid,XSE,1237,37230,Factory option,,12.3-in. Toyota Audio Multimedia,610,"12.3-in. Toyota Audio Multimedia touchscreen, SiriusXM® * 3-month trial subscription. Includes 1-year trial of Drive Connect. * See toyota.com/audio-multimedia for details",,models/prius_plugin_options.md:40
2027,Prius Plug-in Hybrid,XSE,1237,37230,Factory option,,Fixed glass roof,1000,,contents not shown,models/prius_plugin_options.md:41
2027,Prius Plug-in Hybrid,XSE,1237,37230,Accessory package,Accessory Packages,All-Weather Floor Liner Package,319,,,models/prius_plugin_options.md:42
2027,Prius Plug-in Hybrid,XSE,1237,37230,Accessory package,Accessory Packages,Carpet Mat Package,319,,,models/prius_plugin_options.md:42
2027,Prius Plug-in Hybrid,XSE,1237,37230,Accessory package,Accessory Packages,Preferred Accessory Package w/ All-Weather Floor Liners,493,,,models/prius_plugin_options.md:42
2027,Prius Plug-in Hybrid,XSE,1237,37230,Accessory package,Accessory Packages,Preferred Accessory Package w/ Carpet Floor Mats,493,,,models/prius_plugin_options.md:42
2027,Prius Plug-in Hybrid,XSE,1237,37230,Accessory package,Accessory Packages,Protection Package #3,514,,,models/prius_plugin_options.md:42
2027,Prius Plug-in Hybrid,Nightshade,1233,38000,Base,,Base MSRP,38000,,"Delivery, Processing and Handling Fee $1,295 not included",models/prius_plugin_options.md:45
2027,Prius Plug-in Hybrid,Nightshade,1233,38000,Powertrain,Engine,2.0L 4-Cyl.,0,,"as displayed on this trim; no ""Plug-in Hybrid"" wording shown",models/prius_plugin_options.md:46
2027,Prius Plug-in Hybrid,Nightshade,1233,38000,Drivetrain,,Front-Wheel Drive,0,,only,models/prius_plugin_options.md:46
2027,Prius Plug-in Hybrid,Nightshade,1233,38000,Powertrain,Transmission,ECVT,0,,only,models/prius_plugin_options.md:46
2027,Prius Plug-in Hybrid,Nightshade,1233,38000,Exterior color,,Wind Chill Pearl,475,,*,models/prius_plugin_options.md:47
2027,Prius Plug-in Hybrid,Nightshade,1233,38000,Exterior color,,Karashi,0,,no price,models/prius_plugin_options.md:47
2027,Prius Plug-in Hybrid,Nightshade,1233,38000,Exterior color,,Inked,0,,no price; default,models/prius_plugin_options.md:47
2027,Prius Plug-in Hybrid,Nightshade,1233,38000,Interior,,Black SofTex® trim,0,,no price shown,models/prius_plugin_options.md:48
2027,Prius Plug-in Hybrid,Nightshade,1233,38000,Factory option,,Digital Key,275,Digital Key * capability (Remote Connect * subscription required.),,models/prius_plugin_options.md:51
2027,Prius Plug-in Hybrid,Nightshade,1233,38000,Factory option,,12.3-in. Toyota Audio Multimedia,610,"12.3-in. Toyota Audio Multimedia touchscreen, SiriusXM® * 3-month trial subscription. Includes 1-year trial of Drive Connect. * See toyota.com/audio-multimedia for details",,models/prius_plugin_options.md:52
2027,Prius Plug-in Hybrid,Nightshade,1233,38000,Factory option,,Fixed glass roof,1000,,contents not shown,models/prius_plugin_options.md:53
2027,Prius Plug-in Hybrid,Nightshade,1233,38000,Accessory package,Accessory Packages,All-Weather Floor Liner Package,319,,,models/prius_plugin_options.md:54
2027,Prius Plug-in Hybrid,Nightshade,1233,38000,Accessory package,Accessory Packages,Carpet Mat Package,319,,,models/prius_plugin_options.md:54
2027,Prius Plug-in Hybrid,Nightshade,1233,38000,Accessory package,Accessory Packages,Preferred Accessory Package w/ All-Weather Floor Liners,493,,,models/prius_plugin_options.md:54
2027,Prius Plug-in Hybrid,Nightshade,1233,38000,Accessory package,Accessory Packages,Preferred Accessory Package w/ Carpet Floor Mats,493,,,models/prius_plugin_options.md:54
2027,Prius Plug-in Hybrid,Nightshade,1233,38000,Accessory package,Accessory Packages,Protection Package #3,514,,,models/prius_plugin_options.md:54
2027,Prius Plug-in Hybrid,XSE Premium,1239,40675,Base,,Base MSRP,40675,,"Delivery, Processing and Handling Fee $1,295 not included",models/prius_plugin_options.md:57
2027,Prius Plug-in Hybrid,XSE Premium,1239,40675,Powertrain,Engine,2.0L 4-Cyl. Plug-in Hybrid,0,,only,models/prius_plugin_options.md:58
2027,Prius Plug-in Hybrid,XSE Premium,1239,40675,Drivetrain,,Front-Wheel Drive,0,,only,models/prius_plugin_options.md:58
2027,Prius Plug-in Hybrid,XSE Premium,1239,40675,Powertrain,Transmission,ECVT,0,,only,models/prius_plugin_options.md:58
2027,Prius Plug-in Hybrid,XSE Premium,1239,40675,Exterior color,,Guardian Gray,0,,no price; default,models/prius_plugin_options.md:59
2027,Prius Plug-in Hybrid,XSE Premium,1239,40675,Exterior color,,Supersonic Red,475,,*,models/prius_plugin_options.md:59
2027,Prius Plug-in Hybrid,XSE Premium,1239,40675,Exterior color,,Cutting Edge,0,,no price,models/prius_plugin_options.md:59
2027,Prius Plug-in Hybrid,XSE Premium,1239,40675,Exterior color,,Wind Chill Pearl,475,,*,models/prius_plugin_options.md:59
2027,Prius Plug-in Hybrid,XSE Premium,1239,40675,Exterior color,,Inked,0,,no price,models/prius_plugin_options.md:59
2027,Prius Plug-in Hybrid,XSE Premium,1239,40675,Exterior color,,Reservoir Blue,0,,no price,models/prius_plugin_options.md:59
2027,Prius Plug-in Hybrid,XSE Premium,1239,40675,Interior,,Black and Red SofTex® trim,0,,no price shown,models/prius_plugin_options.md:60
2027,Prius Plug-in Hybrid,XSE Premium,1239,40675,Factory package,,Advanced Technology Package,1085,Advanced Park *; Panoramic View Monitor (PVM) *,Additional change(s) required,models/prius_plugin_options.md:62
2027,Prius Plug-in Hybrid,XSE Premium,1239,40675,Factory option,,Digital rearview mirror,200,,contents not shown,models/prius_plugin_options.md:64
2027,Prius Plug-in Hybrid,XSE Premium,1239,40675,Factory option,,Solar charging roof,610,,contents not shown,models/prius_plugin_options.md:65
2027,Prius Plug-in Hybrid,XSE Premium,1239,40675,Factory option,,Heated rear seats,350,,contents not shown,models/prius_plugin_options.md:66
2027,Prius Plug-in Hybrid,XSE Premium,1239,40675,Accessory package,Accessory Packages,All-Weather Floor Liner Package,319,,,models/prius_plugin_options.md:67
2027,Prius Plug-in Hybrid,XSE Premium,1239,40675,Accessory package,Accessory Packages,Carpet Mat Package,319,,,models/prius_plugin_options.md:67
2027,Prius Plug-in Hybrid,XSE Premium,1239,40675,Accessory package,Accessory Packages,Preferred Accessory Package w/ All-Weather Floor Liners,493,,,models/prius_plugin_options.md:67
2027,Prius Plug-in Hybrid,XSE Premium,1239,40675,Accessory package,Accessory Packages,Preferred Accessory Package w/ Carpet Floor Mats,493,,,models/prius_plugin_options.md:67
2027,Prius Plug-in Hybrid,XSE Premium,1239,40675,Accessory package,Accessory Packages,Protection Package #3,514,,,models/prius_plugin_options.md:67
2026,GR Corolla,GR Corolla,6281,40520,Base,,Base MSRP,40520,,"Delivery, Processing and Handling Fee $1,295 not included",models/gr_corolla_options.md:22
2026,GR Corolla,GR Corolla,6281,40520,Powertrain,Engine,1.6L 3-Cyl. Turbo Engine,0,,only,models/gr_corolla_options.md:23
2026,GR Corolla,GR Corolla,6281,40520,Drivetrain,,All-Wheel Drive,0,,only,models/gr_corolla_options.md:23
2026,GR Corolla,GR Corolla,6281,40520,Powertrain,Transmission,6-Speed intelligent Manual Transmission (iMT) with rev-matching,0,,"default, no price",models/gr_corolla_options.md:23
2026,GR Corolla,GR Corolla,6281,40520,Powertrain,Transmission,8-Speed GAZOO Racing Direct Automatic Transmission (DAT) with Paddle Shifters,2000,,,models/gr_corolla_options.md:23
2026,GR Corolla,GR Corolla,6281,40520,Exterior color,,Supersonic Red,475,,*,models/gr_corolla_options.md:24
2026,GR Corolla,GR Corolla,6281,40520,Exterior color,,Heavy Metal,475,,*; default,models/gr_corolla_options.md:24
2026,GR Corolla,GR Corolla,6281,40520,Exterior color,,Ice Cap,0,,no price,models/gr_corolla_options.md:24
2026,GR Corolla,GR Corolla,6281,40520,Exterior color,,Black,0,,no price,models/gr_corolla_options.md:24
2026,GR Corolla,GR Corolla,6281,40520,Interior,,Black BRIN•NAUB® * and synthetic leather trim with Gray stitching,0,,no price shown,models/gr_corolla_options.md:25
2026,GR Corolla,GR Corolla,6281,40520,Accessory package,Accessory Packages,All-Weather Floor Liner Package,299,,,models/gr_corolla_options.md:29
2026,GR Corolla,GR Corolla,6281,40520,Accessory package,Accessory Packages,Carpet Floor Mat Package,299,,,models/gr_corolla_options.md:30
2026,GR Corolla,GR Corolla,6281,40520,Accessory package,Accessory Packages,GR Shift Knob & Door Sill Protector Styling Package,314,,,models/gr_corolla_options.md:31
2026,GR Corolla,GR Corolla,6281,40520,Accessory package,Accessory Packages,Preferred Accessory Package w/ All-Weather Floor Liners,329,,,models/gr_corolla_options.md:32
2026,GR Corolla,GR Corolla,6281,40520,Accessory package,Accessory Packages,Preferred Accessory Package w/ Carpet Mats,329,,,models/gr_corolla_options.md:33
2026,GR Corolla,GR Corolla Premium Plus,6287,46565,Base,,Base MSRP,46565,,"Delivery, Processing and Handling Fee $1,295 not included",models/gr_corolla_options.md:36
2026,GR Corolla,GR Corolla Premium Plus,6287,46565,Powertrain,Engine,1.6L 3-Cyl. Turbo Engine,0,,only,models/gr_corolla_options.md:37
2026,GR Corolla,GR Corolla Premium Plus,6287,46565,Drivetrain,,All-Wheel Drive,0,,only,models/gr_corolla_options.md:37
2026,GR Corolla,GR Corolla Premium Plus,6287,46565,Powertrain,Transmission,6-Speed iMT with rev-matching,0,,"default, no price",models/gr_corolla_options.md:37
2026,GR Corolla,GR Corolla Premium Plus,6287,46565,Powertrain,Transmission,8-Speed GAZOO Racing Direct Automatic Transmission (DAT) with Paddle Shifters,2000,,,models/gr_corolla_options.md:37
2026,GR Corolla,GR Corolla Premium Plus,6287,46565,Exterior color,,Supersonic Red,475,,*; default,models/gr_corolla_options.md:38
2026,GR Corolla,GR Corolla Premium Plus,6287,46565,Exterior color,,Heavy Metal,475,,*,models/gr_corolla_options.md:38
2026,GR Corolla,GR Corolla Premium Plus,6287,46565,Exterior color,,Ice Cap,0,,no price,models/gr_corolla_options.md:38
2026,GR Corolla,GR Corolla Premium Plus,6287,46565,Exterior color,,Black,0,,no price,models/gr_corolla_options.md:38
2026,GR Corolla,GR Corolla Premium Plus,6287,46565,Interior,,Black BRIN•NAUB® * and synthetic leather trim with red stitching,0,,no price shown,models/gr_corolla_options.md:39
2026,GR Corolla,GR Corolla Premium Plus,6287,46565,Accessory package,Accessory Packages,All-Weather Floor Liner Package,299,,,models/gr_corolla_options.md:43
2026,GR Corolla,GR Corolla Premium Plus,6287,46565,Accessory package,Accessory Packages,Carpet Floor Mat Package,299,,,models/gr_corolla_options.md:44
2026,GR Corolla,GR Corolla Premium Plus,6287,46565,Accessory package,Accessory Packages,GR Shift Knob & Door Sill Protector Styling Package,314,,,models/gr_corolla_options.md:45
2026,GR Corolla,GR Corolla Premium Plus,6287,46565,Accessory package,Accessory Packages,Preferred Accessory Package w/ All-Weather Floor Liners,329,,,models/gr_corolla_options.md:46
2026,GR Corolla,GR Corolla Premium Plus,6287,46565,Accessory package,Accessory Packages,Preferred Accessory Package w/ Carpet Mats,329,,,models/gr_corolla_options.md:47
2026,GR Corolla,GR Corolla GRMN,6285,64360,Base,,Base MSRP,64360,,"Delivery, Processing and Handling Fee $1,295 not included",models/gr_corolla_options.md:50
2026,GR Corolla,GR Corolla GRMN,6285,64360,Powertrain,Engine,1.6L 3-Cyl. Turbo Engine,0,,only,models/gr_corolla_options.md:51
2026,GR Corolla,GR Corolla GRMN,6285,64360,Drivetrain,,All-Wheel Drive,0,,only,models/gr_corolla_options.md:51
2026,GR Corolla,GR Corolla GRMN,6285,64360,Powertrain,Transmission,6-Speed intelligent Manual Transmission (iMT) with rev-matching,0,,only shown on this trim; no DAT option listed,models/gr_corolla_options.md:51
2026,GR Corolla,GR Corolla GRMN,6285,64360,Exterior color,,Zero Gravity,1645,,*,models/gr_corolla_options.md:52
2026,GR Corolla,GR Corolla GRMN,6285,64360,Exterior color,,Gravel,0,,no price; default,models/gr_corolla_options.md:52
2026,GR Corolla,GR Corolla GRMN,6285,64360,Interior,,Black BRIN•NAUB® * and synthetic leather trim with red stitching,0,,no price shown,models/gr_corolla_options.md:53
2027,GR86,GR86,6253,31500,Base,,Base MSRP,31500,,"Delivery, Processing and Handling Fee $1,295 not included",models/gr86_options.md:22
2027,GR86,GR86,6253,31500,Powertrain,Engine,2.4L 4-Cyl. Engine,0,,only,models/gr86_options.md:23
2027,GR86,GR86,6253,31500,Drivetrain,,Rear-Wheel Drive,0,,only,models/gr86_options.md:23
2027,GR86,GR86,6253,31500,Powertrain,Transmission,6-Speed Manual Transmission,0,,"default, no price",models/gr86_options.md:23
2027,GR86,GR86,6253,31500,Powertrain,Transmission,6-Speed Electronically Controlled automatic Transmission (ECT) with paddle shifters,1000,,,models/gr86_options.md:23
2027,GR86,GR86,6253,31500,Exterior color,,Raven,0,,no price,models/gr86_options.md:24
2027,GR86,GR86,6253,31500,Exterior color,,Pavement,0,,no price,models/gr86_options.md:24
2027,GR86,GR86,6253,31500,Exterior color,,Thunder,0,,no price,models/gr86_options.md:24
2027,GR86,GR86,6253,31500,Exterior color,,Steel,0,,no price,models/gr86_options.md:24
2027,GR86,GR86,6253,31500,Exterior color,,Halo,475,,*,models/gr86_options.md:24
2027,GR86,GR86,6253,31500,Exterior color,,Trueno Blue,0,,no price,models/gr86_options.md:24
2027,GR86,GR86,6253,31500,Exterior color,,Track bRED,475,,*; default,models/gr86_options.md:24
2027,GR86,GR86,6253,31500,Interior,,Black fabric,0,,no price shown,models/gr86_options.md:25
2027,GR86,GR86,6253,31500,Factory package,,Performance Package,2020,Brembo® * brakes; SACHS® * dampers; 18-in. matte-black-painted alloy wheels *,,models/gr86_options.md:27
2027,GR86,GR86,6253,31500,Accessory package,Accessory Packages,"17"" Bronze Wheel Package",1995,,price shown as $1995 on the card,models/gr86_options.md:30
2027,GR86,GR86,6253,31500,Accessory package,Accessory Packages,All-Weather Mat Package,309,,,models/gr86_options.md:31
2027,GR86,GR86,6253,31500,Accessory package,Accessory Packages,Black Lug Nuts and Wheel Locks Package,345,,,models/gr86_options.md:32
2027,GR86,GR86,6253,31500,Accessory package,Accessory Packages,Carpet Mat Package,309,,,models/gr86_options.md:33
2027,GR86,GR86,6253,31500,Accessory package,Accessory Packages,GR Appearance Package #1,693,,,models/gr86_options.md:34
2027,GR86,GR86,6253,31500,Accessory package,Accessory Packages,Preferred Accessory Package #1,473,,,models/gr86_options.md:35
2027,GR86,GR86,6253,31500,Accessory package,Accessory Packages,Preferred Accessory Package #2,473,,,models/gr86_options.md:36
2027,GR86,GR86 Premium,6255,34400,Base,,Base MSRP,34400,,"Delivery, Processing and Handling Fee $1,295 not included",models/gr86_options.md:39
2027,GR86,GR86 Premium,6255,34400,Powertrain,Engine,2.4L 4-Cyl. Engine,0,,only,models/gr86_options.md:40
2027,GR86,GR86 Premium,6255,34400,Drivetrain,,Rear-Wheel Drive,0,,only,models/gr86_options.md:40
2027,GR86,GR86 Premium,6255,34400,Powertrain,Transmission,6-Speed Manual Transmission,0,,"default, no price",models/gr86_options.md:40
2027,GR86,GR86 Premium,6255,34400,Powertrain,Transmission,6-Speed Electronically Controlled automatic Transmission (ECT) with paddle shifters,800,,,models/gr86_options.md:40
2027,GR86,GR86 Premium,6255,34400,Exterior color,,Raven,0,,no price,models/gr86_options.md:41
2027,GR86,GR86 Premium,6255,34400,Exterior color,,Pavement,0,,no price,models/gr86_options.md:41
2027,GR86,GR86 Premium,6255,34400,Exterior color,,Thunder,0,,no price; default,models/gr86_options.md:41
2027,GR86,GR86 Premium,6255,34400,Exterior color,,Steel,0,,no price,models/gr86_options.md:41
2027,GR86,GR86 Premium,6255,34400,Exterior color,,Halo,475,,*,models/gr86_options.md:41
2027,GR86,GR86 Premium,6255,34400,Exterior color,,Trueno Blue,0,,no price,models/gr86_options.md:41
2027,GR86,GR86 Premium,6255,34400,Exterior color,,Track bRED,475,,*,models/gr86_options.md:41
2027,GR86,GR86 Premium,6255,34400,Interior,,Black Ultrasuede® * with Red leather trim and Red stitching,0,,default; no price shown,models/gr86_options.md:42
2027,GR86,GR86 Premium,6255,34400,Interior,,Black Ultrasuede®* with leather trim,0,,no price shown,models/gr86_options.md:42
2027,GR86,GR86 Premium,6255,34400,Factory package,,GR Aero Kit,2700,Front splitter; Side skirts; Rear diffuser,,models/gr86_options.md:44
2027,GR86,GR86 Premium,6255,34400,Factory package,,Performance Package,1500,Brembo® * brakes; SACHS® * dampers,,models/gr86_options.md:45
2027,GR86,GR86 Premium,6255,34400,Accessory package,Accessory Packages,All-Weather Mat Package,309,,,models/gr86_options.md:48
2027,GR86,GR86 Premium,6255,34400,Accessory package,Accessory Packages,Black Lug Nuts and Wheel Locks Package,345,,,models/gr86_options.md:49
2027,GR86,GR86 Premium,6255,34400,Accessory package,Accessory Packages,Carpet Mat Package,309,,,models/gr86_options.md:50
2027,GR86,GR86 Premium,6255,34400,Accessory package,Accessory Packages,GR Appearance Package #1,693,,,models/gr86_options.md:51
2027,GR86,GR86 Premium,6255,34400,Accessory package,Accessory Packages,GR Wheel Package,2330,,price shown as $2330 on the card,models/gr86_options.md:52
2027,GR86,GR86 Premium,6255,34400,Accessory package,Accessory Packages,Preferred Accessory Package #1,473,,,models/gr86_options.md:53
2027,GR86,GR86 Premium,6255,34400,Accessory package,Accessory Packages,Preferred Accessory Package #2,473,,,models/gr86_options.md:54
2026,GR Supra,GR Supra 3.0,2372,58300,Base,,Base MSRP,58300,,"Delivery, Processing and Handling Fee $1,295 not included",models/gr_supra_options.md:22
2026,GR Supra,GR Supra 3.0,2372,58300,Powertrain,Engine,3.0L Inline 6-Cyl. Turbo Engine,0,,only,models/gr_supra_options.md:23
2026,GR Supra,GR Supra 3.0,2372,58300,Drivetrain,,Rear-Wheel Drive,0,,only,models/gr_supra_options.md:23
2026,GR Supra,GR Supra 3.0,2372,58300,Powertrain,Transmission,8-Speed Automatic Transmission with paddle shifters,0,,default; no price shown,models/gr_supra_options.md:23
2026,GR Supra,GR Supra 3.0,2372,58300,Powertrain,Transmission,6-Speed intelligent Manual Transmission (iMT),0,,no price shown,models/gr_supra_options.md:23
2026,GR Supra,GR Supra 3.0,2372,58300,Exterior color,,Stratosphere,475,,*,models/gr_supra_options.md:24
2026,GR Supra,GR Supra 3.0,2372,58300,Exterior color,,Absolute Zero,0,,no price; default,models/gr_supra_options.md:24
2026,GR Supra,GR Supra 3.0,2372,58300,Exterior color,,Nocturnal,0,,no price,models/gr_supra_options.md:24
2026,GR Supra,GR Supra 3.0,2372,58300,Exterior color,,Renaissance Red 2.0,0,,no price,models/gr_supra_options.md:24
2026,GR Supra,GR Supra 3.0,2372,58300,Interior,,Black Alcantara®*/leather trim,0,,no price shown,models/gr_supra_options.md:25
2026,GR Supra,GR Supra 3.0,2372,58300,Factory package,,Safety & Technology Package Plus JBL® (For AT only),3155,"Full-Speed Dynamic Radar Cruise Control *; Blind Spot Monitor (BSM) *; Rear Cross-Traffic Alert (RCTA) *; Parking Sensors * with emergency braking function. Technology included: 8.8-in. touchscreen display with navigation *; 12-speaker 500W JBL® * Audio system with amplifier; Touchpad rotary control; Wireless Apple CarPlay® * compatible (iOS only); Speed Limit Information *; Supra Connected Services * with trial; includes: Remote Services *; Remote Maintenance,*; Automatic Emergency Calling *; Real-Time Traffic Information *; Stolen Vehicle Recovery *; Map Updates *",,models/gr_supra_options.md:27
2026,GR Supra,GR Supra 3.0 Premium,2374,61450,Base,,Base MSRP,61450,,"Delivery, Processing and Handling Fee $1,295 not included",models/gr_supra_options.md:32
2026,GR Supra,GR Supra 3.0 Premium,2374,61450,Powertrain,Engine,3.0L Inline 6-Cyl. Turbo Engine,0,,only,models/gr_supra_options.md:33
2026,GR Supra,GR Supra 3.0 Premium,2374,61450,Drivetrain,,Rear-Wheel Drive,0,,only,models/gr_supra_options.md:33
2026,GR Supra,GR Supra 3.0 Premium,2374,61450,Powertrain,Transmission,8-Speed Automatic Transmission with paddle shifters,0,,default; no price shown,models/gr_supra_options.md:33
2026,GR Supra,GR Supra 3.0 Premium,2374,61450,Powertrain,Transmission,6-Speed intelligent Manual Transmission (iMT),0,,no price shown,models/gr_supra_options.md:33
2026,GR Supra,GR Supra 3.0 Premium,2374,61450,Exterior color,,Stratosphere,475,,*; default,models/gr_supra_options.md:34
2026,GR Supra,GR Supra 3.0 Premium,2374,61450,Exterior color,,Absolute Zero,0,,no price,models/gr_supra_options.md:34
2026,GR Supra,GR Supra 3.0 Premium,2374,61450,Exterior color,,Nocturnal,0,,no price,models/gr_supra_options.md:34
2026,GR Supra,GR Supra 3.0 Premium,2374,61450,Exterior color,,Renaissance Red 2.0,0,,no price,models/gr_supra_options.md:34
2026,GR Supra,GR Supra 3.0 Premium,2374,61450,Interior,,Black leather trim,0,,default; no price shown,models/gr_supra_options.md:35
2026,GR Supra,GR Supra 3.0 Premium,2374,61450,Interior,,Hazelnut,0,,no price shown,models/gr_supra_options.md:35
2026,GR Supra,GR Supra 3.0 Premium,2374,61450,Factory package,,Driver Assist Package (For AT only),1195,Full-Speed Dynamic Radar Cruise Control *; Blind Spot Monitor (BSM) *; Rear Cross-Traffic Alert (RCTA) *; Parking Sensors * with emergency braking function,,models/gr_supra_options.md:37
2026,GR Supra,GR Supra MkV Final Edition,2376,69350,Base,,Base MSRP,69350,,"Delivery, Processing and Handling Fee $1,295 not included",models/gr_supra_options.md:42
2026,GR Supra,GR Supra MkV Final Edition,2376,69350,Powertrain,Engine,3.0L Inline 6-Cyl. Turbo Engine,0,,only,models/gr_supra_options.md:43
2026,GR Supra,GR Supra MkV Final Edition,2376,69350,Drivetrain,,Rear-Wheel Drive,0,,only,models/gr_supra_options.md:43
2026,GR Supra,GR Supra MkV Final Edition,2376,69350,Powertrain,Transmission,8-Speed Automatic Transmission,0,,default; no price shown,models/gr_supra_options.md:43
2026,GR Supra,GR Supra MkV Final Edition,2376,69350,Powertrain,Transmission,6-Speed intelligent Manual Transmission (iMT),0,,no price shown,models/gr_supra_options.md:43
2026,GR Supra,GR Supra MkV Final Edition,2376,69350,Exterior color,,Burnout,0,,no price shown,models/gr_supra_options.md:44
2026,GR Supra,GR Supra MkV Final Edition,2376,69350,Exterior color,,Undercover,0,,no price shown,models/gr_supra_options.md:44
2026,GR Supra,GR Supra MkV Final Edition,2376,69350,Exterior color,,Absolute Zero,0,,no price shown,models/gr_supra_options.md:44
2026,GR Supra,GR Supra MkV Final Edition,2376,69350,Exterior color,,Nocturnal,0,,no price shown,models/gr_supra_options.md:44
2026,GR Supra,GR Supra MkV Final Edition,2376,69350,Exterior color,,Renaissance Red 2.0,0,,no price shown; default,models/gr_supra_options.md:44
2026,GR Supra,GR Supra MkV Final Edition,2376,69350,Interior,,Black Alcantara®*/leather trim,0,,no price shown,models/gr_supra_options.md:45
2026,GR Supra,GR Supra MkV Final Edition,2376,69350,Factory package,,Driver Assist Package (For AT only),1195,Full-Speed Dynamic Radar Cruise Control *; Blind Spot Monitor (BSM) *; Rear Cross-Traffic Alert (RCTA) *; Parking Sensors * with emergency braking function,,models/gr_supra_options.md:47
2026,GR Supra,GR Supra MkV Final Edition,2376,69350,Factory package,,GT4-Style Pack,2160,Toyota Gazoo Racing red-painted carbon fiber mirror caps; GT4 exterior graphics; Wind-buffeting kit; Matte-paint charge,Additional change(s) required,models/gr_supra_options.md:48
2027,bZ (bZ4X),bZ XLE,2873,34980,Base,,Base MSRP,34980,,"Delivery, Processing and Handling Fee $1,595 not included",models/bz4x_options.md:22
2027,bZ (bZ4X),bZ XLE,2873,34980,Powertrain,Engine,Single Electric Motor,0,,"default, no price shown",models/bz4x_options.md:23
2027,bZ (bZ4X),bZ XLE,2873,34980,Powertrain,Engine,Dual Electric Motors,0,,"tagged ""Additional Change(s) Required""; no price shown; Additional change(s) required",models/bz4x_options.md:23
2027,bZ (bZ4X),bZ XLE,2873,34980,Drivetrain,,Front-Wheel Drive,0,,"default, no price shown",models/bz4x_options.md:24
2027,bZ (bZ4X),bZ XLE,2873,34980,Drivetrain,,Front-Wheel Drive Plus,3000,,,models/bz4x_options.md:24
2027,bZ (bZ4X),bZ XLE,2873,34980,Drivetrain,,All-Wheel Drive,0,,"tagged ""Additional Change(s) Required""; no price shown; Additional change(s) required",models/bz4x_options.md:24
2027,bZ (bZ4X),bZ XLE,2873,34980,Powertrain,Transmission,1-Speed Automatic Transmission,0,,only; no price shown,models/bz4x_options.md:25
2027,bZ (bZ4X),bZ XLE,2873,34980,Exterior color,,Wind Chill Pearl,475,,*,models/bz4x_options.md:26
2027,bZ (bZ4X),bZ XLE,2873,34980,Exterior color,,Supersonic Red,475,,*,models/bz4x_options.md:26
2027,bZ (bZ4X),bZ XLE,2873,34980,Exterior color,,Blueprint,0,,no price; default,models/bz4x_options.md:26
2027,bZ (bZ4X),bZ XLE,2873,34980,Exterior color,,Midnight Black Metallic,0,,no price,models/bz4x_options.md:26
2027,bZ (bZ4X),bZ XLE,2873,34980,Exterior color,,Heavy Metal,475,,*,models/bz4x_options.md:26
2027,bZ (bZ4X),bZ XLE,2873,34980,Interior,,Black SofTex®/fabric mixed media trim,0,,no price shown,models/bz4x_options.md:27
2027,bZ (bZ4X),bZ XLE,2873,34980,Factory package,,Panoramic Roof,1000,Panoramic fixed-glass roof with power sunshade,,models/bz4x_options.md:29
2027,bZ (bZ4X),bZ XLE,2873,34980,Accessory package,Accessory Packages,All-Weather Floor Liner Package,339,,,models/bz4x_options.md:32
2027,bZ (bZ4X),bZ XLE,2873,34980,Accessory package,Accessory Packages,Carpet Mat Package,339,,,models/bz4x_options.md:33
2027,bZ (bZ4X),bZ XLE,2873,34980,Accessory package,Accessory Packages,Preferred Accessory Pkge w All-Weather Floor Liners,444,,name as shown on the Accessory Packages list for this trim; same list as the Limited trim,models/bz4x_options.md:34
2027,bZ (bZ4X),bZ XLE,2873,34980,Accessory package,Accessory Packages,Preferred Accessory Pkge w Carpet Floor Mats,444,,name as shown on the Accessory Packages list for this trim; same list as the Limited trim,models/bz4x_options.md:35
2027,bZ (bZ4X),bZ Limited,2880,43380,Base,,Base MSRP,43380,,"Delivery, Processing and Handling Fee $1,595 not included",models/bz4x_options.md:38
2027,bZ (bZ4X),bZ Limited,2880,43380,Powertrain,Engine,Single Electric Motor,0,,"default, no price shown",models/bz4x_options.md:39
2027,bZ (bZ4X),bZ Limited,2880,43380,Powertrain,Engine,Dual Electric Motors,0,,"tagged ""Additional Change(s) Required""; no price shown; Additional change(s) required",models/bz4x_options.md:39
2027,bZ (bZ4X),bZ Limited,2880,43380,Drivetrain,,Front-Wheel Drive,0,,"default, no price shown",models/bz4x_options.md:40
2027,bZ (bZ4X),bZ Limited,2880,43380,Drivetrain,,All-Wheel Drive,0,,"tagged ""Additional Change(s) Required""; no price shown; Additional change(s) required",models/bz4x_options.md:40
2027,bZ (bZ4X),bZ Limited,2880,43380,Powertrain,Transmission,1-Speed Automatic Transmission,0,,only; no price shown,models/bz4x_options.md:41
2027,bZ (bZ4X),bZ Limited,2880,43380,Exterior color,Two-tone,Wind Chill Pearl with Midnight Black Metallic roof,975,,*,models/bz4x_options.md:42
2027,bZ (bZ4X),bZ Limited,2880,43380,Exterior color,,Wind Chill Pearl,475,,*; default,models/bz4x_options.md:42
2027,bZ (bZ4X),bZ Limited,2880,43380,Exterior color,,Supersonic Red,475,,*,models/bz4x_options.md:42
2027,bZ (bZ4X),bZ Limited,2880,43380,Exterior color,,Blueprint,0,,no price,models/bz4x_options.md:42
2027,bZ (bZ4X),bZ Limited,2880,43380,Exterior color,,Midnight Black Metallic,0,,no price,models/bz4x_options.md:42
2027,bZ (bZ4X),bZ Limited,2880,43380,Exterior color,Two-tone,Heavy Metal with Midnight Black Metallic roof,975,,*,models/bz4x_options.md:42
2027,bZ (bZ4X),bZ Limited,2880,43380,Exterior color,,Heavy Metal,475,,*,models/bz4x_options.md:42
2027,bZ (bZ4X),bZ Limited,2880,43380,Exterior color,Two-tone,Supersonic Red with Midnight Black Metallic roof,975,,*,models/bz4x_options.md:42
2027,bZ (bZ4X),bZ Limited,2880,43380,Interior,,Light Gray SofTex® trim,0,,default; no price shown,models/bz4x_options.md:43
2027,bZ (bZ4X),bZ Limited,2880,43380,Interior,,Black SofTex® trim,0,,no price shown,models/bz4x_options.md:43
2027,bZ (bZ4X),bZ Limited,2880,43380,Factory package,,9-Speaker JBL® Premium Audio,580,9-speaker JBL® * Premium Audio including subwoofer and amplifier,,models/bz4x_options.md:45
2027,bZ (bZ4X),bZ Limited,2880,43380,Accessory package,Accessory Packages,All-Weather Floor Liner Package,339,,,models/bz4x_options.md:48
2027,bZ (bZ4X),bZ Limited,2880,43380,Accessory package,Accessory Packages,Carpet Mat Package,339,,,models/bz4x_options.md:49
2027,bZ (bZ4X),bZ Limited,2880,43380,Accessory package,Accessory Packages,Preferred Accessory Pkge w All-Weather Floor Liners,444,,,models/bz4x_options.md:50
2027,bZ (bZ4X),bZ Limited,2880,43380,Accessory package,Accessory Packages,Preferred Accessory Pkge w Carpet Floor Mats,444,,,models/bz4x_options.md:51
2027,C-HR,SE,2416,37080,Base,,Base MSRP,37080,,"Delivery, Processing and Handling Fee $1,595 not included",models/c_hr_options.md:21
2027,C-HR,SE,2416,37080,Powertrain,Engine,Dual Electric Motors,0,,only,models/c_hr_options.md:22
2027,C-HR,SE,2416,37080,Drivetrain,,All-Wheel Drive,0,,only,models/c_hr_options.md:22
2027,C-HR,SE,2416,37080,Powertrain,Transmission,1-Speed Automatic Transmission,0,,only,models/c_hr_options.md:22
2027,C-HR,SE,2416,37080,Exterior color,,Overcast,0,,no price; default,models/c_hr_options.md:23
2027,C-HR,SE,2416,37080,Exterior color,,Tandoori,0,,no price,models/c_hr_options.md:23
2027,C-HR,SE,2416,37080,Exterior color,,Cement,0,,no price,models/c_hr_options.md:23
2027,C-HR,SE,2416,37080,Exterior color,,Wind Chill Pearl,475,,*,models/c_hr_options.md:23
2027,C-HR,SE,2416,37080,Exterior color,,Midnight Black Metallic,0,,no price,models/c_hr_options.md:23
2027,C-HR,SE,2416,37080,Interior,,Black SofTex®/fabric mixed media trim,0,,no price shown,models/c_hr_options.md:24
2027,C-HR,SE,2416,37080,Factory package,,Headlight cleaner,100,Headlight cleaner for cold weather,,models/c_hr_options.md:26
2027,C-HR,SE,2416,37080,Accessory package,Accessory Packages,All-Weather Floor Liner Package,464,,,models/c_hr_options.md:29
2027,C-HR,SE,2416,37080,Accessory package,Accessory Packages,Carpet Mat Package,339,,,models/c_hr_options.md:30
2027,C-HR,SE,2416,37080,Accessory package,Accessory Packages,Preferred Accessory Package,449,,,models/c_hr_options.md:31
2027,C-HR,SE,2416,37080,Accessory package,Accessory Packages,Preferred Accessory Package w/ All-Weather Mats,569,,,models/c_hr_options.md:32
2027,C-HR,SE,2416,37080,Accessory package,Accessory Packages,Preferred Accessory Package w/ Carpet Mats,444,,,models/c_hr_options.md:33
2027,C-HR,XSE,2419,39080,Base,,Base MSRP,39080,,"Delivery, Processing and Handling Fee $1,595 not included",models/c_hr_options.md:36
2027,C-HR,XSE,2419,39080,Powertrain,Engine,Dual Electric Motors,0,,only,models/c_hr_options.md:37
2027,C-HR,XSE,2419,39080,Drivetrain,,All-Wheel Drive,0,,only,models/c_hr_options.md:37
2027,C-HR,XSE,2419,39080,Powertrain,Transmission,1-Speed Automatic Transmission,0,,only,models/c_hr_options.md:37
2027,C-HR,XSE,2419,39080,Exterior color,Two-tone,Tandoori with Midnight Black Metallic roof,500,,*; default,models/c_hr_options.md:38
2027,C-HR,XSE,2419,39080,Exterior color,Two-tone,Cement with Midnight Black Metallic roof,500,,*,models/c_hr_options.md:38
2027,C-HR,XSE,2419,39080,Exterior color,,Overcast,0,,no price,models/c_hr_options.md:38
2027,C-HR,XSE,2419,39080,Exterior color,Two-tone,Wind Chill Pearl with Midnight Black Metallic roof,975,,*,models/c_hr_options.md:38
2027,C-HR,XSE,2419,39080,Exterior color,,Tandoori,0,,no price,models/c_hr_options.md:38
2027,C-HR,XSE,2419,39080,Exterior color,,Cement,0,,no price,models/c_hr_options.md:38
2027,C-HR,XSE,2419,39080,Exterior color,,Wind Chill Pearl,475,,*,models/c_hr_options.md:38
2027,C-HR,XSE,2419,39080,Exterior color,,Midnight Black Metallic,0,,no price,models/c_hr_options.md:38
2027,C-HR,XSE,2419,39080,Interior,,Boulder synthetic suede/SofTex® trim,0,,default; no price shown,models/c_hr_options.md:39
2027,C-HR,XSE,2419,39080,Interior,,Black synthetic suede/SofTex® trim,0,,no price shown,models/c_hr_options.md:39
2027,C-HR,XSE,2419,39080,Factory package,,Cold Weather Package,450,Headlight cleaner; heated rear seats,,models/c_hr_options.md:41
2027,C-HR,XSE,2419,39080,Factory package,,9-Speaker JBL® Premium Audio,600,9-speaker JBL® * Premium Audio including subwoofer and amplifier,,models/c_hr_options.md:42
2027,C-HR,XSE,2419,39080,Factory package,,Panoramic Roof,1000,Panoramic fixed-glass roof with power sunshade,,models/c_hr_options.md:43
2027,C-HR,XSE,2419,39080,Accessory package,Accessory Packages,All-Weather Floor Liner Package,464,,,models/c_hr_options.md:46
2027,C-HR,XSE,2419,39080,Accessory package,Accessory Packages,Carpet Mat Package,339,,,models/c_hr_options.md:47
2027,C-HR,XSE,2419,39080,Accessory package,Accessory Packages,Preferred Accessory Package,449,,,models/c_hr_options.md:48
2027,C-HR,XSE,2419,39080,Accessory package,Accessory Packages,Preferred Accessory Package w/ All-Weather Mats,569,,,models/c_hr_options.md:49
2027,C-HR,XSE,2419,39080,Accessory package,Accessory Packages,Preferred Accessory Package w/ Carpet Mats,444,,,models/c_hr_options.md:50
2026,Grand Highlander,LE,6700,42260,Base,,Base MSRP,42260,,"Delivery, Processing and Handling Fee $1,595 not included",models/grand_highlander_options.md:35
2026,Grand Highlander,LE,6700,42260,Powertrain,Engine,2.4L 4-Cyl. Turbocharged Engine,0,,only,models/grand_highlander_options.md:36
2026,Grand Highlander,LE,6700,42260,Drivetrain,,Front-Wheel Drive,0,,"default, no price shown",models/grand_highlander_options.md:36
2026,Grand Highlander,LE,6700,42260,Drivetrain,,All-Wheel Drive,1600,,,models/grand_highlander_options.md:36
2026,Grand Highlander,LE,6700,42260,Powertrain,Transmission,Direct Shift 8-Speed Electronically Controlled automatic Transmission (ECT),0,,only; no price shown,models/grand_highlander_options.md:36
2026,Grand Highlander,LE,6700,42260,Exterior color,,Celestial Silver Metallic,0,,no price; default,models/grand_highlander_options.md:37
2026,Grand Highlander,LE,6700,42260,Exterior color,,Storm Cloud,0,,no price,models/grand_highlander_options.md:37
2026,Grand Highlander,LE,6700,42260,Exterior color,,Wind Chill Pearl,475,,*,models/grand_highlander_options.md:37
2026,Grand Highlander,LE,6700,42260,Exterior color,,Ruby Flare Pearl,475,,*,models/grand_highlander_options.md:37
2026,Grand Highlander,LE,6700,42260,Exterior color,,Midnight Black Metallic,0,,no price,models/grand_highlander_options.md:37
2026,Grand Highlander,LE,6700,42260,Exterior color,,Blueprint,0,,no price,models/grand_highlander_options.md:37
2026,Grand Highlander,LE,6700,42260,Interior,,Black fabric with Smoke Silver,0,,no price shown,models/grand_highlander_options.md:38
2026,Grand Highlander,LE,6700,42260,Interior,,Light Gray/Moonstone fabric,0,,default; no price shown,models/grand_highlander_options.md:38
2026,Grand Highlander,LE,6700,42260,Accessory package,Accessory Packages,All-Weather Floor Liner Package,378,,,models/grand_highlander_options.md:42
2026,Grand Highlander,LE,6700,42260,Accessory package,Accessory Packages,Carpet Floor Mat & Cargo Mat Package,378,,,models/grand_highlander_options.md:43
2026,Grand Highlander,LE,6700,42260,Accessory package,Accessory Packages,Tow Hitch Receiver Package,930,,,models/grand_highlander_options.md:44
2026,Grand Highlander,XLE,6702,45030,Base,,Base MSRP,45030,,"Delivery, Processing and Handling Fee $1,595 not included",models/grand_highlander_options.md:47
2026,Grand Highlander,XLE,6702,45030,Powertrain,Engine,2.4L 4-Cyl. Turbocharged Engine,0,,only,models/grand_highlander_options.md:48
2026,Grand Highlander,XLE,6702,45030,Drivetrain,,Front-Wheel Drive,0,,"default, no price shown",models/grand_highlander_options.md:48
2026,Grand Highlander,XLE,6702,45030,Drivetrain,,All-Wheel Drive,1600,,,models/grand_highlander_options.md:48
2026,Grand Highlander,XLE,6702,45030,Powertrain,Transmission,Direct Shift 8-Speed Electronically Controlled automatic Transmission (ECT),0,,only; no price shown,models/grand_highlander_options.md:48
2026,Grand Highlander,XLE,6702,45030,Exterior color,,Celestial Silver Metallic,0,,no price,models/grand_highlander_options.md:49
2026,Grand Highlander,XLE,6702,45030,Exterior color,,Storm Cloud,0,,no price,models/grand_highlander_options.md:49
2026,Grand Highlander,XLE,6702,45030,Exterior color,,Wind Chill Pearl,475,,*,models/grand_highlander_options.md:49
2026,Grand Highlander,XLE,6702,45030,Exterior color,,Ruby Flare Pearl,475,,*; default,models/grand_highlander_options.md:49
2026,Grand Highlander,XLE,6702,45030,Exterior color,,Midnight Black Metallic,0,,no price,models/grand_highlander_options.md:49
2026,Grand Highlander,XLE,6702,45030,Exterior color,,Blueprint,0,,no price,models/grand_highlander_options.md:49
2026,Grand Highlander,XLE,6702,45030,Interior,,Black SofTex® trim,0,,no price shown,models/grand_highlander_options.md:50
2026,Grand Highlander,XLE,6702,45030,Interior,,Light Gray SofTex® trim,0,,default; no price shown,models/grand_highlander_options.md:50
2026,Grand Highlander,XLE,6702,45030,Factory option,,Bench Seat,0,,No Additional Cost; contents not shown,models/grand_highlander_options.md:53
2026,Grand Highlander,XLE,6702,45030,Factory option,,Panoramic Moonroof,1350,,contents not shown,models/grand_highlander_options.md:54
2026,Grand Highlander,XLE,6702,45030,Accessory package,Accessory Packages,All-Weather Floor Liner Package,378,,,models/grand_highlander_options.md:55
2026,Grand Highlander,XLE,6702,45030,Accessory package,Accessory Packages,Carpet Floor Mat & Cargo Mat Package,378,,,models/grand_highlander_options.md:55
2026,Grand Highlander,XLE,6702,45030,Accessory package,Accessory Packages,Tow Hitch Receiver Package,930,,,models/grand_highlander_options.md:55
2026,Grand Highlander,Hybrid LE,6720,45610,Base,,Base MSRP,45610,,"Delivery, Processing and Handling Fee $1,595 not included",models/grand_highlander_options.md:58
2026,Grand Highlander,Hybrid LE,6720,45610,Powertrain,Engine,2.5-Liter 4-Cylinder Hybrid Engine,0,,only,models/grand_highlander_options.md:59
2026,Grand Highlander,Hybrid LE,6720,45610,Drivetrain,,All-Wheel Drive,0,,only; no price shown,models/grand_highlander_options.md:59
2026,Grand Highlander,Hybrid LE,6720,45610,Powertrain,Transmission,Electronically controlled Continuously Variable Transmission (ECVT),0,,only; no price shown,models/grand_highlander_options.md:59
2026,Grand Highlander,Hybrid LE,6720,45610,Exterior color,,Celestial Silver Metallic,0,,no price; default,models/grand_highlander_options.md:60
2026,Grand Highlander,Hybrid LE,6720,45610,Exterior color,,Storm Cloud,0,,no price,models/grand_highlander_options.md:60
2026,Grand Highlander,Hybrid LE,6720,45610,Exterior color,,Wind Chill Pearl,475,,*,models/grand_highlander_options.md:60
2026,Grand Highlander,Hybrid LE,6720,45610,Exterior color,,Ruby Flare Pearl,475,,*,models/grand_highlander_options.md:60
2026,Grand Highlander,Hybrid LE,6720,45610,Exterior color,,Midnight Black Metallic,0,,no price,models/grand_highlander_options.md:60
2026,Grand Highlander,Hybrid LE,6720,45610,Exterior color,,Blueprint,0,,no price,models/grand_highlander_options.md:60
2026,Grand Highlander,Hybrid LE,6720,45610,Interior,,Black fabric with Smoke Silver,0,,no price shown,models/grand_highlander_options.md:61
2026,Grand Highlander,Hybrid LE,6720,45610,Interior,,Light Gray/Moonstone fabric,0,,default; no price shown,models/grand_highlander_options.md:61
2026,Grand Highlander,Hybrid LE,6720,45610,Accessory package,Accessory Packages,All-Weather Floor Liner Package,378,,,models/grand_highlander_options.md:64
2026,Grand Highlander,Hybrid LE,6720,45610,Accessory package,Accessory Packages,Carpet Floor Mat & Cargo Mat Package,378,,,models/grand_highlander_options.md:64
2026,Grand Highlander,Hybrid LE,6720,45610,Accessory package,Accessory Packages,Tow Hitch Receiver Package,930,,,models/grand_highlander_options.md:64
2026,Grand Highlander,Hybrid XLE,6716,46780,Base,,Base MSRP,46780,,"Delivery, Processing and Handling Fee $1,595 not included",models/grand_highlander_options.md:67
2026,Grand Highlander,Hybrid XLE,6716,46780,Powertrain,Engine,2.5-Liter 4-Cylinder Hybrid Engine,0,,only,models/grand_highlander_options.md:68
2026,Grand Highlander,Hybrid XLE,6716,46780,Drivetrain,,Front-Wheel Drive,0,,"default, no price shown",models/grand_highlander_options.md:68
2026,Grand Highlander,Hybrid XLE,6716,46780,Drivetrain,,All-Wheel Drive,1600,,,models/grand_highlander_options.md:68
2026,Grand Highlander,Hybrid XLE,6716,46780,Powertrain,Transmission,Electronically controlled Continuously Variable Transmission (ECVT),0,,only; no price shown,models/grand_highlander_options.md:68
2026,Grand Highlander,Hybrid XLE,6716,46780,Exterior color,,Celestial Silver Metallic,0,,no price,models/grand_highlander_options.md:69
2026,Grand Highlander,Hybrid XLE,6716,46780,Exterior color,,Storm Cloud,0,,no price,models/grand_highlander_options.md:69
2026,Grand Highlander,Hybrid XLE,6716,46780,Exterior color,,Wind Chill Pearl,475,,*,models/grand_highlander_options.md:69
2026,Grand Highlander,Hybrid XLE,6716,46780,Exterior color,,Ruby Flare Pearl,475,,*,models/grand_highlander_options.md:69
2026,Grand Highlander,Hybrid XLE,6716,46780,Exterior color,,Midnight Black Metallic,0,,no price,models/grand_highlander_options.md:69
2026,Grand Highlander,Hybrid XLE,6716,46780,Exterior color,,Blueprint,0,,no price; default,models/grand_highlander_options.md:69
2026,Grand Highlander,Hybrid XLE,6716,46780,Interior,,Black SofTex® trim,0,,no price shown,models/grand_highlander_options.md:70
2026,Grand Highlander,Hybrid XLE,6716,46780,Interior,,Light Gray SofTex® trim,0,,default; no price shown,models/grand_highlander_options.md:70
2026,Grand Highlander,Hybrid XLE,6716,46780,Factory option,,Bench Seat,0,,No Additional Cost; contents not shown,models/grand_highlander_options.md:73
2026,Grand Highlander,Hybrid XLE,6716,46780,Factory option,,Panoramic Moonroof,1350,,contents not shown,models/grand_highlander_options.md:74
2026,Grand Highlander,Hybrid XLE,6716,46780,Accessory package,Accessory Packages,All-Weather Floor Liner Package,378,,,models/grand_highlander_options.md:75
2026,Grand Highlander,Hybrid XLE,6716,46780,Accessory package,Accessory Packages,Carpet Floor Mat & Cargo Mat Package,378,,,models/grand_highlander_options.md:75
2026,Grand Highlander,Hybrid XLE,6716,46780,Accessory package,Accessory Packages,Tow Hitch Receiver Package,930,,,models/grand_highlander_options.md:75
2026,Grand Highlander,Limited,6704,49760,Base,,Base MSRP,49760,,"Delivery, Processing and Handling Fee $1,595 not included",models/grand_highlander_options.md:78
2026,Grand Highlander,Limited,6704,49760,Powertrain,Engine,2.4L 4-Cyl. Turbocharged Engine,0,,only,models/grand_highlander_options.md:79
2026,Grand Highlander,Limited,6704,49760,Drivetrain,,Front-Wheel Drive,0,,"default, no price shown",models/grand_highlander_options.md:79
2026,Grand Highlander,Limited,6704,49760,Drivetrain,,All-Wheel Drive,1600,,,models/grand_highlander_options.md:79
2026,Grand Highlander,Limited,6704,49760,Powertrain,Transmission,Direct Shift 8-Speed Electronically Controlled automatic Transmission (ECT),0,,only; no price shown,models/grand_highlander_options.md:79
2026,Grand Highlander,Limited,6704,49760,Exterior color,,Heavy Metal,475,,*; default,models/grand_highlander_options.md:80
2026,Grand Highlander,Limited,6704,49760,Exterior color,,Storm Cloud,0,,no price,models/grand_highlander_options.md:80
2026,Grand Highlander,Limited,6704,49760,Exterior color,,Wind Chill Pearl,475,,*,models/grand_highlander_options.md:80
2026,Grand Highlander,Limited,6704,49760,Exterior color,,Ruby Flare Pearl,475,,*,models/grand_highlander_options.md:80
2026,Grand Highlander,Limited,6704,49760,Exterior color,,Midnight Black Metallic,0,,no price,models/grand_highlander_options.md:80
2026,Grand Highlander,Limited,6704,49760,Exterior color,,Blueprint,0,,no price,models/grand_highlander_options.md:80
2026,Grand Highlander,Limited,6704,49760,Interior,,Black leather trim,0,,no price shown,models/grand_highlander_options.md:81
2026,Grand Highlander,Limited,6704,49760,Interior,,Light Gray Leather,0,,default; no price shown,models/grand_highlander_options.md:81
2026,Grand Highlander,Limited,6704,49760,Factory option,,Bench Seat,0,,No Additional Cost; contents not shown,models/grand_highlander_options.md:84
2026,Grand Highlander,Limited,6704,49760,Factory option,,Panoramic View Monitor,600,,contents not shown,models/grand_highlander_options.md:85
2026,Grand Highlander,Limited,6704,49760,Factory option,,Panoramic Moonroof,1350,,contents not shown,models/grand_highlander_options.md:86
2026,Grand Highlander,Limited,6704,49760,Accessory package,Accessory Packages,All-Weather Floor Liner Package,378,,,models/grand_highlander_options.md:87
2026,Grand Highlander,Limited,6704,49760,Accessory package,Accessory Packages,Carpet Floor Mat & Cargo Mat Package,378,,,models/grand_highlander_options.md:87
2026,Grand Highlander,Limited,6704,49760,Accessory package,Accessory Packages,Tow Hitch Receiver Package,930,,,models/grand_highlander_options.md:87
2026,Grand Highlander,Hybrid Limited,6724,53110,Base,,Base MSRP,53110,,"Delivery, Processing and Handling Fee $1,595 not included",models/grand_highlander_options.md:90
2026,Grand Highlander,Hybrid Limited,6724,53110,Powertrain,Engine,2.5-Liter 4-Cylinder Hybrid Engine,0,,only,models/grand_highlander_options.md:91
2026,Grand Highlander,Hybrid Limited,6724,53110,Drivetrain,,All-Wheel Drive,0,,only; no price shown,models/grand_highlander_options.md:91
2026,Grand Highlander,Hybrid Limited,6724,53110,Powertrain,Transmission,Electronically controlled Continuously Variable Transmission (ECVT),0,,only; no price shown,models/grand_highlander_options.md:91
2026,Grand Highlander,Hybrid Limited,6724,53110,Exterior color,,Heavy Metal,475,,*,models/grand_highlander_options.md:92
2026,Grand Highlander,Hybrid Limited,6724,53110,Exterior color,,Storm Cloud,0,,no price,models/grand_highlander_options.md:92
2026,Grand Highlander,Hybrid Limited,6724,53110,Exterior color,,Wind Chill Pearl,475,,*,models/grand_highlander_options.md:92
2026,Grand Highlander,Hybrid Limited,6724,53110,Exterior color,,Ruby Flare Pearl,475,,*,models/grand_highlander_options.md:92
2026,Grand Highlander,Hybrid Limited,6724,53110,Exterior color,,Midnight Black Metallic,0,,no price; default,models/grand_highlander_options.md:92
2026,Grand Highlander,Hybrid Limited,6724,53110,Exterior color,,Blueprint,0,,no price,models/grand_highlander_options.md:92
2026,Grand Highlander,Hybrid Limited,6724,53110,Interior,,Black leather trim,0,,no price shown,models/grand_highlander_options.md:93
2026,Grand Highlander,Hybrid Limited,6724,53110,Interior,,Light Gray Leather,0,,default; no price shown,models/grand_highlander_options.md:93
2026,Grand Highlander,Hybrid Limited,6724,53110,Factory option,,Bench Seat,0,,No Additional Cost; contents not shown,models/grand_highlander_options.md:96
2026,Grand Highlander,Hybrid Limited,6724,53110,Factory option,,Panoramic View Monitor,600,,contents not shown,models/grand_highlander_options.md:97
2026,Grand Highlander,Hybrid Limited,6724,53110,Factory option,,Panoramic Moonroof,1350,,contents not shown,models/grand_highlander_options.md:98
2026,Grand Highlander,Hybrid Limited,6724,53110,Accessory package,Accessory Packages,All-Weather Floor Liner Package,378,,,models/grand_highlander_options.md:99
2026,Grand Highlander,Hybrid Limited,6724,53110,Accessory package,Accessory Packages,Carpet Floor Mat & Cargo Mat Package,378,,,models/grand_highlander_options.md:99
2026,Grand Highlander,Hybrid Limited,6724,53110,Accessory package,Accessory Packages,Tow Hitch Receiver Package,930,,,models/grand_highlander_options.md:99
2026,Grand Highlander,Hybrid Nightshade,6733,54090,Base,,Base MSRP,54090,,"Delivery, Processing and Handling Fee $1,595 not included",models/grand_highlander_options.md:102
2026,Grand Highlander,Hybrid Nightshade,6733,54090,Powertrain,Engine,2.5-Liter 4-Cylinder Hybrid Engine,0,,only,models/grand_highlander_options.md:103
2026,Grand Highlander,Hybrid Nightshade,6733,54090,Drivetrain,,All-Wheel Drive,0,,only; no price shown,models/grand_highlander_options.md:103
2026,Grand Highlander,Hybrid Nightshade,6733,54090,Powertrain,Transmission,Electronically controlled Continuously Variable Transmission (ECVT),0,,only; no price shown,models/grand_highlander_options.md:103
2026,Grand Highlander,Hybrid Nightshade,6733,54090,Exterior color,,Cement,0,,no price; default,models/grand_highlander_options.md:104
2026,Grand Highlander,Hybrid Nightshade,6733,54090,Exterior color,,Wind Chill Pearl,475,,*,models/grand_highlander_options.md:104
2026,Grand Highlander,Hybrid Nightshade,6733,54090,Exterior color,,Midnight Black Metallic,0,,no price,models/grand_highlander_options.md:104
2026,Grand Highlander,Hybrid Nightshade,6733,54090,Interior,,Black Leather,0,,no price shown,models/grand_highlander_options.md:105
2026,Grand Highlander,Hybrid Nightshade,6733,54090,Factory option,,Panoramic View Monitor,600,,Additional change(s) required; contents not shown,models/grand_highlander_options.md:108
2026,Grand Highlander,Hybrid Nightshade,6733,54090,Factory option,,Panoramic Moonroof,1350,,Additional change(s) required; contents not shown,models/grand_highlander_options.md:109
2026,Grand Highlander,Hybrid Nightshade,6733,54090,Accessory package,Accessory Packages,All-Weather Floor Liner Package,378,,,models/grand_highlander_options.md:110
2026,Grand Highlander,Hybrid Nightshade,6733,54090,Accessory package,Accessory Packages,Carpet Floor Mat & Cargo Mat Package,378,,,models/grand_highlander_options.md:110
2026,Grand Highlander,Hybrid Nightshade,6733,54090,Accessory package,Accessory Packages,Tow Hitch Receiver Package,930,,,models/grand_highlander_options.md:110
2026,Grand Highlander,Platinum,6712,55445,Base,,Base MSRP,55445,,"Delivery, Processing and Handling Fee $1,595 not included",models/grand_highlander_options.md:113
2026,Grand Highlander,Platinum,6712,55445,Powertrain,Engine,2.4L 4-Cyl. Turbocharged Engine,0,,only,models/grand_highlander_options.md:114
2026,Grand Highlander,Platinum,6712,55445,Drivetrain,,All-Wheel Drive,0,,only; no price shown,models/grand_highlander_options.md:114
2026,Grand Highlander,Platinum,6712,55445,Powertrain,Transmission,Direct Shift 8-Speed Electronically Controlled automatic Transmission (ECT),0,,only; no price shown,models/grand_highlander_options.md:114
2026,Grand Highlander,Platinum,6712,55445,Exterior color,,Heavy Metal,475,,*,models/grand_highlander_options.md:115
2026,Grand Highlander,Platinum,6712,55445,Exterior color,,Storm Cloud,0,,no price,models/grand_highlander_options.md:115
2026,Grand Highlander,Platinum,6712,55445,Exterior color,,Wind Chill Pearl,475,,*; default,models/grand_highlander_options.md:115
2026,Grand Highlander,Platinum,6712,55445,Exterior color,,Ruby Flare Pearl,475,,*,models/grand_highlander_options.md:115
2026,Grand Highlander,Platinum,6712,55445,Exterior color,,Midnight Black Metallic,0,,no price,models/grand_highlander_options.md:115
2026,Grand Highlander,Platinum,6712,55445,Exterior color,,Blueprint,0,,no price,models/grand_highlander_options.md:115
2026,Grand Highlander,Platinum,6712,55445,Interior,,Light Gray leather trim,0,,default; no price shown,models/grand_highlander_options.md:116
2026,Grand Highlander,Platinum,6712,55445,Interior,,Portobello Leather,0,,no price shown,models/grand_highlander_options.md:116
2026,Grand Highlander,Platinum,6712,55445,Interior,,Black leather trim,0,,no price shown,models/grand_highlander_options.md:116
2026,Grand Highlander,Platinum,6712,55445,Accessory package,Accessory Packages,All-Weather Floor Liner Package,378,,,models/grand_highlander_options.md:119
2026,Grand Highlander,Platinum,6712,55445,Accessory package,Accessory Packages,Carpet Floor Mat & Cargo Mat Package,378,,,models/grand_highlander_options.md:119
2026,Grand Highlander,Platinum,6712,55445,Accessory package,Accessory Packages,Tow Hitch Receiver Package,930,,,models/grand_highlander_options.md:119
2026,Grand Highlander,Hybrid MAX Limited,6730,56090,Base,,Base MSRP,56090,,"Delivery, Processing and Handling Fee $1,595 not included",models/grand_highlander_options.md:122
2026,Grand Highlander,Hybrid MAX Limited,6730,56090,Powertrain,Engine,2.4-Liter 4-Cylinder Turbocharged Hybrid MAX Engine,0,,"as displayed; the engine card text reads ""...Hybrid MAX Engine All-Wheel Drive""",models/grand_highlander_options.md:123
2026,Grand Highlander,Hybrid MAX Limited,6730,56090,Drivetrain,,All-Wheel Drive,0,,only; no price shown,models/grand_highlander_options.md:123
2026,Grand Highlander,Hybrid MAX Limited,6730,56090,Powertrain,Transmission,Direct Shift 6-Speed Automatic Transmission,0,,only; no price shown,models/grand_highlander_options.md:123
2026,Grand Highlander,Hybrid MAX Limited,6730,56090,Exterior color,,Heavy Metal,475,,*,models/grand_highlander_options.md:124
2026,Grand Highlander,Hybrid MAX Limited,6730,56090,Exterior color,,Cement,0,,no price,models/grand_highlander_options.md:124
2026,Grand Highlander,Hybrid MAX Limited,6730,56090,Exterior color,,Storm Cloud,0,,no price,models/grand_highlander_options.md:124
2026,Grand Highlander,Hybrid MAX Limited,6730,56090,Exterior color,,Wind Chill Pearl,475,,*; default,models/grand_highlander_options.md:124
2026,Grand Highlander,Hybrid MAX Limited,6730,56090,Exterior color,,Ruby Flare Pearl,475,,*,models/grand_highlander_options.md:124
2026,Grand Highlander,Hybrid MAX Limited,6730,56090,Exterior color,,Midnight Black Metallic,0,,no price,models/grand_highlander_options.md:124
2026,Grand Highlander,Hybrid MAX Limited,6730,56090,Exterior color,,Blueprint,0,,no price,models/grand_highlander_options.md:124
2026,Grand Highlander,Hybrid MAX Limited,6730,56090,Interior,,Black leather and Ultrasuede® * trim,0,,no price shown,models/grand_highlander_options.md:125
2026,Grand Highlander,Hybrid MAX Limited,6730,56090,Interior,,Light Gray leather and Ultrasuede® * trim,0,,default; no price shown,models/grand_highlander_options.md:125
2026,Grand Highlander,Hybrid MAX Limited,6730,56090,Factory option,,Panoramic View Monitor,600,,contents not shown,models/grand_highlander_options.md:128
2026,Grand Highlander,Hybrid MAX Limited,6730,56090,Factory option,,Panoramic Moonroof,1350,,contents not shown,models/grand_highlander_options.md:129
2026,Grand Highlander,Hybrid MAX Limited,6730,56090,Accessory package,Accessory Packages,All-Weather Floor Liner Package,378,,,models/grand_highlander_options.md:130
2026,Grand Highlander,Hybrid MAX Limited,6730,56090,Accessory package,Accessory Packages,Carpet Floor Mat & Cargo Mat Package,378,,,models/grand_highlander_options.md:130
2026,Grand Highlander,Hybrid MAX Limited,6730,56090,Accessory package,Accessory Packages,Tow Hitch Receiver Package,930,,,models/grand_highlander_options.md:130
2026,Grand Highlander,Hybrid MAX Platinum,6732,60175,Base,,Base MSRP,60175,,"Delivery, Processing and Handling Fee $1,595 not included",models/grand_highlander_options.md:133
2026,Grand Highlander,Hybrid MAX Platinum,6732,60175,Powertrain,Engine,2.4-Liter 4-Cylinder Turbocharged Hybrid MAX Engine,0,,"as displayed; the engine card text reads ""...Hybrid MAX Engine All-Wheel Drive""",models/grand_highlander_options.md:134
2026,Grand Highlander,Hybrid MAX Platinum,6732,60175,Drivetrain,,All-Wheel Drive,0,,only; no price shown,models/grand_highlander_options.md:134
2026,Grand Highlander,Hybrid MAX Platinum,6732,60175,Powertrain,Transmission,Direct Shift 6-Speed Automatic Transmission,0,,only; no price shown,models/grand_highlander_options.md:134
2026,Grand Highlander,Hybrid MAX Platinum,6732,60175,Exterior color,,Heavy Metal,475,,*,models/grand_highlander_options.md:135
2026,Grand Highlander,Hybrid MAX Platinum,6732,60175,Exterior color,,Cement,0,,no price,models/grand_highlander_options.md:135
2026,Grand Highlander,Hybrid MAX Platinum,6732,60175,Exterior color,,Storm Cloud,0,,no price; default,models/grand_highlander_options.md:135
2026,Grand Highlander,Hybrid MAX Platinum,6732,60175,Exterior color,,Wind Chill Pearl,475,,*,models/grand_highlander_options.md:135
2026,Grand Highlander,Hybrid MAX Platinum,6732,60175,Exterior color,,Ruby Flare Pearl,475,,*,models/grand_highlander_options.md:135
2026,Grand Highlander,Hybrid MAX Platinum,6732,60175,Exterior color,,Midnight Black Metallic,0,,no price,models/grand_highlander_options.md:135
2026,Grand Highlander,Hybrid MAX Platinum,6732,60175,Exterior color,,Blueprint,0,,no price,models/grand_highlander_options.md:135
2026,Grand Highlander,Hybrid MAX Platinum,6732,60175,Interior,,Black leather and Ultrasuede® * trim,0,,no price shown,models/grand_highlander_options.md:136
2026,Grand Highlander,Hybrid MAX Platinum,6732,60175,Interior,,Light Gray leather and Ultrasuede® * trim,0,,default; no price shown,models/grand_highlander_options.md:136
2026,Grand Highlander,Hybrid MAX Platinum,6732,60175,Interior,,Portobello leather and Ultrasuede® * trim,0,,no price shown,models/grand_highlander_options.md:136
2026,Grand Highlander,Hybrid MAX Platinum,6732,60175,Accessory package,Accessory Packages,All-Weather Floor Liner Package,378,,,models/grand_highlander_options.md:139
2026,Grand Highlander,Hybrid MAX Platinum,6732,60175,Accessory package,Accessory Packages,Carpet Floor Mat & Cargo Mat Package,378,,,models/grand_highlander_options.md:139
2026,Grand Highlander,Hybrid MAX Platinum,6732,60175,Accessory package,Accessory Packages,Tow Hitch Receiver Package,930,,,models/grand_highlander_options.md:139
2026,Highlander,XLE,6953,46270,Base,,Base MSRP,46270,,"Delivery, Processing and Handling Fee $1,595 not included",models/highlander_options.md:30
2026,Highlander,XLE,6953,46270,Powertrain,Engine,2.4L 4-Cyl. Turbo Engine,0,,only,models/highlander_options.md:31
2026,Highlander,XLE,6953,46270,Drivetrain,,All-Wheel Drive,0,,only; no price shown,models/highlander_options.md:31
2026,Highlander,XLE,6953,46270,Powertrain,Transmission,Direct Shift 8-Speed Electronically Controlled automatic Transmission (ECT),0,,only; no price shown,models/highlander_options.md:31
2026,Highlander,XLE,6953,46270,Exterior color,,Ruby Flare Pearl,475,,*,models/highlander_options.md:32
2026,Highlander,XLE,6953,46270,Exterior color,,Blueprint,0,,no price,models/highlander_options.md:32
2026,Highlander,XLE,6953,46270,Exterior color,,Heavy Metal,475,,*,models/highlander_options.md:32
2026,Highlander,XLE,6953,46270,Exterior color,,Wind Chill Pearl,475,,*,models/highlander_options.md:32
2026,Highlander,XLE,6953,46270,Exterior color,,Midnight Black Metallic,0,,no price; default,models/highlander_options.md:32
2026,Highlander,XLE,6953,46270,Interior,,Black SofTex®/fabric mixed media trim,0,,no price shown,models/highlander_options.md:33
2026,Highlander,XLE,6953,46270,Interior,,Graphite SofTex® trim,0,,default; no price shown,models/highlander_options.md:33
2026,Highlander,XLE,6953,46270,Factory option,,Bench Seat,0,Seating for eight; second-row bench seat with 60/40 split/fold seats (no-cost option),No Additional Cost,models/highlander_options.md:36
2026,Highlander,XLE,6953,46270,Factory option,,12.3-in. Toyota Audio Multimedia,735,"12.3-in. Toyota Audio Multimedia with six speakers, with wireless Apple CarPlay® * & Android Auto™ * compatibility, USB media port, * four USB charge ports, * hands-free phone capability and music streaming * via Bluetooth® * wireless technology, SiriusXM® 3-month trial subscription. * See toyota.com/audio-multimedia for details",,models/highlander_options.md:37
2026,Highlander,XLE,6953,46270,Accessory package,Accessory Packages,All-Weather Floor Liner Package,388,,,models/highlander_options.md:38
2026,Highlander,XLE,6953,46270,Accessory package,Accessory Packages,Carpet Floor Mats & Cargo Liner Package,388,,,models/highlander_options.md:38
2026,Highlander,XLE,6953,46270,Accessory package,Accessory Packages,Carpet Mat Package,388,,,models/highlander_options.md:38
2026,Highlander,Hybrid XLE,6965,48020,Base,,Base MSRP,48020,,"Delivery, Processing and Handling Fee $1,595 not included",models/highlander_options.md:41
2026,Highlander,Hybrid XLE,6965,48020,Powertrain,Engine,2.5L 4-Cyl. Hybrid Engine,0,,only,models/highlander_options.md:42
2026,Highlander,Hybrid XLE,6965,48020,Drivetrain,,All-Wheel Drive,0,,only; no price shown,models/highlander_options.md:42
2026,Highlander,Hybrid XLE,6965,48020,Powertrain,Transmission,Electronically controlled Continuously Variable Transmission (ECVT),0,,only; no price shown,models/highlander_options.md:42
2026,Highlander,Hybrid XLE,6965,48020,Exterior color,,Ruby Flare Pearl,475,,*,models/highlander_options.md:43
2026,Highlander,Hybrid XLE,6965,48020,Exterior color,,Blueprint,0,,no price,models/highlander_options.md:43
2026,Highlander,Hybrid XLE,6965,48020,Exterior color,,Heavy Metal,475,,*,models/highlander_options.md:43
2026,Highlander,Hybrid XLE,6965,48020,Exterior color,,Wind Chill Pearl,475,,*,models/highlander_options.md:43
2026,Highlander,Hybrid XLE,6965,48020,Exterior color,,Midnight Black Metallic,0,,no price; default,models/highlander_options.md:43
2026,Highlander,Hybrid XLE,6965,48020,Interior,,Black SofTex®/fabric mixed media trim,0,,default; no price shown,models/highlander_options.md:44
2026,Highlander,Hybrid XLE,6965,48020,Interior,,Graphite SofTex® trim,0,,no price shown,models/highlander_options.md:44
2026,Highlander,Hybrid XLE,6965,48020,Factory option,,Bench Seat,0,Seating for eight; second-row bench seat with 60/40 split/fold seats (no-cost option),No Additional Cost,models/highlander_options.md:47
2026,Highlander,Hybrid XLE,6965,48020,Factory option,,12.3-in. Toyota Audio Multimedia,735,"12.3-in. Toyota Audio Multimedia with six speakers, with wireless Apple CarPlay® * & Android Auto™ * compatibility, USB media port, * four USB charge ports, * hands-free phone capability and music streaming * via Bluetooth® * wireless technology, SiriusXM® 3-month trial subscription (same option text as XLE)",,models/highlander_options.md:48
2026,Highlander,Hybrid XLE,6965,48020,Accessory package,Accessory Packages,All-Weather Floor Liner Package,388,,,models/highlander_options.md:49
2026,Highlander,Hybrid XLE,6965,48020,Accessory package,Accessory Packages,Carpet Floor Mats & Cargo Liner Package,388,,,models/highlander_options.md:49
2026,Highlander,Hybrid XLE,6965,48020,Accessory package,Accessory Packages,Carpet Mat Package,388,,,models/highlander_options.md:49
2026,Highlander,XSE,6959,48340,Base,,Base MSRP,48340,,"Delivery, Processing and Handling Fee $1,595 not included",models/highlander_options.md:52
2026,Highlander,XSE,6959,48340,Powertrain,Engine,2.4L 4-Cyl. Turbo Engine,0,,only,models/highlander_options.md:53
2026,Highlander,XSE,6959,48340,Drivetrain,,All-Wheel Drive,0,,only; no price shown,models/highlander_options.md:53
2026,Highlander,XSE,6959,48340,Powertrain,Transmission,Direct Shift 8-Speed Electronically Controlled automatic Transmission (ECT),0,,only; no price shown,models/highlander_options.md:53
2026,Highlander,XSE,6959,48340,Exterior color,,Ruby Flare Pearl,475,,*; default,models/highlander_options.md:54
2026,Highlander,XSE,6959,48340,Exterior color,,Blueprint,0,,no price,models/highlander_options.md:54
2026,Highlander,XSE,6959,48340,Exterior color,,Heavy Metal,475,,*,models/highlander_options.md:54
2026,Highlander,XSE,6959,48340,Exterior color,,Wind Chill Pearl,475,,*,models/highlander_options.md:54
2026,Highlander,XSE,6959,48340,Exterior color,,Midnight Black Metallic,0,,no price,models/highlander_options.md:54
2026,Highlander,XSE,6959,48340,Interior,,Black SofTex®/fabric mixed media trim,0,,no price shown,models/highlander_options.md:55
2026,Highlander,XSE,6959,48340,Factory option,,12.3-in. Toyota Audio Multimedia with JBL®,1375,"12.3-in. Toyota Audio Multimedia, with 11 JBL® * speakers including subwoofer and amplifier, with wireless Apple CarPlay® * & Android Auto™ * compatibility, USB media port, * four USB charge ports, * hands-free phone capability and music streaming * via Bluetooth® * wireless technology, SiriusXM® 3-month trial subscription. * See toyota.com/audio-multimedia for details",,models/highlander_options.md:58
2026,Highlander,XSE,6959,48340,Accessory package,Accessory Packages,All-Weather Floor Liner Package,388,,,models/highlander_options.md:59
2026,Highlander,XSE,6959,48340,Accessory package,Accessory Packages,Carpet Floor Mats & Cargo Liner Package,388,,,models/highlander_options.md:59
2026,Highlander,XSE,6959,48340,Accessory package,Accessory Packages,Carpet Mat Package,388,,,models/highlander_options.md:59
2026,Highlander,Limited,6956,50725,Base,,Base MSRP,50725,,"Delivery, Processing and Handling Fee $1,595 not included",models/highlander_options.md:62
2026,Highlander,Limited,6956,50725,Powertrain,Engine,2.4L 4-Cyl. Turbo Engine,0,,only,models/highlander_options.md:63
2026,Highlander,Limited,6956,50725,Drivetrain,,All-Wheel Drive,0,,only; no price shown,models/highlander_options.md:63
2026,Highlander,Limited,6956,50725,Powertrain,Transmission,Direct Shift 8-Speed Electronically Controlled automatic Transmission (ECT),0,,only; no price shown,models/highlander_options.md:63
2026,Highlander,Limited,6956,50725,Exterior color,,Ruby Flare Pearl,475,,*,models/highlander_options.md:64
2026,Highlander,Limited,6956,50725,Exterior color,,Blueprint,0,,no price,models/highlander_options.md:64
2026,Highlander,Limited,6956,50725,Exterior color,,Heavy Metal,475,,*; default,models/highlander_options.md:64
2026,Highlander,Limited,6956,50725,Exterior color,,Wind Chill Pearl,475,,*,models/highlander_options.md:64
2026,Highlander,Limited,6956,50725,Exterior color,,Midnight Black Metallic,0,,no price,models/highlander_options.md:64
2026,Highlander,Limited,6956,50725,Interior,,Black leather trim,0,,no price shown,models/highlander_options.md:65
2026,Highlander,Limited,6956,50725,Interior,,Graphite leather trim,0,,default; no price shown,models/highlander_options.md:65
2026,Highlander,Limited,6956,50725,Factory option,,Bench Seat,0,Seating for eight; second-row bench seat with 60/40 split/fold seats (no-cost option),No Additional Cost,models/highlander_options.md:68
2026,Highlander,Limited,6956,50725,Factory option,,Panoramic View Monitor (PVM),850,"Panoramic View Monitor (PVM) * with Perimeter Scan, Curb View",,models/highlander_options.md:69
2026,Highlander,Limited,6956,50725,Accessory package,Accessory Packages,All-Weather Floor Liner Package,388,,,models/highlander_options.md:70
2026,Highlander,Limited,6956,50725,Accessory package,Accessory Packages,Carpet Floor Mats & Cargo Liner Package,388,,,models/highlander_options.md:70
2026,Highlander,Limited,6956,50725,Accessory package,Accessory Packages,Carpet Mat Package,388,,,models/highlander_options.md:70
2026,Highlander,Hybrid Limited,6966,52475,Base,,Base MSRP,52475,,"Delivery, Processing and Handling Fee $1,595 not included",models/highlander_options.md:73
2026,Highlander,Hybrid Limited,6966,52475,Powertrain,Engine,2.5L 4-Cyl. Hybrid Engine,0,,only,models/highlander_options.md:74
2026,Highlander,Hybrid Limited,6966,52475,Drivetrain,,All-Wheel Drive,0,,only; no price shown,models/highlander_options.md:74
2026,Highlander,Hybrid Limited,6966,52475,Powertrain,Transmission,Electronically controlled Continuously Variable Transmission (ECVT),0,,only; no price shown,models/highlander_options.md:74
2026,Highlander,Hybrid Limited,6966,52475,Exterior color,,Ruby Flare Pearl,475,,*,models/highlander_options.md:75
2026,Highlander,Hybrid Limited,6966,52475,Exterior color,,Blueprint,0,,no price,models/highlander_options.md:75
2026,Highlander,Hybrid Limited,6966,52475,Exterior color,,Heavy Metal,475,,*; default,models/highlander_options.md:75
2026,Highlander,Hybrid Limited,6966,52475,Exterior color,,Wind Chill Pearl,475,,*,models/highlander_options.md:75
2026,Highlander,Hybrid Limited,6966,52475,Exterior color,,Midnight Black Metallic,0,,no price,models/highlander_options.md:75
2026,Highlander,Hybrid Limited,6966,52475,Interior,,Black leather trim,0,,no price shown,models/highlander_options.md:76
2026,Highlander,Hybrid Limited,6966,52475,Interior,,Graphite leather trim,0,,default; no price shown,models/highlander_options.md:76
2026,Highlander,Hybrid Limited,6966,52475,Factory option,,Panoramic View Monitor (PVM),850,"Panoramic View Monitor (PVM) * with Perimeter Scan, Curb View",,models/highlander_options.md:79
2026,Highlander,Hybrid Limited,6966,52475,Accessory package,Accessory Packages,All-Weather Floor Liner Package,388,,,models/highlander_options.md:81
2026,Highlander,Hybrid Limited,6966,52475,Accessory package,Accessory Packages,Carpet Floor Mats & Cargo Liner Package,388,,,models/highlander_options.md:81
2026,Highlander,Hybrid Limited,6966,52475,Accessory package,Accessory Packages,Carpet Mat Package,388,,,models/highlander_options.md:81
2026,Highlander,Platinum,6957,53925,Base,,Base MSRP,53925,,"Delivery, Processing and Handling Fee $1,595 not included",models/highlander_options.md:84
2026,Highlander,Platinum,6957,53925,Powertrain,Engine,2.4L 4-Cyl. Turbo Engine,0,,only,models/highlander_options.md:85
2026,Highlander,Platinum,6957,53925,Drivetrain,,All-Wheel Drive,0,,only; no price shown,models/highlander_options.md:85
2026,Highlander,Platinum,6957,53925,Powertrain,Transmission,Direct Shift 8-Speed Electronically Controlled automatic Transmission (ECT),0,,only; no price shown,models/highlander_options.md:85
2026,Highlander,Platinum,6957,53925,Exterior color,,Ruby Flare Pearl,475,,*,models/highlander_options.md:86
2026,Highlander,Platinum,6957,53925,Exterior color,,Blueprint,0,,no price,models/highlander_options.md:86
2026,Highlander,Platinum,6957,53925,Exterior color,,Heavy Metal,475,,*,models/highlander_options.md:86
2026,Highlander,Platinum,6957,53925,Exterior color,,Wind Chill Pearl,475,,*; default,models/highlander_options.md:86
2026,Highlander,Platinum,6957,53925,Exterior color,,Midnight Black Metallic,0,,no price,models/highlander_options.md:86
2026,Highlander,Platinum,6957,53925,Interior,,Black leather & Dinamica® trim,0,,no price shown,models/highlander_options.md:87
2026,Highlander,Platinum,6957,53925,Interior,,Glazed Caramel leather trim,0,,default; no price shown,models/highlander_options.md:87
2026,Highlander,Platinum,6957,53925,Interior,,Graphite leather trim,0,,no price shown,models/highlander_options.md:87
2026,Highlander,Platinum,6957,53925,Accessory package,Accessory Packages,All-Weather Floor Liner Package,388,,,models/highlander_options.md:90
2026,Highlander,Platinum,6957,53925,Accessory package,Accessory Packages,Carpet Floor Mats & Cargo Liner Package,388,,,models/highlander_options.md:90
2026,Highlander,Platinum,6957,53925,Accessory package,Accessory Packages,Carpet Mat Package,388,,,models/highlander_options.md:90
2026,Highlander,Platinum,6957,53925,Accessory package,Accessory Packages,Tow Hitch Receiver package,759,,,models/highlander_options.md:90
2026,Highlander,Hybrid Platinum,6967,55675,Base,,Base MSRP,55675,,"Delivery, Processing and Handling Fee $1,595 not included",models/highlander_options.md:93
2026,Highlander,Hybrid Platinum,6967,55675,Powertrain,Engine,2.5L 4-Cyl. Hybrid Engine,0,,only,models/highlander_options.md:94
2026,Highlander,Hybrid Platinum,6967,55675,Drivetrain,,All-Wheel Drive,0,,only; no price shown,models/highlander_options.md:94
2026,Highlander,Hybrid Platinum,6967,55675,Powertrain,Transmission,Electronically controlled Continuously Variable Transmission (ECVT),0,,only; no price shown,models/highlander_options.md:94
2026,Highlander,Hybrid Platinum,6967,55675,Exterior color,,Ruby Flare Pearl,475,,*,models/highlander_options.md:95
2026,Highlander,Hybrid Platinum,6967,55675,Exterior color,,Blueprint,0,,no price; default,models/highlander_options.md:95
2026,Highlander,Hybrid Platinum,6967,55675,Exterior color,,Heavy Metal,475,,*,models/highlander_options.md:95
2026,Highlander,Hybrid Platinum,6967,55675,Exterior color,,Wind Chill Pearl,475,,*,models/highlander_options.md:95
2026,Highlander,Hybrid Platinum,6967,55675,Exterior color,,Midnight Black Metallic,0,,no price,models/highlander_options.md:95
2026,Highlander,Hybrid Platinum,6967,55675,Interior,,Black leather & Dinamica® trim,0,,no price shown,models/highlander_options.md:96
2026,Highlander,Hybrid Platinum,6967,55675,Interior,,Glazed Caramel leather trim,0,,default; no price shown,models/highlander_options.md:96
2026,Highlander,Hybrid Platinum,6967,55675,Interior,,Graphite leather trim,0,,no price shown,models/highlander_options.md:96
2026,Highlander,Hybrid Platinum,6967,55675,Accessory package,Accessory Packages,All-Weather Floor Liner Package,388,,,models/highlander_options.md:99
2026,Highlander,Hybrid Platinum,6967,55675,Accessory package,Accessory Packages,Carpet Floor Mats & Cargo Liner Package,388,,,models/highlander_options.md:99
2026,Highlander,Hybrid Platinum,6967,55675,Accessory package,Accessory Packages,Carpet Mat Package,388,,,models/highlander_options.md:99
2026,Highlander,Hybrid Platinum,6967,55675,Accessory package,Accessory Packages,Tow Hitch Receiver package,759,,,models/highlander_options.md:99
2026,4Runner,SR5,8642,42270,Base,,Base MSRP,42270,,"Delivery, Processing and Handling Fee $1,595 not included",models/4runner_options.md:31
2026,4Runner,SR5,8642,42270,Powertrain,Engine,i-FORCE 2.4L 4-Cyl. Turbo Engine,0,,only; no price,models/4runner_options.md:32
2026,4Runner,SR5,8642,42270,Drivetrain,,Rear-Wheel Drive,0,,base; no price,models/4runner_options.md:32
2026,4Runner,SR5,8642,42270,Drivetrain,,Part-time 4-Wheel Drive,2000,,,models/4runner_options.md:32
2026,4Runner,SR5,8642,42270,Powertrain,Transmission,8-Speed Automatic Transmission,0,,only; no price,models/4runner_options.md:32
2026,4Runner,SR5,8642,42270,Exterior color,,Underground,0,,no price,models/4runner_options.md:33
2026,4Runner,SR5,8642,42270,Exterior color,,Heritage Blue,0,,no price,models/4runner_options.md:33
2026,4Runner,SR5,8642,42270,Exterior color,,Cutting Edge,0,,no price,models/4runner_options.md:33
2026,4Runner,SR5,8642,42270,Exterior color,,Black,0,,no price,models/4runner_options.md:33
2026,4Runner,SR5,8642,42270,Exterior color,,Ice Cap,0,,no price; default,models/4runner_options.md:33
2026,4Runner,SR5,8642,42270,Exterior color,,Supersonic Red,475,,* ; Everest not offered on this trim,models/4runner_options.md:33
2026,4Runner,SR5,8642,42270,Interior,,Black fabric,0,,no price,models/4runner_options.md:34
2026,4Runner,SR5,8642,42270,Interior,,Boulder fabric,0,,no price; default,models/4runner_options.md:34
2026,4Runner,SR5,8642,42270,Factory option,,Fixed Running Boards,345,Fixed running boards,,models/4runner_options.md:37
2026,4Runner,SR5,8642,42270,Factory option,,Third Row Seating - SR5,770,"50/50 split, fold-flat third-row seats",,models/4runner_options.md:38
2026,4Runner,SR5,8642,42270,Accessory package,Accessory Packages,Overlook Package,15451,,as shown; Installation not included,models/4runner_options.md:39
2026,4Runner,TRD Sport,8643,48750,Base,,Base MSRP,48750,,"Delivery, Processing and Handling Fee $1,595 not included",models/4runner_options.md:42
2026,4Runner,TRD Sport,8643,48750,Powertrain,Engine,i-FORCE 2.4L 4-Cyl. Turbo Engine,0,,only,models/4runner_options.md:43
2026,4Runner,TRD Sport,8643,48750,Drivetrain,,Rear-Wheel Drive,0,,base; no price,models/4runner_options.md:43
2026,4Runner,TRD Sport,8643,48750,Drivetrain,,Part-time 4-Wheel Drive,2000,,,models/4runner_options.md:43
2026,4Runner,TRD Sport,8643,48750,Powertrain,Transmission,8-Speed Automatic Transmission,0,,only,models/4runner_options.md:43
2026,4Runner,TRD Sport,8643,48750,Exterior color,,Underground,0,,no price,models/4runner_options.md:44
2026,4Runner,TRD Sport,8643,48750,Exterior color,,Heritage Blue,0,,no price,models/4runner_options.md:44
2026,4Runner,TRD Sport,8643,48750,Exterior color,,Cutting Edge,0,,no price,models/4runner_options.md:44
2026,4Runner,TRD Sport,8643,48750,Exterior color,,Black,0,,no price,models/4runner_options.md:44
2026,4Runner,TRD Sport,8643,48750,Exterior color,,Wind Chill Pearl,475,,*,models/4runner_options.md:44
2026,4Runner,TRD Sport,8643,48750,Exterior color,,Supersonic Red,475,,*; default; Everest and Ice Cap not offered on this trim,models/4runner_options.md:44
2026,4Runner,TRD Sport,8643,48750,Interior,,Black/Boulder fabric with Anodized Blue,0,,no price,models/4runner_options.md:45
2026,4Runner,TRD Sport,8643,48750,Interior,,Black/Boulder Fabric with Smoke Silver,0,,no price; default,models/4runner_options.md:45
2026,4Runner,TRD Sport,8643,48750,Accessory package,Accessory Packages,Overlook Package,15451,,as shown,models/4runner_options.md:48
2026,4Runner,TRD Off-Road,8670,50690,Base,,Base MSRP,50690,,"Delivery, Processing and Handling Fee $1,595 not included",models/4runner_options.md:51
2026,4Runner,TRD Off-Road,8670,50690,Powertrain,Engine,i-FORCE 2.4L 4-Cyl. Turbo Engine,0,,only,models/4runner_options.md:52
2026,4Runner,TRD Off-Road,8670,50690,Drivetrain,,Part-time 4-Wheel Drive,0,,only; no price,models/4runner_options.md:52
2026,4Runner,TRD Off-Road,8670,50690,Powertrain,Transmission,8-Speed Automatic Transmission,0,,only,models/4runner_options.md:52
2026,4Runner,TRD Off-Road,8670,50690,Exterior color,,Everest,0,,no price; default,models/4runner_options.md:53
2026,4Runner,TRD Off-Road,8670,50690,Exterior color,,Underground,0,,no price,models/4runner_options.md:53
2026,4Runner,TRD Off-Road,8670,50690,Exterior color,,Heritage Blue,0,,no price,models/4runner_options.md:53
2026,4Runner,TRD Off-Road,8670,50690,Exterior color,,Cutting Edge,0,,no price,models/4runner_options.md:53
2026,4Runner,TRD Off-Road,8670,50690,Exterior color,,Black,0,,no price,models/4runner_options.md:53
2026,4Runner,TRD Off-Road,8670,50690,Exterior color,,Ice Cap,0,,no price,models/4runner_options.md:53
2026,4Runner,TRD Off-Road,8670,50690,Exterior color,,Supersonic Red,475,,*,models/4runner_options.md:53
2026,4Runner,TRD Off-Road,8670,50690,Interior,,Black/Boulder fabric with Anodized Blue,0,,no price,models/4runner_options.md:54
2026,4Runner,TRD Off-Road,8670,50690,Interior,,Black/Boulder Fabric with Smoke Silver,0,,no price; default,models/4runner_options.md:54
2026,4Runner,TRD Off-Road,8670,50690,Accessory package,Accessory Packages,Overlook Package,15451,,as shown,models/4runner_options.md:57
2026,4Runner,TRD Off-Road i-FORCE MAX,8628,53490,Base,,Base MSRP,53490,,"Delivery, Processing and Handling Fee $1,595 not included",models/4runner_options.md:60
2026,4Runner,TRD Off-Road i-FORCE MAX,8628,53490,Powertrain,Engine,i-FORCE MAX 2.4L 4-Cyl. Turbo Hybrid Powertrain,0,,only; no price,models/4runner_options.md:61
2026,4Runner,TRD Off-Road i-FORCE MAX,8628,53490,Drivetrain,,Part-time 4-Wheel Drive,0,,only; no price,models/4runner_options.md:61
2026,4Runner,TRD Off-Road i-FORCE MAX,8628,53490,Powertrain,Transmission,8-Speed Automatic Transmission,0,,only; no price,models/4runner_options.md:61
2026,4Runner,TRD Off-Road i-FORCE MAX,8628,53490,Exterior color,,Everest,0,,no price,models/4runner_options.md:62
2026,4Runner,TRD Off-Road i-FORCE MAX,8628,53490,Exterior color,,Underground,0,,no price,models/4runner_options.md:62
2026,4Runner,TRD Off-Road i-FORCE MAX,8628,53490,Exterior color,,Heritage Blue,0,,no price,models/4runner_options.md:62
2026,4Runner,TRD Off-Road i-FORCE MAX,8628,53490,Exterior color,,Cutting Edge,0,,no price,models/4runner_options.md:62
2026,4Runner,TRD Off-Road i-FORCE MAX,8628,53490,Exterior color,,Black,0,,no price; default,models/4runner_options.md:62
2026,4Runner,TRD Off-Road i-FORCE MAX,8628,53490,Exterior color,,Ice Cap,0,,no price,models/4runner_options.md:62
2026,4Runner,TRD Off-Road i-FORCE MAX,8628,53490,Exterior color,,Supersonic Red,475,,*,models/4runner_options.md:62
2026,4Runner,TRD Off-Road i-FORCE MAX,8628,53490,Interior,,Black/Boulder fabric with Anodized Blue,0,,no price,models/4runner_options.md:63
2026,4Runner,TRD Off-Road i-FORCE MAX,8628,53490,Interior,,Black/Boulder Fabric with Smoke Silver,0,,no price; default,models/4runner_options.md:63
2026,4Runner,TRD Off-Road i-FORCE MAX,8628,53490,Factory option,,Prewired Auxiliary Switches,400,Four prewired DC power auxiliary switches *,,models/4runner_options.md:66
2026,4Runner,TRD Off-Road i-FORCE MAX,8628,53490,Accessory package,Accessory Packages,Overlook Package,15451,,as shown,models/4runner_options.md:67
2026,4Runner,TRD Sport Premium,8644,54110,Base,,Base MSRP,54110,,"Delivery, Processing and Handling Fee $1,595 not included",models/4runner_options.md:70
2026,4Runner,TRD Sport Premium,8644,54110,Powertrain,Engine,i-FORCE 2.4L 4-Cyl. Turbo Engine,0,,only,models/4runner_options.md:71
2026,4Runner,TRD Sport Premium,8644,54110,Drivetrain,,Rear-Wheel Drive,0,,base; no price,models/4runner_options.md:71
2026,4Runner,TRD Sport Premium,8644,54110,Drivetrain,,Part-time 4-Wheel Drive,2000,,,models/4runner_options.md:71
2026,4Runner,TRD Sport Premium,8644,54110,Powertrain,Transmission,8-Speed Automatic Transmission,0,,only,models/4runner_options.md:71
2026,4Runner,TRD Sport Premium,8644,54110,Exterior color,,Underground,0,,no price,models/4runner_options.md:72
2026,4Runner,TRD Sport Premium,8644,54110,Exterior color,,Heritage Blue,0,,no price,models/4runner_options.md:72
2026,4Runner,TRD Sport Premium,8644,54110,Exterior color,,Cutting Edge,0,,no price,models/4runner_options.md:72
2026,4Runner,TRD Sport Premium,8644,54110,Exterior color,,Black,0,,no price,models/4runner_options.md:72
2026,4Runner,TRD Sport Premium,8644,54110,Exterior color,,Wind Chill Pearl,475,,*; default,models/4runner_options.md:72
2026,4Runner,TRD Sport Premium,8644,54110,Exterior color,,Supersonic Red,475,,*,models/4runner_options.md:72
2026,4Runner,TRD Sport Premium,8644,54110,Interior,,Black SofTex® trim,0,,no price; default; only interior offered,models/4runner_options.md:73
2026,4Runner,TRD Sport Premium,8644,54110,Factory option,,Moonroof,850,Power tilt/slide moonroof with sunshade,,models/4runner_options.md:76
2026,4Runner,TRD Sport Premium,8644,54110,Factory option,,Tow Tech Package,400,digital rearview mirror; Integrated Trailer Brake Controller (ITBC) *; Trailer Backup Guide with Straight Path Assist (SPA) * functionality,,models/4runner_options.md:77
2026,4Runner,TRD Sport Premium,8644,54110,Accessory package,Accessory Packages,Overlook Package,15451,,as shown,models/4runner_options.md:78
2026,4Runner,TRD Off-Road Premium,8672,56470,Base,,Base MSRP,56470,,"Delivery, Processing and Handling Fee $1,595 not included",models/4runner_options.md:81
2026,4Runner,TRD Off-Road Premium,8672,56470,Powertrain,Engine,i-FORCE 2.4L 4-Cyl. Turbo Engine,0,,only,models/4runner_options.md:82
2026,4Runner,TRD Off-Road Premium,8672,56470,Drivetrain,,Part-time 4-Wheel Drive,0,,only; no price,models/4runner_options.md:82
2026,4Runner,TRD Off-Road Premium,8672,56470,Powertrain,Transmission,8-Speed Automatic Transmission,0,,only,models/4runner_options.md:82
2026,4Runner,TRD Off-Road Premium,8672,56470,Exterior color,,Everest,0,,no price,models/4runner_options.md:83
2026,4Runner,TRD Off-Road Premium,8672,56470,Exterior color,,Underground,0,,no price,models/4runner_options.md:83
2026,4Runner,TRD Off-Road Premium,8672,56470,Exterior color,,Heritage Blue,0,,no price,models/4runner_options.md:83
2026,4Runner,TRD Off-Road Premium,8672,56470,Exterior color,,Cutting Edge,0,,no price; default,models/4runner_options.md:83
2026,4Runner,TRD Off-Road Premium,8672,56470,Exterior color,,Black,0,,no price,models/4runner_options.md:83
2026,4Runner,TRD Off-Road Premium,8672,56470,Exterior color,,Ice Cap,0,,no price,models/4runner_options.md:83
2026,4Runner,TRD Off-Road Premium,8672,56470,Exterior color,,Supersonic Red,475,,*,models/4runner_options.md:83
2026,4Runner,TRD Off-Road Premium,8672,56470,Interior,,Black SofTex® trim,0,,no price; default; only interior offered,models/4runner_options.md:84
2026,4Runner,TRD Off-Road Premium,8672,56470,Factory option,,Moonroof,850,Power tilt/slide moonroof with sunshade,,models/4runner_options.md:87
2026,4Runner,TRD Off-Road Premium,8672,56470,Factory option,,Tow Tech Package,400,digital rearview mirror; Integrated Trailer Brake Controller (ITBC) *; Trailer Backup Guide with Straight Path Assist (SPA) * functionality,,models/4runner_options.md:88
2026,4Runner,TRD Off-Road Premium,8672,56470,Accessory package,Accessory Packages,Overlook Package,15451,,as shown,models/4runner_options.md:89
2026,4Runner,Limited,8648,56900,Base,,Base MSRP,56900,,"Delivery, Processing and Handling Fee $1,595 not included",models/4runner_options.md:92
2026,4Runner,Limited,8648,56900,Powertrain,Engine,i-FORCE 2.4L 4-Cyl. Turbo Engine,0,,only,models/4runner_options.md:93
2026,4Runner,Limited,8648,56900,Drivetrain,,Rear-Wheel Drive,0,,base; no price,models/4runner_options.md:93
2026,4Runner,Limited,8648,56900,Drivetrain,,Full-time 4-Wheel Drive,2000,,,models/4runner_options.md:93
2026,4Runner,Limited,8648,56900,Powertrain,Transmission,8-Speed Automatic Transmission,0,,only,models/4runner_options.md:93
2026,4Runner,Limited,8648,56900,Exterior color,,Underground,0,,no price,models/4runner_options.md:94
2026,4Runner,Limited,8648,56900,Exterior color,,Heritage Blue,0,,no price; default,models/4runner_options.md:94
2026,4Runner,Limited,8648,56900,Exterior color,,Black,0,,no price,models/4runner_options.md:94
2026,4Runner,Limited,8648,56900,Exterior color,,Wind Chill Pearl,475,,*,models/4runner_options.md:94
2026,4Runner,Limited,8648,56900,Exterior color,,Supersonic Red,475,,*,models/4runner_options.md:94
2026,4Runner,Limited,8648,56900,Interior,,Black leather trim,0,,no price; default,models/4runner_options.md:95
2026,4Runner,Limited,8648,56900,Interior,,Portobello Leather,0,,no price,models/4runner_options.md:95
2026,4Runner,Limited,8648,56900,Factory option,,Digital Key* Capability,275,Digital Key * capability - Digital Key enables smartphone to be used instead of a physical key (Remote Connect * subscription required),,models/4runner_options.md:98
2026,4Runner,Limited,8648,56900,Factory option,,Power Running Boards,1005,Power running boards,,models/4runner_options.md:99
2026,4Runner,Limited,8648,56900,Factory option,,Tow Tech Package,400,digital rearview mirror; Integrated Trailer Brake Controller (ITBC) *; Trailer Backup Guide with Straight Path Assist (SPA) * functionality,,models/4runner_options.md:100
2026,4Runner,Limited,8648,56900,Factory option,,LED Liftgate Light,200,LED liftgate light,,models/4runner_options.md:101
2026,4Runner,Limited,8648,56900,Factory option,,Third Row Seating - Limited,1330,"50/50 split, fold-flat third-row seats",,models/4runner_options.md:102
2026,4Runner,Limited,8648,56900,Accessory package,Accessory Packages,Overlook Package,15451,,as shown,models/4runner_options.md:103
2026,4Runner,TRD Off-Road Premium i-FORCE MAX,8630,59270,Base,,Base MSRP,59270,,"Delivery, Processing and Handling Fee $1,595 not included",models/4runner_options.md:106
2026,4Runner,TRD Off-Road Premium i-FORCE MAX,8630,59270,Powertrain,Engine,i-FORCE MAX 2.4L 4-Cyl. Turbo Hybrid Powertrain,0,,only; no price,models/4runner_options.md:107
2026,4Runner,TRD Off-Road Premium i-FORCE MAX,8630,59270,Drivetrain,,Part-time 4-Wheel Drive,0,,only; no price,models/4runner_options.md:107
2026,4Runner,TRD Off-Road Premium i-FORCE MAX,8630,59270,Powertrain,Transmission,8-Speed Automatic Transmission,0,,only; no price,models/4runner_options.md:107
2026,4Runner,TRD Off-Road Premium i-FORCE MAX,8630,59270,Exterior color,,Everest,0,,no price,models/4runner_options.md:108
2026,4Runner,TRD Off-Road Premium i-FORCE MAX,8630,59270,Exterior color,,Underground,0,,no price,models/4runner_options.md:108
2026,4Runner,TRD Off-Road Premium i-FORCE MAX,8630,59270,Exterior color,,Heritage Blue,0,,no price,models/4runner_options.md:108
2026,4Runner,TRD Off-Road Premium i-FORCE MAX,8630,59270,Exterior color,,Cutting Edge,0,,no price; default,models/4runner_options.md:108
2026,4Runner,TRD Off-Road Premium i-FORCE MAX,8630,59270,Exterior color,,Black,0,,no price,models/4runner_options.md:108
2026,4Runner,TRD Off-Road Premium i-FORCE MAX,8630,59270,Exterior color,,Ice Cap,0,,no price,models/4runner_options.md:108
2026,4Runner,TRD Off-Road Premium i-FORCE MAX,8630,59270,Exterior color,,Supersonic Red,475,,*,models/4runner_options.md:108
2026,4Runner,TRD Off-Road Premium i-FORCE MAX,8630,59270,Interior,,Black SofTex® trim,0,,no price; default; only interior offered,models/4runner_options.md:109
2026,4Runner,TRD Off-Road Premium i-FORCE MAX,8630,59270,Factory option,,Prewired Auxiliary Switches,400,Four prewired DC power auxiliary switches *,,models/4runner_options.md:112
2026,4Runner,TRD Off-Road Premium i-FORCE MAX,8630,59270,Factory option,,Moonroof,850,Power tilt/slide moonroof with sunshade,,models/4runner_options.md:113
2026,4Runner,TRD Off-Road Premium i-FORCE MAX,8630,59270,Factory option,,Stabilizer Disconnect Mechanism,1230,Stabilizer Disconnect Mechanism (SDM),,models/4runner_options.md:114
2026,4Runner,TRD Off-Road Premium i-FORCE MAX,8630,59270,Factory option,,Tow Tech Package,400,digital rearview mirror; Integrated Trailer Brake Controller (ITBC) *; Trailer Backup Guide with Straight Path Assist (SPA) * functionality,,models/4runner_options.md:115
2026,4Runner,TRD Off-Road Premium i-FORCE MAX,8630,59270,Accessory package,Accessory Packages,Overlook Package,15451,,as shown,models/4runner_options.md:116
2026,4Runner,Limited i-FORCE MAX,8632,61700,Base,,Base MSRP,61700,,"Delivery, Processing and Handling Fee $1,595 not included",models/4runner_options.md:119
2026,4Runner,Limited i-FORCE MAX,8632,61700,Powertrain,Engine,i-FORCE MAX 2.4L 4-Cyl. Turbo Hybrid Powertrain,0,,only; no price,models/4runner_options.md:120
2026,4Runner,Limited i-FORCE MAX,8632,61700,Drivetrain,,Full-time 4-Wheel Drive,0,,only; no price,models/4runner_options.md:120
2026,4Runner,Limited i-FORCE MAX,8632,61700,Powertrain,Transmission,8-Speed Automatic Transmission,0,,only; no price,models/4runner_options.md:120
2026,4Runner,Limited i-FORCE MAX,8632,61700,Exterior color,,Underground,0,,no price,models/4runner_options.md:121
2026,4Runner,Limited i-FORCE MAX,8632,61700,Exterior color,,Heritage Blue,0,,no price,models/4runner_options.md:121
2026,4Runner,Limited i-FORCE MAX,8632,61700,Exterior color,,Black,0,,no price,models/4runner_options.md:121
2026,4Runner,Limited i-FORCE MAX,8632,61700,Exterior color,,Wind Chill Pearl,475,,*,models/4runner_options.md:121
2026,4Runner,Limited i-FORCE MAX,8632,61700,Exterior color,,Supersonic Red,475,,*; default,models/4runner_options.md:121
2026,4Runner,Limited i-FORCE MAX,8632,61700,Interior,,Black leather trim,0,,no price; default,models/4runner_options.md:122
2026,4Runner,Limited i-FORCE MAX,8632,61700,Interior,,Portobello Leather,0,,no price,models/4runner_options.md:122
2026,4Runner,Limited i-FORCE MAX,8632,61700,Factory option,,Digital Key* Capability,275,Digital Key * capability - Digital Key enables smartphone to be used instead of a physical key (Remote Connect * subscription required),,models/4runner_options.md:125
2026,4Runner,Limited i-FORCE MAX,8632,61700,Factory option,,Power Running Boards,1005,Power running boards,,models/4runner_options.md:126
2026,4Runner,Limited i-FORCE MAX,8632,61700,Factory option,,Tow Tech Package,400,digital rearview mirror; Integrated Trailer Brake Controller (ITBC) *; Trailer Backup Guide with Straight Path Assist (SPA) * functionality,,models/4runner_options.md:127
2026,4Runner,Limited i-FORCE MAX,8632,61700,Factory option,,LED Liftgate Light,200,LED liftgate light,,models/4runner_options.md:128
2026,4Runner,Limited i-FORCE MAX,8632,61700,Accessory package,Accessory Packages,Overlook Package,15451,,as shown,models/4runner_options.md:129
2026,4Runner,Platinum,8638,64360,Base,,Base MSRP,64360,,"Delivery, Processing and Handling Fee $1,595 not included",models/4runner_options.md:132
2026,4Runner,Platinum,8638,64360,Powertrain,Engine,i-FORCE MAX 2.4L 4-Cyl. Turbo Hybrid Powertrain,0,,only; no price,models/4runner_options.md:133
2026,4Runner,Platinum,8638,64360,Drivetrain,,Full-time 4-Wheel Drive,0,,only; no price,models/4runner_options.md:133
2026,4Runner,Platinum,8638,64360,Powertrain,Transmission,8-Speed Automatic Transmission,0,,only; no price,models/4runner_options.md:133
2026,4Runner,Platinum,8638,64360,Exterior color,,Underground,0,,no price; default,models/4runner_options.md:134
2026,4Runner,Platinum,8638,64360,Exterior color,,Heritage Blue,0,,no price,models/4runner_options.md:134
2026,4Runner,Platinum,8638,64360,Exterior color,,Cutting Edge,0,,no price,models/4runner_options.md:134
2026,4Runner,Platinum,8638,64360,Exterior color,,Black,0,,no price,models/4runner_options.md:134
2026,4Runner,Platinum,8638,64360,Exterior color,,Wind Chill Pearl,475,,*,models/4runner_options.md:134
2026,4Runner,Platinum,8638,64360,Exterior color,,Supersonic Red,475,,*,models/4runner_options.md:134
2026,4Runner,Platinum,8638,64360,Interior,,Dark Navy Premium Leather,0,,no price; default; only interior offered,models/4runner_options.md:135
2026,4Runner,Platinum,8638,64360,Factory option,,Power Running Boards,1005,Power running boards,,models/4runner_options.md:138
2026,4Runner,Platinum,8638,64360,Factory option,,LED Liftgate Light,200,LED liftgate light,,models/4runner_options.md:139
2026,4Runner,Platinum,8638,64360,Accessory package,Accessory Packages,Overlook Package,15451,,as shown,models/4runner_options.md:140
2026,4Runner,Trailhunter,8636,68400,Base,,Base MSRP,68400,,"Delivery, Processing and Handling Fee $1,595 not included",models/4runner_options.md:143
2026,4Runner,Trailhunter,8636,68400,Powertrain,Engine,i-FORCE MAX 2.4L 4-Cyl. Turbo Hybrid Powertrain,0,,only; no price,models/4runner_options.md:144
2026,4Runner,Trailhunter,8636,68400,Drivetrain,,Part-time 4-Wheel Drive,0,,only; no price,models/4runner_options.md:144
2026,4Runner,Trailhunter,8636,68400,Powertrain,Transmission,8-Speed Automatic Transmission,0,,only; no price,models/4runner_options.md:144
2026,4Runner,Trailhunter,8636,68400,Exterior color,,Everest,0,,no price; default,models/4runner_options.md:145
2026,4Runner,Trailhunter,8636,68400,Exterior color,,Underground,0,,no price,models/4runner_options.md:145
2026,4Runner,Trailhunter,8636,68400,Exterior color,,Black,0,,no price,models/4runner_options.md:145
2026,4Runner,Trailhunter,8636,68400,Exterior color,,Ice Cap,0,,no price,models/4runner_options.md:145
2026,4Runner,Trailhunter,8636,68400,Interior,,Mineral SofTex®,0,,no price; default; only interior offered,models/4runner_options.md:146
2026,4Runner,Trailhunter,8636,68400,Factory option,,Digital Key* Capability,275,Digital Key * capability - Digital Key enables smartphone to be used instead of a physical key (Remote Connect * subscription required),,models/4runner_options.md:149
2026,4Runner,Trailhunter,8636,68400,Accessory package,Accessory Packages,Overlook Package,15451,,as shown,models/4runner_options.md:150
2026,4Runner,TRD Pro,8634,68600,Base,,Base MSRP,68600,,"Delivery, Processing and Handling Fee $1,595 not included",models/4runner_options.md:153
2026,4Runner,TRD Pro,8634,68600,Powertrain,Engine,i-FORCE MAX 2.4L 4-Cyl. Turbo Hybrid Powertrain,0,,only; no price,models/4runner_options.md:154
2026,4Runner,TRD Pro,8634,68600,Drivetrain,,Part-time 4-Wheel Drive,0,,only; no price,models/4runner_options.md:154
2026,4Runner,TRD Pro,8634,68600,Powertrain,Transmission,8-Speed Automatic Transmission,0,,only; no price,models/4runner_options.md:154
2026,4Runner,TRD Pro,8634,68600,Exterior color,,Wave Maker,695,,*; default,models/4runner_options.md:155
2026,4Runner,TRD Pro,8634,68600,Exterior color,,Underground,0,,no price,models/4runner_options.md:155
2026,4Runner,TRD Pro,8634,68600,Exterior color,,Black,0,,no price,models/4runner_options.md:155
2026,4Runner,TRD Pro,8634,68600,Exterior color,,Ice Cap,0,,no price,models/4runner_options.md:155
2026,4Runner,TRD Pro,8634,68600,Interior,,Black SofTex®,0,,no price; default,models/4runner_options.md:156
2026,4Runner,TRD Pro,8634,68600,Interior,,Cockpit Red SofTex® trim,0,,no price,models/4runner_options.md:156
2026,4Runner,TRD Pro,8634,68600,Factory option,,Digital Key* Capability,275,Digital Key * capability - Digital Key enables smartphone to be used instead of a physical key (Remote Connect * subscription required),,models/4runner_options.md:159
2026,4Runner,TRD Pro,8634,68600,Accessory package,Accessory Packages,Overlook Package,15451,,as shown,models/4runner_options.md:160
2027,Land Cruiser,Land Cruiser 1958,6165,58180,Base,,Base MSRP,58180,,"Delivery, Processing and Handling Fee $1,595 not included",models/land_cruiser_options.md:21
2027,Land Cruiser,Land Cruiser 1958,6165,58180,Powertrain,Engine,2.4L 4-Cyl. i-FORCE MAX Hybrid Engine,0,,only; no price,models/land_cruiser_options.md:22
2027,Land Cruiser,Land Cruiser 1958,6165,58180,Drivetrain,,Full-time 4-Wheel Drive,0,,only; no price,models/land_cruiser_options.md:22
2027,Land Cruiser,Land Cruiser 1958,6165,58180,Powertrain,Transmission,8-Speed Electronically Controlled automatic Transmission with intelligence (ECT-i) and sequential shift mode,0,,only; no price,models/land_cruiser_options.md:22
2027,Land Cruiser,Land Cruiser 1958,6165,58180,Exterior color,,Inked,0,,no price; default,models/land_cruiser_options.md:23
2027,Land Cruiser,Land Cruiser 1958,6165,58180,Exterior color,,Meteor Shower,0,,no price,models/land_cruiser_options.md:23
2027,Land Cruiser,Land Cruiser 1958,6165,58180,Exterior color,,Ice Cap,0,,no price,models/land_cruiser_options.md:23
2027,Land Cruiser,Land Cruiser 1958,6165,58180,Interior,,Black fabric,0,,no price; default; only interior offered,models/land_cruiser_options.md:24
2027,Land Cruiser,Land Cruiser 1958,6165,58180,Factory option,,Rear Bumper Guard,230,,,models/land_cruiser_options.md:27
2027,Land Cruiser,Land Cruiser 1958,6165,58180,Factory option,,High-mount Air Intake,980,,,models/land_cruiser_options.md:28
2027,Land Cruiser,Land Cruiser 1958,6165,58180,Factory option,,Liftgate Light,200,,,models/land_cruiser_options.md:29
2027,Land Cruiser,Land Cruiser 1958,6165,58180,Accessory package,Accessory Packages,Rookie Tailgate Package,3831,,Installation not included,models/land_cruiser_options.md:30
2027,Land Cruiser,Land Cruiser 1958,6165,58180,Accessory package,Accessory Packages,Skid Plate Package,905,,,models/land_cruiser_options.md:30
2027,Land Cruiser,Land Cruiser,6167,64255,Base,,Base MSRP,64255,,"Delivery, Processing and Handling Fee $1,595 not included",models/land_cruiser_options.md:33
2027,Land Cruiser,Land Cruiser,6167,64255,Powertrain,Engine,2.4L 4-Cyl. i-FORCE MAX Hybrid Engine,0,,only; no price,models/land_cruiser_options.md:34
2027,Land Cruiser,Land Cruiser,6167,64255,Drivetrain,,Full-time 4-Wheel Drive,0,,only; no price,models/land_cruiser_options.md:34
2027,Land Cruiser,Land Cruiser,6167,64255,Powertrain,Transmission,8-Speed Electronically Controlled automatic Transmission with intelligence (ECT-i) and sequential shift mode,0,,only; no price,models/land_cruiser_options.md:34
2027,Land Cruiser,Land Cruiser,6167,64255,Exterior color,,Heritage Blue,0,,no price; default,models/land_cruiser_options.md:35
2027,Land Cruiser,Land Cruiser,6167,64255,Exterior color,,Trail Dust/Grayscape,350,,*,models/land_cruiser_options.md:35
2027,Land Cruiser,Land Cruiser,6167,64255,Exterior color,,Heritage Blue/Grayscape,350,,*,models/land_cruiser_options.md:35
2027,Land Cruiser,Land Cruiser,6167,64255,Exterior color,,Inked,0,,no price,models/land_cruiser_options.md:35
2027,Land Cruiser,Land Cruiser,6167,64255,Exterior color,,Wind Chill Pearl,475,,*,models/land_cruiser_options.md:35
2027,Land Cruiser,Land Cruiser,6167,64255,Exterior color,,Meteor Shower,0,,no price,models/land_cruiser_options.md:35
2027,Land Cruiser,Land Cruiser,6167,64255,Exterior color,,Ice Cap,0,,no price,models/land_cruiser_options.md:35
2027,Land Cruiser,Land Cruiser,6167,64255,Exterior color,,Underground,0,,no price,models/land_cruiser_options.md:35
2027,Land Cruiser,Land Cruiser,6167,64255,Interior,,Java SofTex® trim,0,,no price; default,models/land_cruiser_options.md:36
2027,Land Cruiser,Land Cruiser,6167,64255,Interior,,Java leather trim,0,,no price,models/land_cruiser_options.md:36
2027,Land Cruiser,Land Cruiser,6167,64255,Interior,,Black SofTex® trim,0,,no price,models/land_cruiser_options.md:36
2027,Land Cruiser,Land Cruiser,6167,64255,Interior,,Black leather trim,0,,no price,models/land_cruiser_options.md:36
2027,Land Cruiser,Land Cruiser,6167,64255,Factory package,,Premium Package,4905,"Land Cruiser Premium Package - 14-speaker JBL® * Premium Audio including subwoofer and amplifier, illuminated entry with illuminated running boards, power moonroof with sunshade, digital rearview mirror, leather-trimmed steering wheel, power front seats with memory driver's seat, heated and ventilated second row seats, Digital Key * capability, Head-Up Display (HUD), Lane Change Assist (LCA), * Front Cross-Traffic Alert (FCTA), * and Traffic Jam Assist (TJA) *",Additional change(s) required,models/land_cruiser_options.md:38
2027,Land Cruiser,Land Cruiser,6167,64255,Factory option,,20-in. Gray Alloy Wheels,1240,,contents not shown,models/land_cruiser_options.md:40
2027,Land Cruiser,Land Cruiser,6167,64255,Factory option,,Rear Bumper Guard,230,,contents not shown,models/land_cruiser_options.md:41
2027,Land Cruiser,Land Cruiser,6167,64255,Factory option,,Console Cool Box,170,,contents not shown,models/land_cruiser_options.md:42
2027,Land Cruiser,Land Cruiser,6167,64255,Factory option,,Moonroof,850,Power tilt/slide moonroof with sunshade,,models/land_cruiser_options.md:43
2027,Land Cruiser,Land Cruiser,6167,64255,Factory option,,High-mount Air Intake,980,,contents not shown,models/land_cruiser_options.md:44
2027,Land Cruiser,Land Cruiser,6167,64255,Factory option,,Liftgate Light,200,,contents not shown,models/land_cruiser_options.md:45
2027,Land Cruiser,Land Cruiser,6167,64255,Accessory package,Accessory Packages,Rookie Tailgate Package,3831,,Installation not included,models/land_cruiser_options.md:46
2027,Land Cruiser,Land Cruiser,6167,64255,Accessory package,Accessory Packages,Skid Plate Package,905,,,models/land_cruiser_options.md:46
2026,Sequoia,SR5,7946,65725,Base,,Base MSRP,65725,,"Delivery, Processing and Handling Fee $2,195 not included",models/sequoia_options.md:25
2026,Sequoia,SR5,7946,65725,Powertrain,Engine,i-FORCE MAX Hybrid Engine,0,,only; no price,models/sequoia_options.md:26
2026,Sequoia,SR5,7946,65725,Drivetrain,,Rear-Wheel Drive,0,,base; no price,models/sequoia_options.md:26
2026,Sequoia,SR5,7946,65725,Drivetrain,,4-Wheel Drive,3000,,,models/sequoia_options.md:26
2026,Sequoia,SR5,7946,65725,Powertrain,Transmission,10-Speed Electronically Controlled automatic Transmission with intelligence (ECT-i) and sequential shift mode,0,,only; no price,models/sequoia_options.md:26
2026,Sequoia,SR5,7946,65725,Exterior color,,Lunar Rock,0,,no price,models/sequoia_options.md:27
2026,Sequoia,SR5,7946,65725,Exterior color,,Blueprint,0,,no price,models/sequoia_options.md:27
2026,Sequoia,SR5,7946,65725,Exterior color,,Celestial Silver Metallic,0,,no price,models/sequoia_options.md:27
2026,Sequoia,SR5,7946,65725,Exterior color,,Magnetic Gray Metallic,0,,no price,models/sequoia_options.md:27
2026,Sequoia,SR5,7946,65725,Exterior color,,Midnight Black Metallic,0,,no price,models/sequoia_options.md:27
2026,Sequoia,SR5,7946,65725,Exterior color,,Supersonic Red,475,,*,models/sequoia_options.md:27
2026,Sequoia,SR5,7946,65725,Exterior color,,Ice Cap,0,,no price; default,models/sequoia_options.md:27
2026,Sequoia,SR5,7946,65725,Exterior color,,Mudbath,0,,no price; Wind Chill Pearl not offered on this trim,models/sequoia_options.md:27
2026,Sequoia,SR5,7946,65725,Interior,,Black Fabric,0,,no price; default,models/sequoia_options.md:28
2026,Sequoia,SR5,7946,65725,Interior,,Black Leather,0,,no price,models/sequoia_options.md:28
2026,Sequoia,SR5,7946,65725,Interior,,Boulder leather trim,0,,no price,models/sequoia_options.md:28
2026,Sequoia,SR5,7946,65725,Factory package,,SR5 Premium Package,2085,SR5 Premium Package - 14-in. Toyota Audio Multimedia touchscreen; Leather-trimmed seats; Power-folding third-row seats; Hands-free power liftgate *; 400W/120V * rear-cabin AC power supply; 400W/120V * cargo-area AC power supply,Additional change(s) required,models/sequoia_options.md:30
2026,Sequoia,SR5,7946,65725,Factory package,,Tow Tech Pkg w/Wireless Trailer Camera System,1050,Tow Tech Package With Wireless Trailer Camera System - Digital display rearview mirror; Trailer Backup Guide with Straight Path Assist (SPA) *; Exterior antenna and wireless trailer camera *,Additional change(s) required,models/sequoia_options.md:31
2026,Sequoia,SR5,7946,65725,Factory package,,Tow Tech Pkg w/o Wireless Trailer Camera System,200,Tow Tech Package Without Wireless Trailer Camera System - Digital display rearview mirror; Trailer Backup Guide with Straight Path Assist (SPA) *,Additional change(s) required,models/sequoia_options.md:32
2026,Sequoia,SR5,7946,65725,Factory option,,SR5 Power Tow Mirrors,290,Power-extending tow mirrors with convex spotter and work light,,models/sequoia_options.md:34
2026,Sequoia,SR5,7946,65725,Factory option,,Heated Leather-Wrapped Steering Wheel,150,,contents not shown,models/sequoia_options.md:35
2026,Sequoia,SR5,7946,65725,Accessory package,Accessory Packages,All-Weather Floor Liner Package,388,,,models/sequoia_options.md:36
2026,Sequoia,SR5,7946,65725,Accessory package,Accessory Packages,Basecamp Package,5463,,Installation not included,models/sequoia_options.md:36
2026,Sequoia,SR5,7946,65725,Accessory package,Accessory Packages,Carpet Mat Package,388,,,models/sequoia_options.md:36
2026,Sequoia,Limited,7948,71495,Base,,Base MSRP,71495,,"Delivery, Processing and Handling Fee $2,195 not included",models/sequoia_options.md:39
2026,Sequoia,Limited,7948,71495,Powertrain,Engine,i-FORCE MAX Hybrid Engine,0,,only; no price,models/sequoia_options.md:40
2026,Sequoia,Limited,7948,71495,Drivetrain,,Rear-Wheel Drive,0,,base; no price,models/sequoia_options.md:40
2026,Sequoia,Limited,7948,71495,Drivetrain,,4-Wheel Drive,3000,,,models/sequoia_options.md:40
2026,Sequoia,Limited,7948,71495,Powertrain,Transmission,10-Speed Electronically Controlled automatic Transmission with intelligence (ECT-i) and sequential shift mode,0,,only; no price,models/sequoia_options.md:40
2026,Sequoia,Limited,7948,71495,Exterior color,,Lunar Rock,0,,no price; default,models/sequoia_options.md:41
2026,Sequoia,Limited,7948,71495,Exterior color,,Blueprint,0,,no price,models/sequoia_options.md:41
2026,Sequoia,Limited,7948,71495,Exterior color,,Celestial Silver Metallic,0,,no price,models/sequoia_options.md:41
2026,Sequoia,Limited,7948,71495,Exterior color,,Magnetic Gray Metallic,0,,no price,models/sequoia_options.md:41
2026,Sequoia,Limited,7948,71495,Exterior color,,Midnight Black Metallic,0,,no price,models/sequoia_options.md:41
2026,Sequoia,Limited,7948,71495,Exterior color,,Supersonic Red,475,,*,models/sequoia_options.md:41
2026,Sequoia,Limited,7948,71495,Exterior color,,Wind Chill Pearl,475,,*,models/sequoia_options.md:41
2026,Sequoia,Limited,7948,71495,Exterior color,,Ice Cap,0,,no price,models/sequoia_options.md:41
2026,Sequoia,Limited,7948,71495,Exterior color,,Mudbath,0,,no price,models/sequoia_options.md:41
2026,Sequoia,Limited,7948,71495,Interior,,Boulder Leather,0,,no price; default,models/sequoia_options.md:42
2026,Sequoia,Limited,7948,71495,Interior,,Black leather trim,0,,no price,models/sequoia_options.md:42
2026,Sequoia,Limited,7948,71495,Factory package,,Nightshade Package,500,Black 20-in. wheels; replaces chrome with black color-keyed accents,,models/sequoia_options.md:44
2026,Sequoia,Limited,7948,71495,Factory package,,Tow Tech Pkg w/Wireless Trailer Camera System,1050,Tow Tech Package With Wireless Trailer Camera System - Digital display rearview mirror; Trailer Backup Guide with Straight Path Assist (SPA) *; Exterior antenna and wireless trailer camera *,Additional change(s) required,models/sequoia_options.md:45
2026,Sequoia,Limited,7948,71495,Factory package,,Tow Tech Pkg w/o Wireless Trailer Camera System,200,Tow Tech Package Without Wireless Trailer Camera System - Digital display rearview mirror; Trailer Backup Guide with Straight Path Assist (SPA) *,Additional change(s) required,models/sequoia_options.md:46
2026,Sequoia,Limited,7948,71495,Factory option,,Auto-Leveling Headlamps,195,Premium auto-leveling LED headlights with sequential turn signals,Additional change(s) required,models/sequoia_options.md:48
2026,Sequoia,Limited,7948,71495,Factory option,,Captain's Chairs,350,,contents not shown,models/sequoia_options.md:49
2026,Sequoia,Limited,7948,71495,Factory option,,JBL® Premium Audio,720,JBL® * 14-speaker Premium Audio with Qi-compatible wireless smartphone charging * and charge indicator light,,models/sequoia_options.md:50
2026,Sequoia,Limited,7948,71495,Factory option,,Power Tow Mirrors,290,Power-extending tow mirrors with convex spotter and work light,,models/sequoia_options.md:51
2026,Sequoia,Limited,7948,71495,Factory option,,Panoramic Roof,500,Power tilt/slide panoramic roof with power sunshade,,models/sequoia_options.md:52
2026,Sequoia,Limited,7948,71495,Accessory package,Accessory Packages,All-Weather Floor Liner Package,388,,,models/sequoia_options.md:53
2026,Sequoia,Limited,7948,71495,Accessory package,Accessory Packages,Basecamp Package,5463,,Installation not included,models/sequoia_options.md:53
2026,Sequoia,Limited,7948,71495,Accessory package,Accessory Packages,Carpet Mat Package,388,,,models/sequoia_options.md:53
2026,Sequoia,Platinum,7951,81735,Base,,Base MSRP,81735,,"Delivery, Processing and Handling Fee $2,195 not included",models/sequoia_options.md:56
2026,Sequoia,Platinum,7951,81735,Powertrain,Engine,i-FORCE MAX Hybrid Engine,0,,only; no price,models/sequoia_options.md:57
2026,Sequoia,Platinum,7951,81735,Drivetrain,,4-Wheel Drive,0,,only; no price shown,models/sequoia_options.md:57
2026,Sequoia,Platinum,7951,81735,Powertrain,Transmission,10-Speed Electronically Controlled automatic Transmission with intelligence (ECT-i),0,,only; no price,models/sequoia_options.md:57
2026,Sequoia,Platinum,7951,81735,Exterior color,,Lunar Rock,0,,no price,models/sequoia_options.md:58
2026,Sequoia,Platinum,7951,81735,Exterior color,,Blueprint,0,,no price; default,models/sequoia_options.md:58
2026,Sequoia,Platinum,7951,81735,Exterior color,,Celestial Silver Metallic,0,,no price,models/sequoia_options.md:58
2026,Sequoia,Platinum,7951,81735,Exterior color,,Mudbath,0,,no price,models/sequoia_options.md:58
2026,Sequoia,Platinum,7951,81735,Exterior color,,Magnetic Gray Metallic,0,,no price,models/sequoia_options.md:58
2026,Sequoia,Platinum,7951,81735,Exterior color,,Midnight Black Metallic,0,,no price,models/sequoia_options.md:58
2026,Sequoia,Platinum,7951,81735,Exterior color,,Supersonic Red,475,,*,models/sequoia_options.md:58
2026,Sequoia,Platinum,7951,81735,Exterior color,,Wind Chill Pearl,475,,*,models/sequoia_options.md:58
2026,Sequoia,Platinum,7951,81735,Interior,,Black leather trim,0,,no price; default; only interior offered,models/sequoia_options.md:59
2026,Sequoia,Platinum,7951,81735,Factory package,,TRD Off-Road Package (4x4 only),2820,"TRD Off-Road Package - 20-in. TRD Off-Road matte-black alloy wheels with TRD center caps and all-terrain tires; ""TRD OFF-ROAD"" badging; Off-road suspension with Bilstein® * shocks; Skid plates; Red TRD engine start button; TRD leather-wrapped shift knob; Aluminum sport pedals; Electronically controlled locking rear differential; Multi-Terrain Select (MTS); Multi-Terrain Monitor (MTM); Crawl Control (CRAWL) *; Downhill Assist Control (DAC) *; Cast aluminum running boards",Additional change(s) required,models/sequoia_options.md:61
2026,Sequoia,Platinum,7951,81735,Factory package,,Tow Tech Pkg w/Wireless Trailer Camera System,850,Tow Tech Package With Wireless Trailer Camera System - Digital display rearview mirror; Trailer Backup Guide with Straight Path Assist (SPA) *; Exterior antenna and wireless trailer camera *,,models/sequoia_options.md:62
2026,Sequoia,Platinum,7951,81735,Factory option,,10-In. Head-Up Display,600,"10-in. color Head-Up Display (HUD) with speedometer, navigation * and Hybrid System Indicator",,models/sequoia_options.md:64
2026,Sequoia,Platinum,7951,81735,Factory option,,Power Tow Mirrors,290,Power-extending tow mirrors with convex spotter and work light,,models/sequoia_options.md:65
2026,Sequoia,Platinum,7951,81735,Factory option,,Rear Air Suspension,1045,Load-leveling Rear Height Control Air Suspension with Adaptive Variable Suspension (AVS),Additional change(s) required,models/sequoia_options.md:66
2026,Sequoia,Platinum,7951,81735,Factory option,,Power Running Boards,1005,,contents not shown,models/sequoia_options.md:67
2026,Sequoia,Platinum,7951,81735,Factory option,,Off-Road Front Skid Plate,0,,No Additional Cost; Additional change(s) required; contents not shown,models/sequoia_options.md:68
2026,Sequoia,Platinum,7951,81735,Factory option,,TRD Front Skid Plate,385,,contents not shown,models/sequoia_options.md:69
2026,Sequoia,Platinum,7951,81735,Accessory package,Accessory Packages,All-Weather Floor Liner Package,388,,,models/sequoia_options.md:70
2026,Sequoia,Platinum,7951,81735,Accessory package,Accessory Packages,Basecamp Package,5463,,Installation not included,models/sequoia_options.md:70
2026,Sequoia,Platinum,7951,81735,Accessory package,Accessory Packages,Carpet Mat Package,388,,,models/sequoia_options.md:70
2026,Sequoia,TRD Pro,7953,82465,Base,,Base MSRP,82465,,"Delivery, Processing and Handling Fee $2,195 not included",models/sequoia_options.md:73
2026,Sequoia,TRD Pro,7953,82465,Powertrain,Engine,i-FORCE MAX Hybrid Engine,0,,only; no price,models/sequoia_options.md:74
2026,Sequoia,TRD Pro,7953,82465,Drivetrain,,4-Wheel Drive,0,,only; no price shown,models/sequoia_options.md:74
2026,Sequoia,TRD Pro,7953,82465,Powertrain,Transmission,10-Speed Electronically Controlled automatic Transmission with intelligence (ECT-i),0,,only; no price,models/sequoia_options.md:74
2026,Sequoia,TRD Pro,7953,82465,Exterior color,,Wave Maker,695,,*,models/sequoia_options.md:75
2026,Sequoia,TRD Pro,7953,82465,Exterior color,,Magnetic Gray Metallic,0,,no price,models/sequoia_options.md:75
2026,Sequoia,TRD Pro,7953,82465,Exterior color,,Midnight Black Metallic,0,,no price,models/sequoia_options.md:75
2026,Sequoia,TRD Pro,7953,82465,Exterior color,,Ice Cap,0,,no price; default,models/sequoia_options.md:75
2026,Sequoia,TRD Pro,7953,82465,Interior,,Cockpit Red SofTex® trim,0,,no price,models/sequoia_options.md:76
2026,Sequoia,TRD Pro,7953,82465,Interior,,Black SofTex® trim,0,,no price; default,models/sequoia_options.md:76
2026,Sequoia,TRD Pro,7953,82465,Factory package,,Tow Tech Pkg w/Wireless Trailer Camera System,850,Tow Tech Package With Wireless Trailer Camera System - Digital display rearview mirror; Trailer Backup Guide with Straight Path Assist (SPA) *; Exterior antenna and wireless trailer camera *,,models/sequoia_options.md:78
2026,Sequoia,TRD Pro,7953,82465,Factory option,,Power Tow Mirrors,290,Power-extending tow mirrors with convex spotter and work light,,models/sequoia_options.md:80
2026,Sequoia,TRD Pro,7953,82465,Factory option,,Panoramic Roof,500,Power tilt/slide panoramic roof with power sunshade,,models/sequoia_options.md:81
2026,Sequoia,TRD Pro,7953,82465,Accessory package,Accessory Packages,Basecamp Package,5463,,Installation not included.. No other accessory packages listed on this trim,models/sequoia_options.md:82
2026,Sequoia,1794 Edition,7957,82550,Base,,Base MSRP,82550,,"Delivery, Processing and Handling Fee $2,195 not included",models/sequoia_options.md:85
2026,Sequoia,1794 Edition,7957,82550,Powertrain,Engine,i-FORCE MAX Hybrid Engine,0,,only; no price,models/sequoia_options.md:86
2026,Sequoia,1794 Edition,7957,82550,Drivetrain,,4-Wheel Drive,0,,only; no price shown,models/sequoia_options.md:86
2026,Sequoia,1794 Edition,7957,82550,Powertrain,Transmission,10-Speed Electronically Controlled automatic Transmission with intelligence (ECT-i),0,,only; no price,models/sequoia_options.md:86
2026,Sequoia,1794 Edition,7957,82550,Exterior color,,Lunar Rock,0,,no price,models/sequoia_options.md:87
2026,Sequoia,1794 Edition,7957,82550,Exterior color,,Blueprint,0,,no price,models/sequoia_options.md:87
2026,Sequoia,1794 Edition,7957,82550,Exterior color,,Celestial Silver Metallic,0,,no price,models/sequoia_options.md:87
2026,Sequoia,1794 Edition,7957,82550,Exterior color,,Mudbath,0,,no price,models/sequoia_options.md:87
2026,Sequoia,1794 Edition,7957,82550,Exterior color,,Magnetic Gray Metallic,0,,no price,models/sequoia_options.md:87
2026,Sequoia,1794 Edition,7957,82550,Exterior color,,Midnight Black Metallic,0,,no price,models/sequoia_options.md:87
2026,Sequoia,1794 Edition,7957,82550,Exterior color,,Wind Chill Pearl,475,,*; default,models/sequoia_options.md:87
2026,Sequoia,1794 Edition,7957,82550,Interior,,Saddle Tan leather trim,0,,no price; default; only interior offered,models/sequoia_options.md:88
2026,Sequoia,1794 Edition,7957,82550,Factory package,,TRD Off-Road Package,2135,"TRD Off-Road Package - 20-in. TRD Off-Road matte-black alloy wheels with all-terrain tires; ""TRD OFF-ROAD"" badging; Off-road suspension with Bilstein® * shocks; Skid plates; Red TRD engine start button; TRD leather-wrapped shift knob; Aluminum sport pedals; Electronically controlled locking rear differential; Multi-Terrain Select (MTS); Multi-Terrain Monitor (MTM); Crawl Control (CRAWL) *; Downhill Assist Control (DAC) *; Cast aluminum running boards",Additional change(s) required,models/sequoia_options.md:90
2026,Sequoia,1794 Edition,7957,82550,Factory package,,Tow Tech Pkg w/Wireless Trailer Camera System,850,Tow Tech Package With Wireless Trailer Camera System - Digital display rearview mirror; Trailer Backup Guide with Straight Path Assist (SPA) *; Exterior antenna and wireless trailer camera *,,models/sequoia_options.md:91
2026,Sequoia,1794 Edition,7957,82550,Factory option,,10-In. Head-Up Display,600,"10-in. color Head-Up Display (HUD) with speedometer, navigation * and Hybrid System Indicator",,models/sequoia_options.md:93
2026,Sequoia,1794 Edition,7957,82550,Factory option,,1794 Grade Package with Power Tow Mirrors,290,1794 Grade Package - includes all content included as standard equipment and power tow mirrors,,models/sequoia_options.md:94
2026,Sequoia,1794 Edition,7957,82550,Factory option,,Rear Air Suspension,1045,Load-leveling Rear Height Control Air Suspension with Adaptive Variable Suspension (AVS),Additional change(s) required,models/sequoia_options.md:95
2026,Sequoia,1794 Edition,7957,82550,Factory option,,Power Running Boards,1005,,contents not shown,models/sequoia_options.md:96
2026,Sequoia,1794 Edition,7957,82550,Factory option,,Off-Road Front Skid Plate,0,,No Additional Cost; Additional change(s) required; contents not shown,models/sequoia_options.md:97
2026,Sequoia,1794 Edition,7957,82550,Factory option,,TRD Front Skid Plate,385,,contents not shown,models/sequoia_options.md:98
2026,Sequoia,1794 Edition,7957,82550,Accessory package,Accessory Packages,Basecamp Package,5463,,Installation not included.. No other accessory packages listed on this trim,models/sequoia_options.md:99
2026,Sequoia,Capstone,7955,86135,Base,,Base MSRP,86135,,"Delivery, Processing and Handling Fee $2,195 not included",models/sequoia_options.md:102
2026,Sequoia,Capstone,7955,86135,Powertrain,Engine,i-FORCE MAX Hybrid Engine,0,,only; no price,models/sequoia_options.md:103
2026,Sequoia,Capstone,7955,86135,Drivetrain,,4-Wheel Drive,0,,only; no price shown,models/sequoia_options.md:103
2026,Sequoia,Capstone,7955,86135,Powertrain,Transmission,10-Speed Electronically Controlled automatic Transmission with intelligence (ECT-i),0,,only; no price,models/sequoia_options.md:103
2026,Sequoia,Capstone,7955,86135,Exterior color,,Blueprint,0,,no price,models/sequoia_options.md:104
2026,Sequoia,Capstone,7955,86135,Exterior color,,Celestial Silver Metallic,0,,no price,models/sequoia_options.md:104
2026,Sequoia,Capstone,7955,86135,Exterior color,,Magnetic Gray Metallic,0,,no price,models/sequoia_options.md:104
2026,Sequoia,Capstone,7955,86135,Exterior color,,Midnight Black Metallic,0,,no price,models/sequoia_options.md:104
2026,Sequoia,Capstone,7955,86135,Exterior color,,Supersonic Red,475,,*; default,models/sequoia_options.md:104
2026,Sequoia,Capstone,7955,86135,Exterior color,,Wind Chill Pearl,475,,*,models/sequoia_options.md:104
2026,Sequoia,Capstone,7955,86135,Interior,,Shale Premium Textured Leather-trimmed,0,,no price; default; only interior offered,models/sequoia_options.md:105
2026,Sequoia,Capstone,7955,86135,Factory package,,Capstone Grade Package With Power Tow Mirrors,290,Capstone Grade Package - All content included as standard equipment and power tow mirrors,,models/sequoia_options.md:107
2026,Sequoia,Capstone,7955,86135,Factory package,,Tow Tech Pkg w/Wireless Trailer Camera System,850,Tow Tech Package With Wireless Trailer Camera System - Digital display rearview mirror; Trailer Backup Guide with Straight Path Assist (SPA) *; Exterior antenna and wireless trailer camera *,,models/sequoia_options.md:108
2026,Sequoia,Capstone,7955,86135,Factory option,,Rear Air Suspension,1045,Load-leveling Rear Height Control Air Suspension with Adaptive Variable Suspension (AVS),,models/sequoia_options.md:110
2026,Sequoia,Capstone,7955,86135,Accessory package,Accessory Packages,All-Weather Floor Liner Package,388,,,models/sequoia_options.md:111
2026,Sequoia,Capstone,7955,86135,Accessory package,Accessory Packages,Basecamp Package,5463,,Installation not included,models/sequoia_options.md:111
2026,Tacoma,SR,7162,32545,Base,,Base MSRP,32545,,"Delivery, Processing and Handling Fee $1,745 not included",models/tacoma_options.md:33
2026,Tacoma,SR,7162,32545,Cab/Bed,,"XtraCab, 6-ft Bed",0,,"Standard (starting cab/bed, $32,545)",models/tacoma_options.md:34
2026,Tacoma,SR,7162,32545,Cab/Bed,,"Double Cab, 5-ft Bed",1660,,"Shown MSRP $34,205; delta vs starting Base MSRP computed in md",models/tacoma_options.md:34
2026,Tacoma,SR,7162,32545,Powertrain,Engine,i-FORCE 2.4L 4-Cyl. Turbo Engine,0,,only; no price,models/tacoma_options.md:35
2026,Tacoma,SR,7162,32545,Drivetrain,,Rear-Wheel Drive,0,,base; no price,models/tacoma_options.md:36
2026,Tacoma,SR,7162,32545,Drivetrain,,4-Wheel Drive,3200,,,models/tacoma_options.md:36
2026,Tacoma,SR,7162,32545,Powertrain,Transmission,8-Speed Automatic Transmission,0,,only; no price,models/tacoma_options.md:37
2026,Tacoma,SR,7162,32545,Exterior color,,Ice Cap,0,,no price; default,models/tacoma_options.md:38
2026,Tacoma,SR,7162,32545,Exterior color,,Celestial Silver Metallic,0,,no price,models/tacoma_options.md:38
2026,Tacoma,SR,7162,32545,Exterior color,,Underground,0,,no price,models/tacoma_options.md:38
2026,Tacoma,SR,7162,32545,Exterior color,,Black,0,,no price,models/tacoma_options.md:38
2026,Tacoma,SR,7162,32545,Exterior color,,Supersonic Red,475,,*,models/tacoma_options.md:38
2026,Tacoma,SR,7162,32545,Interior,,Black fabric,0,,no price; default; only interior offered,models/tacoma_options.md:39
2026,Tacoma,SR,7162,32545,Factory package,,SR Upgrade Package,1410,"SR Upgrade Package (XtraCab) - includes Blind Spot Monitor (BSM) *, Front and Rear Parking Assist with Automatic Braking (PA w/AB) *, Digital Key * capability",,models/tacoma_options.md:41
2026,Tacoma,SR,7162,32545,Accessory package,Accessory Packages,All-Pro Tailgate Package,5342,,Installation not included,models/tacoma_options.md:43
2026,Tacoma,SR,7162,32545,Accessory package,Accessory Packages,Outpost Package,12114,,Installation not included,models/tacoma_options.md:43
2026,Tacoma,SR5,7126,36635,Base,,Base MSRP,36635,,"Delivery, Processing and Handling Fee $1,745 not included",models/tacoma_options.md:46
2026,Tacoma,SR5,7126,36635,Cab/Bed,,"XtraCab, 6-ft Bed",0,,"Standard (starting cab/bed, $36,635)",models/tacoma_options.md:47
2026,Tacoma,SR5,7126,36635,Cab/Bed,,"Double Cab, 5-ft Bed",1070,,"Shown MSRP $37,705; delta vs starting Base MSRP computed in md",models/tacoma_options.md:47
2026,Tacoma,SR5,7126,36635,Cab/Bed,,"Double Cab, 6-ft Bed",1570,,"Shown MSRP $38,205; delta vs starting Base MSRP computed in md",models/tacoma_options.md:47
2026,Tacoma,SR5,7126,36635,Powertrain,Engine,i-FORCE 2.4L 4-Cyl. Turbo Engine,0,,only; no price,models/tacoma_options.md:48
2026,Tacoma,SR5,7126,36635,Drivetrain,,Rear-Wheel Drive,0,,base; no price,models/tacoma_options.md:49
2026,Tacoma,SR5,7126,36635,Drivetrain,,4-Wheel Drive,3200,,,models/tacoma_options.md:49
2026,Tacoma,SR5,7126,36635,Powertrain,Transmission,8-Speed Automatic Transmission,0,,only; no price,models/tacoma_options.md:50
2026,Tacoma,SR5,7126,36635,Exterior color,,Ice Cap,0,,no price,models/tacoma_options.md:51
2026,Tacoma,SR5,7126,36635,Exterior color,,Celestial Silver Metallic,0,,no price; default,models/tacoma_options.md:51
2026,Tacoma,SR5,7126,36635,Exterior color,,Underground,0,,no price,models/tacoma_options.md:51
2026,Tacoma,SR5,7126,36635,Exterior color,,Black,0,,no price,models/tacoma_options.md:51
2026,Tacoma,SR5,7126,36635,Exterior color,,Supersonic Red,475,,*,models/tacoma_options.md:51
2026,Tacoma,SR5,7126,36635,Interior,,Black fabric,0,,no price; default; only interior offered,models/tacoma_options.md:52
2026,Tacoma,SR5,7126,36635,Factory package,,SR5 Upgrade Package,1825,"SR5 Upgrade Package (XtraCab) - including leather-trimmed steering wheel and shift knob, HomeLink® * universal transceiver, Qi-compatible wireless charging, * automatic climate control, Front and Rear Parking Assist with Automatic Braking (PA w/AB), * LED bed lights, easy lower tailgate, * Integrated Trailer Brake Controller (ITBC), * and Digital Key * capability",,models/tacoma_options.md:54
2026,Tacoma,SR5,7126,36635,Factory package,,SR5 Upgrade + Cold Weather Package,2560,"SR5 Upgrade + Cold Weather Package (XtraCab) - includes heated seats, leather-trimmed heated steering wheel, leather-trimmed shift knob, HomeLink® * universal transceiver, Qi-compatible wireless charging, * automatic climate control, Front and Rear Parking Assist with Automatic Braking (PA w/AB), * LED bed lights, easy lower tailgate, Integrated Trailer Brake Controller (ITBC), * and Digital Key * capability",,models/tacoma_options.md:55
2026,Tacoma,SR5,7126,36635,Factory option,,Heated Front Seats,585,,contents not shown,models/tacoma_options.md:57
2026,Tacoma,SR5,7126,36635,Factory option,,Full-Size Spare Tire,85,,contents not shown,models/tacoma_options.md:58
2026,Tacoma,SR5,7126,36635,Accessory package,Accessory Packages,All-Pro Tailgate Package,5342,,Installation not included,models/tacoma_options.md:59
2026,Tacoma,SR5,7126,36635,Accessory package,Accessory Packages,Black Appearance Package,1704,,,models/tacoma_options.md:59
2026,Tacoma,SR5,7126,36635,Accessory package,Accessory Packages,Black Overlay and Dark Illumination*...,445,,name truncated as shown,models/tacoma_options.md:59
2026,Tacoma,SR5,7126,36635,Accessory package,Accessory Packages,Outpost Package,12114,,Installation not included,models/tacoma_options.md:59
2026,Tacoma,TRD PreRunner,7166,39135,Base,,Base MSRP,39135,,"Delivery, Processing and Handling Fee $1,745 not included",models/tacoma_options.md:62
2026,Tacoma,TRD PreRunner,7166,39135,Cab/Bed,,"XtraCab, 6-ft Bed",0,,"Standard (starting cab/bed, $39,135)",models/tacoma_options.md:63
2026,Tacoma,TRD PreRunner,7166,39135,Powertrain,Engine,i-FORCE 2.4L 4-Cyl. Turbo Engine,0,,only; no price,models/tacoma_options.md:64
2026,Tacoma,TRD PreRunner,7166,39135,Drivetrain,,Rear-Wheel Drive,0,,only; no 4WD option shown on this trim,models/tacoma_options.md:65
2026,Tacoma,TRD PreRunner,7166,39135,Powertrain,Transmission,8-Speed Automatic Transmission,0,,only; no price,models/tacoma_options.md:66
2026,Tacoma,TRD PreRunner,7166,39135,Exterior color,,Ice Cap,0,,no price,models/tacoma_options.md:67
2026,Tacoma,TRD PreRunner,7166,39135,Exterior color,,Celestial Silver Metallic,0,,no price,models/tacoma_options.md:67
2026,Tacoma,TRD PreRunner,7166,39135,Exterior color,,Underground,0,,no price; default,models/tacoma_options.md:67
2026,Tacoma,TRD PreRunner,7166,39135,Exterior color,,Black,0,,no price,models/tacoma_options.md:67
2026,Tacoma,TRD PreRunner,7166,39135,Exterior color,,Mudbath,0,,no price,models/tacoma_options.md:67
2026,Tacoma,TRD PreRunner,7166,39135,Exterior color,,Supersonic Red,475,,*,models/tacoma_options.md:67
2026,Tacoma,TRD PreRunner,7166,39135,Interior,,Boulder/Black Fabric w/Anodized Blue,0,,no price; default,models/tacoma_options.md:68
2026,Tacoma,TRD PreRunner,7166,39135,Interior,,Boulder/Black Fabric w/Smoke Silver,0,,no price,models/tacoma_options.md:68
2026,Tacoma,TRD PreRunner,7166,39135,Factory package,,TRD PreRunner Upgrade Package,1310,"TRD PreRunner Upgrade Package (XtraCab) - including HomeLink® * universal transceiver, Qi-compatible wireless charging, * Front and Rear Parking Assist with Automatic Braking (PA w/AB), * LED bed lights, Integrated Trailer Brake Controller (ITBC), * and Digital Key * capability",,models/tacoma_options.md:70
2026,Tacoma,TRD PreRunner,7166,39135,Accessory package,Accessory Packages,All-Pro Tailgate Package,5342,,Installation not included,models/tacoma_options.md:72
2026,Tacoma,TRD PreRunner,7166,39135,Accessory package,Accessory Packages,Outpost Package,12114,,Installation not included,models/tacoma_options.md:72
2026,Tacoma,TRD Sport,7148,40415,Base,,Base MSRP,40415,,"Delivery, Processing and Handling Fee $1,745 not included",models/tacoma_options.md:75
2026,Tacoma,TRD Sport,7148,40415,Cab/Bed,,"Double Cab, 5-ft Bed",0,,"Standard (starting cab/bed, $40,415)",models/tacoma_options.md:76
2026,Tacoma,TRD Sport,7148,40415,Cab/Bed,,"Double Cab, 6-ft Bed",500,,"Shown MSRP $40,915; delta vs starting Base MSRP computed in md",models/tacoma_options.md:76
2026,Tacoma,TRD Sport,7148,40415,Powertrain,Engine,i-FORCE 2.4L 4-Cyl. Turbo Engine,0,,only; no price,models/tacoma_options.md:77
2026,Tacoma,TRD Sport,7148,40415,Drivetrain,,Rear-Wheel Drive,0,,base; no price,models/tacoma_options.md:78
2026,Tacoma,TRD Sport,7148,40415,Drivetrain,,4-Wheel Drive,3200,,,models/tacoma_options.md:78
2026,Tacoma,TRD Sport,7148,40415,Powertrain,Transmission,8-Speed Automatic Transmission,0,,base; no price,models/tacoma_options.md:79
2026,Tacoma,TRD Sport,7148,40415,Powertrain,Transmission,6-Speed Manual Transmission,0,,"no price shown; ""Additional Change(s) Required""; Additional change(s) required",models/tacoma_options.md:79
2026,Tacoma,TRD Sport,7148,40415,Exterior color,,Bronze Oxide,0,,no price,models/tacoma_options.md:80
2026,Tacoma,TRD Sport,7148,40415,Exterior color,,Ice Cap,0,,no price,models/tacoma_options.md:80
2026,Tacoma,TRD Sport,7148,40415,Exterior color,,Celestial Silver Metallic,0,,no price,models/tacoma_options.md:80
2026,Tacoma,TRD Sport,7148,40415,Exterior color,,Underground,0,,no price,models/tacoma_options.md:80
2026,Tacoma,TRD Sport,7148,40415,Exterior color,,Black,0,,no price,models/tacoma_options.md:80
2026,Tacoma,TRD Sport,7148,40415,Exterior color,,Mudbath,0,,no price,models/tacoma_options.md:80
2026,Tacoma,TRD Sport,7148,40415,Exterior color,,Supersonic Red,475,,*,models/tacoma_options.md:80
2026,Tacoma,TRD Sport,7148,40415,Exterior color,,Heritage Blue,0,,no price; default,models/tacoma_options.md:80
2026,Tacoma,TRD Sport,7148,40415,Exterior color,,Wind Chill Pearl,475,,*,models/tacoma_options.md:80
2026,Tacoma,TRD Sport,7148,40415,Interior,,Boulder/Black Fabric w/Anodized Blue,0,,no price; default,models/tacoma_options.md:81
2026,Tacoma,TRD Sport,7148,40415,Interior,,Black SofTex® trim,0,,no price,models/tacoma_options.md:81
2026,Tacoma,TRD Sport,7148,40415,Interior,,Boulder/Black Fabric w/Smoke Silver,0,,no price,models/tacoma_options.md:81
2026,Tacoma,TRD Sport,7148,40415,Factory package,,TRD Sport Premium Package,8465,"TRD Sport Premium Package (2WD) - includes SofTex®-trimmed seats with heated and ventilated 8-way power-adjustable front seats, leather-trimmed heated steering wheel, 14-in. Toyota Audio Multimedia display, Panoramic View Monitor (PVM), * JBL® * Premium Audio with JBL® FLEX * portable speaker, moonroof, Qi-compatible wireless charging, * dual zone automatic climate control, Front and Rear Parking Assist with Automatic Braking (PA w/AB) * and Pedestrian Detection, * digital rearview mirror, Integrated Trailer Brake Controller (ITBC), * power open/close tailgate, * * Digital Key * capability, 400W/120V * AC power inverter, and power horizontal rear window",Additional change(s) required,models/tacoma_options.md:83
2026,Tacoma,TRD Sport,7148,40415,Factory package,,TRD Sport Upgrade Package,4555,"TRD Sport Upgrade Package (2WD) - includes fabric-trimmed seats with heated 8-way power-adjustable front seats, leather-trimmed heated steering wheel, JBL® * Premium Audio with JBL® FLEX * portable speaker, Qi-compatible wireless charging, * Front and Rear Parking Assist with Automatic Braking (PA w/AB), * Integrated Trailer Brake Controller (ITBC), * Digital Key * capability, 400W/120V * AC power inverter, and power horizontal rear window",,models/tacoma_options.md:84
2026,Tacoma,TRD Sport,7148,40415,Factory option,,Heated Front Seats,585,,contents not shown,models/tacoma_options.md:86
2026,Tacoma,TRD Sport,7148,40415,Factory option,,14-In. Toyota Audio Multimedia Display,845,,contents not shown,models/tacoma_options.md:87
2026,Tacoma,TRD Sport,7148,40415,Factory option,,14-In. Toyota Audio Multimedia Display (With TRD Sport Upgrade Package),720,,Additional change(s) required; contents not shown,models/tacoma_options.md:88
2026,Tacoma,TRD Sport,7148,40415,Factory option,,Moonroof,850,,Additional change(s) required; contents not shown,models/tacoma_options.md:89
2026,Tacoma,TRD Sport,7148,40415,Factory option,,Towing Technology Package,850,Towing Technology Package - includes Toyota Wireless Camera System (WCS) * *,Additional change(s) required,models/tacoma_options.md:90
2026,Tacoma,TRD Sport,7148,40415,Accessory package,Accessory Packages,All-Pro Tailgate Package,5342,,Installation not included,models/tacoma_options.md:91
2026,Tacoma,TRD Sport,7148,40415,Accessory package,Accessory Packages,"Exhaust Tip, Predator Drop Step Pac*...",850,,name truncated as shown,models/tacoma_options.md:91
2026,Tacoma,TRD Sport,7148,40415,Accessory package,Accessory Packages,Outpost Package,12114,,Installation not included,models/tacoma_options.md:91
2026,Tacoma,TRD Off-Road,7545,42815,Base,,Base MSRP,42815,,"Delivery, Processing and Handling Fee $1,745 not included",models/tacoma_options.md:94
2026,Tacoma,TRD Off-Road,7545,42815,Cab/Bed,,"Double Cab, 5-ft Bed",0,,"Standard (starting cab/bed, $42,815)",models/tacoma_options.md:95
2026,Tacoma,TRD Off-Road,7545,42815,Cab/Bed,,"Double Cab, 6-ft Bed",1600,,"Shown MSRP $44,415; delta vs starting Base MSRP computed in md",models/tacoma_options.md:95
2026,Tacoma,TRD Off-Road,7545,42815,Powertrain,Engine,i-FORCE 2.4L 4-Cyl. Turbo Engine,0,,only; no price,models/tacoma_options.md:96
2026,Tacoma,TRD Off-Road,7545,42815,Drivetrain,,4-Wheel Drive,0,,only; no price shown; no RWD option,models/tacoma_options.md:97
2026,Tacoma,TRD Off-Road,7545,42815,Powertrain,Transmission,6-Speed Manual Transmission,0,,base/default; no price shown,models/tacoma_options.md:98
2026,Tacoma,TRD Off-Road,7545,42815,Powertrain,Transmission,8-Speed Automatic Transmission,1100,,price shown on the 8-Speed card; the screenshot confirms the 6-Speed Manual card carries no price,models/tacoma_options.md:98
2026,Tacoma,TRD Off-Road,7545,42815,Exterior color,,Bronze Oxide,0,,no price,models/tacoma_options.md:99
2026,Tacoma,TRD Off-Road,7545,42815,Exterior color,,Ice Cap,0,,no price,models/tacoma_options.md:99
2026,Tacoma,TRD Off-Road,7545,42815,Exterior color,,Celestial Silver Metallic,0,,no price,models/tacoma_options.md:99
2026,Tacoma,TRD Off-Road,7545,42815,Exterior color,,Underground,0,,no price,models/tacoma_options.md:99
2026,Tacoma,TRD Off-Road,7545,42815,Exterior color,,Black,0,,no price,models/tacoma_options.md:99
2026,Tacoma,TRD Off-Road,7545,42815,Exterior color,,Mudbath,0,,no price; default,models/tacoma_options.md:99
2026,Tacoma,TRD Off-Road,7545,42815,Exterior color,,Supersonic Red,475,,*,models/tacoma_options.md:99
2026,Tacoma,TRD Off-Road,7545,42815,Exterior color,,Heritage Blue,0,,no price,models/tacoma_options.md:99
2026,Tacoma,TRD Off-Road,7545,42815,Interior,,Black SofTex® trim,0,,no price,models/tacoma_options.md:100
2026,Tacoma,TRD Off-Road,7545,42815,Interior,,Boulder/Black Fabric w/Smoke Silver,0,,no price,models/tacoma_options.md:100
2026,Tacoma,TRD Off-Road,7545,42815,Interior,,Boulder/Black Fabric w/Anodized Blue,0,,no price; default,models/tacoma_options.md:100
2026,Tacoma,TRD Off-Road,7545,42815,Factory package,,TRD Off-Road Premium Package,8940,"TRD Off-Road Premium Package (M/T) - includes SofTex®-trimmed seats with heated and ventilated 8-way power-adjustable front seats, leather-trimmed heated steering wheel, 14-in. Toyota Audio Multimedia display, Multi-Terrain Monitor (MTM), JBL® * Premium Audio with JBL® FLEX * portable speaker, moonroof, Qi-compatible wireless charging, * dual zone automatic climate control, Front and Rear Parking Assist Sonar, * prewired auxiliary switches, digital rearview mirror, Integrated Trailer Brake Controller (ITBC), * power open/close tailgate, * * Digital Key * capability, 400W/120V * AC power inverter, and power horizontal rear window",Additional change(s) required,models/tacoma_options.md:102
2026,Tacoma,TRD Off-Road,7545,42815,Factory package,,TRD Off-Road Upgrade Package,4825,"TRD Off-Road Upgrade Package (M/T) - includes fabric-trimmed seats with heated 8-way power-adjustable front seats, leather-trimmed heated steering wheel, JBL® * Premium Audio with JBL® FLEX * portable speaker, Qi-compatible wireless charging, * Front and Rear Parking Assist Sonar, * prewired auxiliary switches, Integrated Trailer Brake Controller (ITBC), * Digital Key * capability, 400W/120V * AC power inverter, and power horizontal rear window",,models/tacoma_options.md:103
2026,Tacoma,TRD Off-Road,7545,42815,Factory option,,Heated Front Seats,585,,contents not shown,models/tacoma_options.md:105
2026,Tacoma,TRD Off-Road,7545,42815,Factory option,,14-In. Toyota Audio Multimedia Display,845,,contents not shown,models/tacoma_options.md:106
2026,Tacoma,TRD Off-Road,7545,42815,Factory option,,14-In. Toyota Audio Multimedia Display (With TRD Off-Road Upgrade Package),720,,Additional change(s) required; contents not shown,models/tacoma_options.md:107
2026,Tacoma,TRD Off-Road,7545,42815,Factory option,,Moonroof,850,,Additional change(s) required; contents not shown,models/tacoma_options.md:108
2026,Tacoma,TRD Off-Road,7545,42815,Factory option,,Stabilizer Disconnect Mechanism (SDM),1230,,contents not shown,models/tacoma_options.md:109
2026,Tacoma,TRD Off-Road,7545,42815,Accessory package,Accessory Packages,All-Pro Tailgate Package,5342,,Installation not included,models/tacoma_options.md:110
2026,Tacoma,TRD Off-Road,7545,42815,Accessory package,Accessory Packages,"Exhaust Tip, Predator Drop Step Pac*...",850,,name truncated as shown,models/tacoma_options.md:110
2026,Tacoma,TRD Off-Road,7545,42815,Accessory package,Accessory Packages,Front and Rear Recovery Tow Package,605,,,models/tacoma_options.md:110
2026,Tacoma,TRD Off-Road,7545,42815,Accessory package,Accessory Packages,Outpost Package,12114,,Installation not included,models/tacoma_options.md:110
2026,Tacoma,TRD Off-Road,7545,42815,Accessory package,Accessory Packages,Steel Skid Plates Package,780,,,models/tacoma_options.md:110
2026,Tacoma,TRD Sport i-FORCE MAX,7530,47335,Base,,Base MSRP,47335,,"Delivery, Processing and Handling Fee $1,745 not included",models/tacoma_options.md:113
2026,Tacoma,TRD Sport i-FORCE MAX,7530,47335,Cab/Bed,,"Double Cab, 5-ft Bed",0,,"Standard (starting cab/bed, $47,335)",models/tacoma_options.md:114
2026,Tacoma,TRD Sport i-FORCE MAX,7530,47335,Powertrain,Engine,i-FORCE MAX 2.4L 4-Cyl. Turbo Hybrid Powertrain,0,,only; no price,models/tacoma_options.md:115
2026,Tacoma,TRD Sport i-FORCE MAX,7530,47335,Drivetrain,,4-Wheel Drive,0,,only; no price shown,models/tacoma_options.md:116
2026,Tacoma,TRD Sport i-FORCE MAX,7530,47335,Powertrain,Transmission,8-Speed Automatic Transmission,0,,only; no price shown,models/tacoma_options.md:117
2026,Tacoma,TRD Sport i-FORCE MAX,7530,47335,Exterior color,,Bronze Oxide,0,,no price,models/tacoma_options.md:118
2026,Tacoma,TRD Sport i-FORCE MAX,7530,47335,Exterior color,,Ice Cap,0,,no price,models/tacoma_options.md:118
2026,Tacoma,TRD Sport i-FORCE MAX,7530,47335,Exterior color,,Celestial Silver Metallic,0,,no price,models/tacoma_options.md:118
2026,Tacoma,TRD Sport i-FORCE MAX,7530,47335,Exterior color,,Underground,0,,no price,models/tacoma_options.md:118
2026,Tacoma,TRD Sport i-FORCE MAX,7530,47335,Exterior color,,Black,0,,no price; default,models/tacoma_options.md:118
2026,Tacoma,TRD Sport i-FORCE MAX,7530,47335,Exterior color,,Mudbath,0,,no price,models/tacoma_options.md:118
2026,Tacoma,TRD Sport i-FORCE MAX,7530,47335,Exterior color,,Supersonic Red,475,,*,models/tacoma_options.md:118
2026,Tacoma,TRD Sport i-FORCE MAX,7530,47335,Exterior color,,Heritage Blue,0,,no price,models/tacoma_options.md:118
2026,Tacoma,TRD Sport i-FORCE MAX,7530,47335,Exterior color,,Wind Chill Pearl,475,,*,models/tacoma_options.md:118
2026,Tacoma,TRD Sport i-FORCE MAX,7530,47335,Interior,,Boulder/Black Fabric w/Anodized Blue,0,,no price; default,models/tacoma_options.md:119
2026,Tacoma,TRD Sport i-FORCE MAX,7530,47335,Interior,,Black SofTex® trim,0,,no price,models/tacoma_options.md:119
2026,Tacoma,TRD Sport i-FORCE MAX,7530,47335,Interior,,Boulder/Black Fabric w/Smoke Silver,0,,no price,models/tacoma_options.md:119
2026,Tacoma,TRD Sport i-FORCE MAX,7530,47335,Factory package,,TRD Sport Premium Package,8290,"TRD Sport Premium Package (i-FORCE MAX) - includes SofTex®-trimmed seats with heated and ventilated 8-way power-adjustable front seats, leather-trimmed heated steering wheel, 14-in. Toyota Audio Multimedia display, Panoramic View Monitor (PVM), * JBL® * Premium Audio with JBL® FLEX * portable speaker, moonroof, Qi-compatible wireless charging, * dual zone automatic climate control, Front and Rear Parking Assist with Automatic Braking (PA w/AB) * and Pedestrian Detection, * prewired auxiliary switches, digital rearview mirror, Integrated Trailer Brake Controller (ITBC), * power open/close tailgate, * * Digital Key * capability, and power horizontal rear window",Additional change(s) required,models/tacoma_options.md:121
2026,Tacoma,TRD Sport i-FORCE MAX,7530,47335,Factory package,,TRD Sport Upgrade Package,4330,"TRD Sport Upgrade Package (i-FORCE MAX) - includes fabric-trimmed seats with heated 8-way power-adjustable front seats, leather-trimmed heated steering wheel, JBL® * Premium Audio with JBL® FLEX * portable speaker, Qi-compatible wireless charging, * Front and Rear Parking Assist with Automatic Braking (PA w/AB), * prewired auxiliary switches, Integrated Trailer Brake Controller (ITBC), * Digital Key * capability, and power horizontal rear window",,models/tacoma_options.md:122
2026,Tacoma,TRD Sport i-FORCE MAX,7530,47335,Factory option,,Heated Front Seats,585,,contents not shown,models/tacoma_options.md:124
2026,Tacoma,TRD Sport i-FORCE MAX,7530,47335,Factory option,,14-In. Toyota Audio Multimedia Display,845,,contents not shown,models/tacoma_options.md:125
2026,Tacoma,TRD Sport i-FORCE MAX,7530,47335,Factory option,,14-In. Toyota Audio Multimedia Display (With TRD Sport Upgrade Package),720,,Additional change(s) required; contents not shown,models/tacoma_options.md:126
2026,Tacoma,TRD Sport i-FORCE MAX,7530,47335,Factory option,,Moonroof,850,,Additional change(s) required; contents not shown,models/tacoma_options.md:127
2026,Tacoma,TRD Sport i-FORCE MAX,7530,47335,Factory option,,Towing Technology Package,850,Towing Technology Package - includes Toyota Wireless Camera System (WCS) * *,Additional change(s) required,models/tacoma_options.md:128
2026,Tacoma,TRD Sport i-FORCE MAX,7530,47335,Accessory package,Accessory Packages,All-Pro Tailgate Package,5342,,Installation not included,models/tacoma_options.md:129
2026,Tacoma,TRD Sport i-FORCE MAX,7530,47335,Accessory package,Accessory Packages,"Exhaust Tip, Predator Drop Step Pac*...",850,,name truncated as shown,models/tacoma_options.md:129
2026,Tacoma,TRD Sport i-FORCE MAX,7530,47335,Accessory package,Accessory Packages,Front and Rear Recovery Tow Package,605,,,models/tacoma_options.md:129
2026,Tacoma,TRD Sport i-FORCE MAX,7530,47335,Accessory package,Accessory Packages,Outpost Package,12114,,Installation not included,models/tacoma_options.md:129
2026,Tacoma,TRD Off-Road i-FORCE MAX,7532,47635,Base,,Base MSRP,47635,,"Delivery, Processing and Handling Fee $1,745 not included",models/tacoma_options.md:132
2026,Tacoma,TRD Off-Road i-FORCE MAX,7532,47635,Cab/Bed,,"Double Cab, 5-ft Bed",0,,"Standard (starting cab/bed, $47,635)",models/tacoma_options.md:133
2026,Tacoma,TRD Off-Road i-FORCE MAX,7532,47635,Powertrain,Engine,i-FORCE MAX 2.4L 4-Cyl. Turbo Hybrid Powertrain,0,,only; no price,models/tacoma_options.md:134
2026,Tacoma,TRD Off-Road i-FORCE MAX,7532,47635,Drivetrain,,4-Wheel Drive,0,,only; no price shown,models/tacoma_options.md:135
2026,Tacoma,TRD Off-Road i-FORCE MAX,7532,47635,Powertrain,Transmission,8-Speed Automatic Transmission,0,,only; no price shown,models/tacoma_options.md:136
2026,Tacoma,TRD Off-Road i-FORCE MAX,7532,47635,Exterior color,,Bronze Oxide,0,,no price,models/tacoma_options.md:137
2026,Tacoma,TRD Off-Road i-FORCE MAX,7532,47635,Exterior color,,Ice Cap,0,,no price,models/tacoma_options.md:137
2026,Tacoma,TRD Off-Road i-FORCE MAX,7532,47635,Exterior color,,Celestial Silver Metallic,0,,no price; default,models/tacoma_options.md:137
2026,Tacoma,TRD Off-Road i-FORCE MAX,7532,47635,Exterior color,,Underground,0,,no price,models/tacoma_options.md:137
2026,Tacoma,TRD Off-Road i-FORCE MAX,7532,47635,Exterior color,,Black,0,,no price,models/tacoma_options.md:137
2026,Tacoma,TRD Off-Road i-FORCE MAX,7532,47635,Exterior color,,Mudbath,0,,no price,models/tacoma_options.md:137
2026,Tacoma,TRD Off-Road i-FORCE MAX,7532,47635,Exterior color,,Supersonic Red,475,,*,models/tacoma_options.md:137
2026,Tacoma,TRD Off-Road i-FORCE MAX,7532,47635,Exterior color,,Heritage Blue,0,,no price,models/tacoma_options.md:137
2026,Tacoma,TRD Off-Road i-FORCE MAX,7532,47635,Interior,,Black SofTex® trim,0,,no price,models/tacoma_options.md:138
2026,Tacoma,TRD Off-Road i-FORCE MAX,7532,47635,Interior,,Boulder/Black Fabric w/Smoke Silver,0,,no price,models/tacoma_options.md:138
2026,Tacoma,TRD Off-Road i-FORCE MAX,7532,47635,Interior,,Boulder/Black Fabric w/Anodized Blue,0,,no price; default,models/tacoma_options.md:138
2026,Tacoma,TRD Off-Road i-FORCE MAX,7532,47635,Factory package,,TRD Off-Road Premium Package,8540,"TRD Off-Road Premium Package (i-FORCE MAX) - includes SofTex®-trimmed seats with heated and ventilated 8-way power-adjustable front seats, leather-trimmed heated steering wheel, 14-in. Toyota Audio Multimedia display, Multi-Terrain Monitor (MTM), JBL® * Premium Audio with JBL® FLEX * portable speaker, moonroof, Qi-compatible wireless charging, * dual zone automatic climate control, Front and Rear Parking Assist with Automatic Braking (PA w/AB) * and Pedestrian Detection, * prewired auxiliary switches, digital rearview mirror, Integrated Trailer Brake Controller (ITBC), * power open/close tailgate, * * Digital Key * capability, and power horizontal rear window",Additional change(s) required,models/tacoma_options.md:140
2026,Tacoma,TRD Off-Road i-FORCE MAX,7532,47635,Factory package,,TRD Off-Road Upgrade Package,4330,"TRD Off-Road Upgrade Package (i-FORCE MAX) - includes fabric-trimmed seats with heated 8-way power-adjustable front seats, leather-trimmed heated steering wheel, JBL® * Premium Audio with JBL® FLEX * portable speaker, Qi-compatible wireless charging, * Front and Rear Parking Assist with Automatic Braking (PA w/AB), * prewired auxiliary switches, Integrated Trailer Brake Controller (ITBC), * Digital Key * capability, and power horizontal rear window",,models/tacoma_options.md:141
2026,Tacoma,TRD Off-Road i-FORCE MAX,7532,47635,Factory option,,Heated Front Seats,585,,contents not shown,models/tacoma_options.md:143
2026,Tacoma,TRD Off-Road i-FORCE MAX,7532,47635,Factory option,,14-In. Toyota Audio Multimedia Display,845,,contents not shown,models/tacoma_options.md:144
2026,Tacoma,TRD Off-Road i-FORCE MAX,7532,47635,Factory option,,14-In. Toyota Audio Multimedia Display (With TRD Off-Road Upgrade Package),720,,Additional change(s) required; contents not shown,models/tacoma_options.md:145
2026,Tacoma,TRD Off-Road i-FORCE MAX,7532,47635,Factory option,,Moonroof,850,,Additional change(s) required; contents not shown,models/tacoma_options.md:146
2026,Tacoma,TRD Off-Road i-FORCE MAX,7532,47635,Factory option,,Stabilizer Disconnect Mechanism (SDM),1230,,contents not shown,models/tacoma_options.md:147
2026,Tacoma,TRD Off-Road i-FORCE MAX,7532,47635,Factory option,,Towing Technology Package,850,Towing Technology Package - includes Toyota Wireless Camera System (WCS) * *,Additional change(s) required,models/tacoma_options.md:148
2026,Tacoma,TRD Off-Road i-FORCE MAX,7532,47635,Accessory package,Accessory Packages,All-Pro Tailgate Package,5342,,Installation not included,models/tacoma_options.md:149
2026,Tacoma,TRD Off-Road i-FORCE MAX,7532,47635,Accessory package,Accessory Packages,"Exhaust Tip, Predator Drop Step Pac*...",850,,name truncated as shown,models/tacoma_options.md:149
2026,Tacoma,TRD Off-Road i-FORCE MAX,7532,47635,Accessory package,Accessory Packages,Front and Rear Recovery Tow Package,605,,,models/tacoma_options.md:149
2026,Tacoma,TRD Off-Road i-FORCE MAX,7532,47635,Accessory package,Accessory Packages,Outpost Package,12114,,Installation not included,models/tacoma_options.md:149
2026,Tacoma,TRD Off-Road i-FORCE MAX,7532,47635,Accessory package,Accessory Packages,Steel Skid Plates Package,415,,,models/tacoma_options.md:149
2026,Tacoma,Limited,7582,53570,Base,,Base MSRP,53570,,"Delivery, Processing and Handling Fee $1,745 not included",models/tacoma_options.md:152
2026,Tacoma,Limited,7582,53570,Cab/Bed,,"Double Cab, 5-ft Bed",0,,"Standard (starting cab/bed, $53,570)",models/tacoma_options.md:153
2026,Tacoma,Limited,7582,53570,Powertrain,Engine,i-FORCE 2.4L 4-Cyl. Turbo Engine,0,,only; no price,models/tacoma_options.md:154
2026,Tacoma,Limited,7582,53570,Drivetrain,,4-Wheel Drive,0,,only; no price shown,models/tacoma_options.md:155
2026,Tacoma,Limited,7582,53570,Powertrain,Transmission,8-Speed Automatic Transmission,0,,only; no price shown,models/tacoma_options.md:156
2026,Tacoma,Limited,7582,53570,Exterior color,,Bronze Oxide,0,,no price,models/tacoma_options.md:157
2026,Tacoma,Limited,7582,53570,Exterior color,,Celestial Silver Metallic,0,,no price,models/tacoma_options.md:157
2026,Tacoma,Limited,7582,53570,Exterior color,,Underground,0,,no price,models/tacoma_options.md:157
2026,Tacoma,Limited,7582,53570,Exterior color,,Black,0,,no price,models/tacoma_options.md:157
2026,Tacoma,Limited,7582,53570,Exterior color,,Supersonic Red,475,,*; default,models/tacoma_options.md:157
2026,Tacoma,Limited,7582,53570,Exterior color,,Heritage Blue,0,,no price,models/tacoma_options.md:157
2026,Tacoma,Limited,7582,53570,Exterior color,,Wind Chill Pearl,475,,*,models/tacoma_options.md:157
2026,Tacoma,Limited,7582,53570,Interior,,Black SofTex® trim,0,,no price,models/tacoma_options.md:158
2026,Tacoma,Limited,7582,53570,Interior,,Boulder SofTex® trim,0,,no price; default,models/tacoma_options.md:158
2026,Tacoma,Limited,7582,53570,Factory option,,Towing Technology Package,850,Towing Technology Package - includes Toyota Wireless Camera System (WCS) * *,,models/tacoma_options.md:161
2026,Tacoma,Limited,7582,53570,Accessory package,Accessory Packages,All-Pro Tailgate Package,5342,,Installation not included,models/tacoma_options.md:162
2026,Tacoma,Limited,7582,53570,Accessory package,Accessory Packages,Outpost Package,12114,,Installation not included,models/tacoma_options.md:162
2026,Tacoma,Limited i-FORCE MAX,7534,56895,Base,,Base MSRP,56895,,"Delivery, Processing and Handling Fee $1,745 not included",models/tacoma_options.md:165
2026,Tacoma,Limited i-FORCE MAX,7534,56895,Cab/Bed,,"Double Cab, 5-ft Bed",0,,"Standard (starting cab/bed, $56,895)",models/tacoma_options.md:166
2026,Tacoma,Limited i-FORCE MAX,7534,56895,Powertrain,Engine,i-FORCE MAX 2.4L 4-Cyl. Turbo Hybrid Powertrain,0,,only; no price,models/tacoma_options.md:167
2026,Tacoma,Limited i-FORCE MAX,7534,56895,Drivetrain,,4-Wheel Drive,0,,only; no price shown,models/tacoma_options.md:168
2026,Tacoma,Limited i-FORCE MAX,7534,56895,Powertrain,Transmission,8-Speed Automatic Transmission,0,,only; no price shown,models/tacoma_options.md:169
2026,Tacoma,Limited i-FORCE MAX,7534,56895,Exterior color,,Bronze Oxide,0,,no price,models/tacoma_options.md:170
2026,Tacoma,Limited i-FORCE MAX,7534,56895,Exterior color,,Celestial Silver Metallic,0,,no price,models/tacoma_options.md:170
2026,Tacoma,Limited i-FORCE MAX,7534,56895,Exterior color,,Underground,0,,no price,models/tacoma_options.md:170
2026,Tacoma,Limited i-FORCE MAX,7534,56895,Exterior color,,Black,0,,no price,models/tacoma_options.md:170
2026,Tacoma,Limited i-FORCE MAX,7534,56895,Exterior color,,Supersonic Red,475,,*,models/tacoma_options.md:170
2026,Tacoma,Limited i-FORCE MAX,7534,56895,Exterior color,,Heritage Blue,0,,no price,models/tacoma_options.md:170
2026,Tacoma,Limited i-FORCE MAX,7534,56895,Exterior color,,Wind Chill Pearl,475,,*; default,models/tacoma_options.md:170
2026,Tacoma,Limited i-FORCE MAX,7534,56895,Interior,,Black SofTex® trim,0,,no price,models/tacoma_options.md:171
2026,Tacoma,Limited i-FORCE MAX,7534,56895,Interior,,Boulder SofTex® trim,0,,no price; default,models/tacoma_options.md:171
2026,Tacoma,Limited i-FORCE MAX,7534,56895,Factory option,,Towing Technology Package,850,Towing Technology Package - includes Toyota Wireless Camera System (WCS) * *,,models/tacoma_options.md:174
2026,Tacoma,Limited i-FORCE MAX,7534,56895,Accessory package,Accessory Packages,All-Pro Tailgate Package,5342,,Installation not included,models/tacoma_options.md:175
2026,Tacoma,Limited i-FORCE MAX,7534,56895,Accessory package,Accessory Packages,Front and Rear Recovery Tow Package,605,,,models/tacoma_options.md:175
2026,Tacoma,Limited i-FORCE MAX,7534,56895,Accessory package,Accessory Packages,Outpost Package,12114,,Installation not included,models/tacoma_options.md:175
2026,Tacoma,Trailhunter,7536,63750,Base,,Base MSRP,63750,,"Delivery, Processing and Handling Fee $1,745 not included",models/tacoma_options.md:178
2026,Tacoma,Trailhunter,7536,63750,Cab/Bed,,"Double Cab, 5-ft Bed",0,,"Standard (starting cab/bed, $63,750)",models/tacoma_options.md:179
2026,Tacoma,Trailhunter,7536,63750,Cab/Bed,,"Double Cab, 6-ft Bed",500,,"Shown MSRP $64,250; delta vs starting Base MSRP computed in md",models/tacoma_options.md:179
2026,Tacoma,Trailhunter,7536,63750,Powertrain,Engine,i-FORCE MAX 2.4L 4-Cyl. Turbo Hybrid Powertrain,0,,only; no price,models/tacoma_options.md:180
2026,Tacoma,Trailhunter,7536,63750,Drivetrain,,4-Wheel Drive,0,,only; no price shown,models/tacoma_options.md:181
2026,Tacoma,Trailhunter,7536,63750,Powertrain,Transmission,8-Speed Automatic Transmission,0,,only; no price shown,models/tacoma_options.md:182
2026,Tacoma,Trailhunter,7536,63750,Exterior color,,Bronze Oxide,0,,no price; default,models/tacoma_options.md:183
2026,Tacoma,Trailhunter,7536,63750,Exterior color,,Ice Cap,0,,no price,models/tacoma_options.md:183
2026,Tacoma,Trailhunter,7536,63750,Exterior color,,Celestial Silver Metallic,0,,no price,models/tacoma_options.md:183
2026,Tacoma,Trailhunter,7536,63750,Exterior color,,Underground,0,,no price,models/tacoma_options.md:183
2026,Tacoma,Trailhunter,7536,63750,Exterior color,,Black,0,,no price,models/tacoma_options.md:183
2026,Tacoma,Trailhunter,7536,63750,Interior,,Mineral SofTex®,0,,no price; default; only interior offered,models/tacoma_options.md:184
2026,Tacoma,Trailhunter,7536,63750,Factory option,,Towing Technology Package,850,Towing Technology Package - includes Toyota Wireless Camera System (WCS) * *,,models/tacoma_options.md:187
2026,Tacoma,Trailhunter,7536,63750,Accessory package,Accessory Packages,All-Pro Tailgate Package,5342,,Installation not included,models/tacoma_options.md:188
2026,Tacoma,Trailhunter,7536,63750,Accessory package,Accessory Packages,Outpost Package,12114,,Installation not included,models/tacoma_options.md:188
2026,Tacoma,TRD Pro,7598,64750,Base,,Base MSRP,64750,,"Delivery, Processing and Handling Fee $1,745 not included",models/tacoma_options.md:191
2026,Tacoma,TRD Pro,7598,64750,Cab/Bed,,"Double Cab, 5-ft Bed",0,,"Standard (starting cab/bed, $64,750)",models/tacoma_options.md:192
2026,Tacoma,TRD Pro,7598,64750,Powertrain,Engine,i-FORCE MAX 2.4L 4-Cyl. Turbo Hybrid Powertrain,0,,only; no price,models/tacoma_options.md:193
2026,Tacoma,TRD Pro,7598,64750,Drivetrain,,4-Wheel Drive,0,,only; no price shown,models/tacoma_options.md:194
2026,Tacoma,TRD Pro,7598,64750,Powertrain,Transmission,8-Speed Automatic Transmission,0,,only; no price shown,models/tacoma_options.md:195
2026,Tacoma,TRD Pro,7598,64750,Exterior color,Two-tone,Wave Maker with Black roof,695,,*; default,models/tacoma_options.md:196
2026,Tacoma,TRD Pro,7598,64750,Exterior color,Two-tone,Ice Cap with Black roof,0,,no price,models/tacoma_options.md:196
2026,Tacoma,TRD Pro,7598,64750,Exterior color,Two-tone,Underground with Black roof,0,,no price,models/tacoma_options.md:196
2026,Tacoma,TRD Pro,7598,64750,Exterior color,,Black,0,,no price,models/tacoma_options.md:196
2026,Tacoma,TRD Pro,7598,64750,Interior,,Black SofTex®,0,,no price; default,models/tacoma_options.md:197
2026,Tacoma,TRD Pro,7598,64750,Interior,,Cockpit Red SofTex®,0,,no price,models/tacoma_options.md:197
2026,Tacoma,TRD Pro,7598,64750,Factory option,,Towing Technology Package,850,Towing Technology Package - includes Toyota Wireless Camera System (WCS) * *,,models/tacoma_options.md:200
2026,Tacoma,TRD Pro,7598,64750,Accessory package,Accessory Packages,All-Pro Tailgate Package,5342,,Installation not included,models/tacoma_options.md:201
2026,Tacoma,TRD Pro,7598,64750,Accessory package,Accessory Packages,Outpost Package,12114,,Installation not included,models/tacoma_options.md:201
2026,Tundra,SR,8242,41260,Base,,Base MSRP,41260,,"Delivery, Processing and Handling Fee $2,195 not included",models/tundra_options.md:30
2026,Tundra,SR,8242,41260,Cab/Bed,,"Double Cab, 6.5-Ft.",0,,"Standard (starting cab/bed, $41,260)",models/tundra_options.md:31
2026,Tundra,SR,8242,41260,Cab/Bed,,"Double Cab, 8.1-Ft.",330,,"Shown MSRP $41,590; delta vs starting Base MSRP computed in md",models/tundra_options.md:31
2026,Tundra,SR,8242,41260,Cab/Bed,,"CrewMax, 5.5-Ft.",2000,,"Shown MSRP $43,260; delta vs starting Base MSRP computed in md",models/tundra_options.md:31
2026,Tundra,SR,8242,41260,Powertrain,Engine,i-FORCE V6 Engine,0,,only; no price,models/tundra_options.md:32
2026,Tundra,SR,8242,41260,Drivetrain,,Rear-Wheel Drive,0,,base; no price,models/tundra_options.md:33
2026,Tundra,SR,8242,41260,Drivetrain,,4-Wheel Drive,3000,,,models/tundra_options.md:33
2026,Tundra,SR,8242,41260,Powertrain,Transmission,10-Speed Electronically Controlled automatic Transmission with intelligence (ECT-i) and sequential shift mode,0,,only; no price,models/tundra_options.md:34
2026,Tundra,SR,8242,41260,Exterior color,,Ice Cap,0,,no price,models/tundra_options.md:35
2026,Tundra,SR,8242,41260,Exterior color,,Magnetic Gray Metallic,0,,no price,models/tundra_options.md:35
2026,Tundra,SR,8242,41260,Exterior color,,Celestial Silver Metallic,0,,no price; default,models/tundra_options.md:35
2026,Tundra,SR,8242,41260,Exterior color,,Midnight Black Metallic,0,,no price,models/tundra_options.md:35
2026,Tundra,SR,8242,41260,Exterior color,,Supersonic Red,475,,*,models/tundra_options.md:35
2026,Tundra,SR,8242,41260,Interior,,Black Fabric,0,,no price; default; only interior offered,models/tundra_options.md:36
2026,Tundra,SR,8242,41260,Accessory package,Accessory Packages,Hall of Famer Tailgate Package,5250,,Installation not included,models/tundra_options.md:39
2026,Tundra,SR,8242,41260,Accessory package,Accessory Packages,Security Package,969,,,models/tundra_options.md:39
2026,Tundra,SR5,8241,46510,Base,,Base MSRP,46510,,"Delivery, Processing and Handling Fee $2,195 not included",models/tundra_options.md:42
2026,Tundra,SR5,8241,46510,Cab/Bed,,"Double Cab, 6.5-Ft.",0,,"Standard (starting cab/bed, $46,510)",models/tundra_options.md:43
2026,Tundra,SR5,8241,46510,Cab/Bed,,"CrewMax, 5.5-Ft.",2000,,"Shown MSRP $48,510; delta vs starting Base MSRP computed in md",models/tundra_options.md:43
2026,Tundra,SR5,8241,46510,Cab/Bed,,"CrewMax, 6.5-Ft.",2865,,"Shown MSRP $49,375; delta vs starting Base MSRP computed in md",models/tundra_options.md:43
2026,Tundra,SR5,8241,46510,Cab/Bed,,"Double Cab, 8.1-Ft.",3865,,"Shown MSRP $50,375; delta vs starting Base MSRP computed in md",models/tundra_options.md:43
2026,Tundra,SR5,8241,46510,Powertrain,Engine,i-FORCE V6 Engine,0,,only; no price,models/tundra_options.md:44
2026,Tundra,SR5,8241,46510,Drivetrain,,Rear-Wheel Drive,0,,base; no price,models/tundra_options.md:45
2026,Tundra,SR5,8241,46510,Drivetrain,,4-Wheel Drive,3000,,,models/tundra_options.md:45
2026,Tundra,SR5,8241,46510,Powertrain,Transmission,10-Speed Electronically Controlled automatic Transmission with intelligence (ECT-i) and sequential shift mode,0,,only; no price,models/tundra_options.md:46
2026,Tundra,SR5,8241,46510,Exterior color,,Lunar Rock,0,,no price,models/tundra_options.md:47
2026,Tundra,SR5,8241,46510,Exterior color,,Ice Cap,0,,no price; default,models/tundra_options.md:47
2026,Tundra,SR5,8241,46510,Exterior color,,Magnetic Gray Metallic,0,,no price,models/tundra_options.md:47
2026,Tundra,SR5,8241,46510,Exterior color,,Celestial Silver Metallic,0,,no price,models/tundra_options.md:47
2026,Tundra,SR5,8241,46510,Exterior color,,Midnight Black Metallic,0,,no price,models/tundra_options.md:47
2026,Tundra,SR5,8241,46510,Exterior color,,Supersonic Red,475,,*,models/tundra_options.md:47
2026,Tundra,SR5,8241,46510,Exterior color,,Blueprint,0,,no price,models/tundra_options.md:47
2026,Tundra,SR5,8241,46510,Exterior color,,Mudbath,0,,no price,models/tundra_options.md:47
2026,Tundra,SR5,8241,46510,Interior,,Boulder Leather-trimmed,0,,no price,models/tundra_options.md:48
2026,Tundra,SR5,8241,46510,Interior,,Black Leather-trimmed,0,,no price,models/tundra_options.md:48
2026,Tundra,SR5,8241,46510,Interior,,Black Fabric,0,,no price; default,models/tundra_options.md:48
2026,Tundra,SR5,8241,46510,Interior,,SX Black Fabric,0,,no price,models/tundra_options.md:48
2026,Tundra,SR5,8241,46510,Factory package,,Advanced Technology Package,2045,Blind Spot Monitor (BSM) *; Front and Rear Parking Assist with Automatic Braking *; Panoramic View Monitor (PVM) *; Trailer Backup Guide with Straight Path Assist (SPA) *; Digital rearview mirror,,models/tundra_options.md:50
2026,Tundra,SR5,8241,46510,Factory package,,Premium Audio Package,1145,14-in. audio multimedia; 400W/120V * rear-seat AC power supply; 400W/120V * bed-mounted AC power supply; LED bed lights,,models/tundra_options.md:51
2026,Tundra,SR5,8241,46510,Factory package,,SR5 Premium Package,2610,Leather-trimmed seats with contrast stitching; 8-way power-adjustable heated front seats with power lumbar; Dual zone automatic climate control; Color-keyed outer door handles,,models/tundra_options.md:52
2026,Tundra,SR5,8241,46510,Factory package,,SX Package,1430,Color-keyed door handles and bumpers; Black overfenders; Black fabric-trimmed seats; 20-in. black alloy wheels; SX bed decal,,models/tundra_options.md:53
2026,Tundra,SR5,8241,46510,Factory package,,SR5 Convenience Package,1065,Blind Spot Monitor (BSM) *; Front and Rear Parking Assist with Automatic Braking *,,models/tundra_options.md:54
2026,Tundra,SR5,8241,46510,Factory option,,SR5 Painted BSM Mirror,60,SR5 painted blind spot mirrors *,,models/tundra_options.md:56
2026,Tundra,SR5,8241,46510,Factory option,,PVM + BSM Outer Mirrors,860,"Heated power outside mirrors (color-keyed) with Blind Spot Monitor (BSM) *, Panoramic View Monitor (PVM) *, and LED turn signals",,models/tundra_options.md:57
2026,Tundra,SR5,8241,46510,Factory option,,SR5 BSM Outer Mirrors,50,Heated power mirrors (black) with Blind Spot Monitor (BSM) * and LED turn signals,,models/tundra_options.md:58
2026,Tundra,SR5,8241,46510,Factory option,,SR5 BSM Tow Mirrors,950,Heated power tow mirrors (black) with Blind Spot Monitor (BSM) *,,models/tundra_options.md:59
2026,Tundra,SR5,8241,46510,Factory option,,SR5 PVM + BSM Tow Mirrors,1150,Premium Tow Mirrors - includes heated power tow mirrors (black) with Blind Spot Monitor (BSM) * and Panoramic View Monitor (PVM) *,,models/tundra_options.md:60
2026,Tundra,SR5,8241,46510,Factory option,,Rear Air Suspension,650,Load-leveling Rear Height Control Air Suspension,,models/tundra_options.md:61
2026,Tundra,SR5,8241,46510,Factory option,,Leather-Wrapped Steering Wheel,170,Leather-wrapped steering wheel,,models/tundra_options.md:62
2026,Tundra,SR5,8241,46510,Factory option,,Heated Leather-Wrapped Steering Wheel,320,Heated leather-wrapped steering wheel,,models/tundra_options.md:63
2026,Tundra,SR5,8241,46510,Accessory package,Accessory Packages,Hall of Famer Tailgate Package,5250,,Installation not included,models/tundra_options.md:64
2026,Tundra,SR5,8241,46510,Accessory package,Accessory Packages,Security Package,969,,,models/tundra_options.md:64
2026,Tundra,SR5,8241,46510,Accessory package,Accessory Packages,"TRD 20"" Wheel Package",2035,,,models/tundra_options.md:64
2026,Tundra,Limited,8272,54860,Base,,Base MSRP,54860,,"Delivery, Processing and Handling Fee $2,195 not included",models/tundra_options.md:67
2026,Tundra,Limited,8272,54860,Cab/Bed,,"CrewMax, 5.5-Ft.",0,,"Standard (starting cab/bed, $54,860)",models/tundra_options.md:68
2026,Tundra,Limited,8272,54860,Cab/Bed,,"CrewMax, 6.5-Ft.",330,,"Shown MSRP $55,190; delta vs starting Base MSRP computed in md",models/tundra_options.md:68
2026,Tundra,Limited,8272,54860,Powertrain,Engine,i-FORCE V6 Engine,0,,only; no price,models/tundra_options.md:69
2026,Tundra,Limited,8272,54860,Drivetrain,,Rear-Wheel Drive,0,,base; no price,models/tundra_options.md:70
2026,Tundra,Limited,8272,54860,Drivetrain,,4-Wheel Drive,3000,,,models/tundra_options.md:70
2026,Tundra,Limited,8272,54860,Powertrain,Transmission,10-Speed Electronically Controlled automatic Transmission with intelligence (ECT-i) and sequential shift mode,0,,only; no price,models/tundra_options.md:71
2026,Tundra,Limited,8272,54860,Exterior color,,Lunar Rock,0,,no price,models/tundra_options.md:72
2026,Tundra,Limited,8272,54860,Exterior color,,Ice Cap,0,,no price,models/tundra_options.md:72
2026,Tundra,Limited,8272,54860,Exterior color,,Wind Chill Pearl,475,,*,models/tundra_options.md:72
2026,Tundra,Limited,8272,54860,Exterior color,,Magnetic Gray Metallic,0,,no price,models/tundra_options.md:72
2026,Tundra,Limited,8272,54860,Exterior color,,Celestial Silver Metallic,0,,no price,models/tundra_options.md:72
2026,Tundra,Limited,8272,54860,Exterior color,,Midnight Black Metallic,0,,no price,models/tundra_options.md:72
2026,Tundra,Limited,8272,54860,Exterior color,,Supersonic Red,475,,*; default,models/tundra_options.md:72
2026,Tundra,Limited,8272,54860,Exterior color,,Blueprint,0,,no price,models/tundra_options.md:72
2026,Tundra,Limited,8272,54860,Exterior color,,Mudbath,0,,no price,models/tundra_options.md:72
2026,Tundra,Limited,8272,54860,Interior,,Boulder Leather-trimmed,0,,no price; default,models/tundra_options.md:73
2026,Tundra,Limited,8272,54860,Interior,,Black Leather-trimmed,0,,no price,models/tundra_options.md:73
2026,Tundra,Limited,8272,54860,Factory package,,Nightshade Package,450,"Matte-black 20-in. alloy wheels; Black overfenders and rear bumper; Gloss-black window molding, mirror caps and tailgate handle; Semi-black Tundra door badge and 4x4 badge (if equipped)",,models/tundra_options.md:75
2026,Tundra,Limited,8272,54860,Factory package,,JBL® Premium Audio,565,12-speaker JBL® * Premium Audio,,models/tundra_options.md:76
2026,Tundra,Limited,8272,54860,Factory package,,Limited Premium Package,395,Premium LED headlights; Trailer Backup Guide with Straight Path Assist (SPA) *; Digital rearview mirror,Additional change(s) required,models/tundra_options.md:77
2026,Tundra,Limited,8272,54860,Factory package,,Limited PVM Package,950,Panoramic View Monitor (PVM) * with cameras,Additional change(s) required,models/tundra_options.md:78
2026,Tundra,Limited,8272,54860,Factory package,,Limited Power Package,385,Qi-compatible wireless smartphone charging *; 400W/120V * rear-seat AC power supply; 400W/120V * bed-mounted AC power supply; LED bed lights,,models/tundra_options.md:79
2026,Tundra,Limited,8272,54860,Factory package,,PVM + BSM Outer Mirrors,0,"Heated power outside mirrors with Blind Spot Monitor (BSM) *, Panoramic View Monitor (PVM) *, and LED turn signals",No Additional Cost; Additional change(s) required,models/tundra_options.md:80
2026,Tundra,Limited,8272,54860,Factory package,,Tow Tech Package With Wireless Trailer Camera System,850,Tow Tech Package - Exterior antenna and wireless trailer camera *,Additional change(s) required,models/tundra_options.md:81
2026,Tundra,Limited,8272,54860,Factory option,,BSM Tow Mirrors,290,Heated power tow mirrors (black) with Blind Spot Monitor (BSM) *,,models/tundra_options.md:83
2026,Tundra,Limited,8272,54860,Factory option,,PVM + BSM Tow Mirrors,290,Heated power tow mirrors (black) with Blind Spot Monitor (BSM) * and Panoramic View Monitor (PVM) * *,Additional change(s) required,models/tundra_options.md:84
2026,Tundra,Limited,8272,54860,Factory option,,Rear Air Suspension,650,Load-leveling Rear Height Control Air Suspension,Additional change(s) required,models/tundra_options.md:85
2026,Tundra,Limited,8272,54860,Factory option,,Panoramic Roof,1350,Power tilt/slide panoramic roof with power sunshade,,models/tundra_options.md:86
2026,Tundra,Limited,8272,54860,Factory option,,Heated Leather-Wrapped Steering Wheel,150,Heated leather-wrapped steering wheel,,models/tundra_options.md:87
2026,Tundra,Limited,8272,54860,Accessory package,Accessory Packages,Hall of Famer Tailgate Package,5250,,Installation not included,models/tundra_options.md:88
2026,Tundra,Limited,8272,54860,Accessory package,Accessory Packages,Security Package,969,,,models/tundra_options.md:88
2026,Tundra,Limited i-FORCE MAX,8401,58560,Base,,Base MSRP,58560,,"Delivery, Processing and Handling Fee $2,195 not included",models/tundra_options.md:91
2026,Tundra,Limited i-FORCE MAX,8401,58560,Cab/Bed,,"CrewMax, 5.5-Ft.",0,,"Standard (starting cab/bed, $58,560)",models/tundra_options.md:92
2026,Tundra,Limited i-FORCE MAX,8401,58560,Cab/Bed,,"CrewMax, 6.5-Ft.",330,,"Shown MSRP $58,890; delta vs starting Base MSRP computed in md",models/tundra_options.md:92
2026,Tundra,Limited i-FORCE MAX,8401,58560,Powertrain,Engine,i-FORCE MAX V6 Hybrid Engine,0,,only; no price,models/tundra_options.md:93
2026,Tundra,Limited i-FORCE MAX,8401,58560,Drivetrain,,Rear-Wheel Drive,0,,base; no price,models/tundra_options.md:94
2026,Tundra,Limited i-FORCE MAX,8401,58560,Drivetrain,,4-Wheel Drive,3000,,,models/tundra_options.md:94
2026,Tundra,Limited i-FORCE MAX,8401,58560,Powertrain,Transmission,10-Speed Electronically Controlled automatic Transmission with intelligence (ECT-i) and sequential shift mode,0,,only; no price,models/tundra_options.md:95
2026,Tundra,Limited i-FORCE MAX,8401,58560,Exterior color,,Lunar Rock,0,,no price; default,models/tundra_options.md:96
2026,Tundra,Limited i-FORCE MAX,8401,58560,Exterior color,,Ice Cap,0,,no price,models/tundra_options.md:96
2026,Tundra,Limited i-FORCE MAX,8401,58560,Exterior color,,Wind Chill Pearl,475,,*,models/tundra_options.md:96
2026,Tundra,Limited i-FORCE MAX,8401,58560,Exterior color,,Magnetic Gray Metallic,0,,no price,models/tundra_options.md:96
2026,Tundra,Limited i-FORCE MAX,8401,58560,Exterior color,,Celestial Silver Metallic,0,,no price,models/tundra_options.md:96
2026,Tundra,Limited i-FORCE MAX,8401,58560,Exterior color,,Midnight Black Metallic,0,,no price,models/tundra_options.md:96
2026,Tundra,Limited i-FORCE MAX,8401,58560,Exterior color,,Supersonic Red,475,,*,models/tundra_options.md:96
2026,Tundra,Limited i-FORCE MAX,8401,58560,Exterior color,,Blueprint,0,,no price,models/tundra_options.md:96
2026,Tundra,Limited i-FORCE MAX,8401,58560,Exterior color,,Mudbath,0,,no price,models/tundra_options.md:96
2026,Tundra,Limited i-FORCE MAX,8401,58560,Interior,,Boulder Leather-trimmed,0,,no price; default,models/tundra_options.md:97
2026,Tundra,Limited i-FORCE MAX,8401,58560,Interior,,Black Leather-trimmed,0,,no price,models/tundra_options.md:97
2026,Tundra,Limited i-FORCE MAX,8401,58560,Factory package,,Nightshade Package,450,"Matte-black 20-in. alloy wheels; Black overfenders and rear bumper; Gloss-black window molding, mirror caps and tailgate handle; Semi-black Tundra door badge and 4x4 badge (if equipped)",,models/tundra_options.md:99
2026,Tundra,Limited i-FORCE MAX,8401,58560,Factory package,,JBL® Premium Audio,565,12-speaker JBL® * Premium Audio,,models/tundra_options.md:100
2026,Tundra,Limited i-FORCE MAX,8401,58560,Factory package,,Limited Premium Package,395,Premium LED headlights; Trailer Backup Guide with Straight Path Assist (SPA) *; Digital rearview mirror,Additional change(s) required,models/tundra_options.md:101
2026,Tundra,Limited i-FORCE MAX,8401,58560,Factory package,,Limited PVM Package,950,Panoramic View Monitor (PVM) * with cameras,Additional change(s) required,models/tundra_options.md:102
2026,Tundra,Limited i-FORCE MAX,8401,58560,Factory package,,Limited Power Package,385,Qi-compatible wireless smartphone charging *; 400W/120V * rear-seat AC power supply; 400W/120V * bed-mounted AC power supply; LED bed lights,,models/tundra_options.md:103
2026,Tundra,Limited i-FORCE MAX,8401,58560,Factory package,,PVM + BSM Outer Mirrors,0,"Heated power outside mirrors with BSM *, PVM *, and LED turn signals",No Additional Cost; Additional change(s) required,models/tundra_options.md:104
2026,Tundra,Limited i-FORCE MAX,8401,58560,Factory package,,Tow Tech Package With Wireless Trailer Camera System,850,Tow Tech Package - Exterior antenna and wireless trailer camera *,Additional change(s) required,models/tundra_options.md:105
2026,Tundra,Limited i-FORCE MAX,8401,58560,Factory option,,BSM Tow Mirrors,290,Heated power tow mirrors (black) with BSM *,,models/tundra_options.md:107
2026,Tundra,Limited i-FORCE MAX,8401,58560,Factory option,,PVM + BSM Tow Mirrors,290,Heated power tow mirrors (black) with BSM * and PVM * *,Additional change(s) required,models/tundra_options.md:108
2026,Tundra,Limited i-FORCE MAX,8401,58560,Factory option,,Rear Air Suspension,650,Load-leveling Rear Height Control Air Suspension,Additional change(s) required,models/tundra_options.md:109
2026,Tundra,Limited i-FORCE MAX,8401,58560,Factory option,,Panoramic Roof,1350,Power tilt/slide panoramic roof with power sunshade,,models/tundra_options.md:110
2026,Tundra,Limited i-FORCE MAX,8401,58560,Factory option,,Heated Leather-Wrapped Steering Wheel,150,Heated leather-wrapped steering wheel,,models/tundra_options.md:111
2026,Tundra,Limited i-FORCE MAX,8401,58560,Accessory package,Accessory Packages,Hall of Famer Tailgate Package,5250,,Installation not included,models/tundra_options.md:112
2026,Tundra,Limited i-FORCE MAX,8401,58560,Accessory package,Accessory Packages,Security Package,969,,,models/tundra_options.md:112
2026,Tundra,Platinum,8275,63695,Base,,Base MSRP,63695,,"Delivery, Processing and Handling Fee $2,195 not included",models/tundra_options.md:115
2026,Tundra,Platinum,8275,63695,Cab/Bed,,"CrewMax, 5.5-Ft.",0,,"Standard (starting cab/bed, $63,695)",models/tundra_options.md:116
2026,Tundra,Platinum,8275,63695,Cab/Bed,,"CrewMax, 6.5-Ft.",3330,,"Shown MSRP $67,025; delta vs starting Base MSRP computed in md",models/tundra_options.md:116
2026,Tundra,Platinum,8275,63695,Powertrain,Engine,i-FORCE V6 Engine,0,,only; no price,models/tundra_options.md:117
2026,Tundra,Platinum,8275,63695,Drivetrain,,Rear-Wheel Drive,0,,base; no price,models/tundra_options.md:118
2026,Tundra,Platinum,8275,63695,Drivetrain,,4-Wheel Drive,3000,,,models/tundra_options.md:118
2026,Tundra,Platinum,8275,63695,Powertrain,Transmission,10-Speed Electronically Controlled automatic Transmission with intelligence (ECT-i) and sequential shift mode,0,,only; no price,models/tundra_options.md:119
2026,Tundra,Platinum,8275,63695,Exterior color,,Lunar Rock,0,,no price,models/tundra_options.md:120
2026,Tundra,Platinum,8275,63695,Exterior color,,Wind Chill Pearl,475,,*,models/tundra_options.md:120
2026,Tundra,Platinum,8275,63695,Exterior color,,Magnetic Gray Metallic,0,,no price,models/tundra_options.md:120
2026,Tundra,Platinum,8275,63695,Exterior color,,Celestial Silver Metallic,0,,no price,models/tundra_options.md:120
2026,Tundra,Platinum,8275,63695,Exterior color,,Midnight Black Metallic,0,,no price,models/tundra_options.md:120
2026,Tundra,Platinum,8275,63695,Exterior color,,Supersonic Red,475,,*,models/tundra_options.md:120
2026,Tundra,Platinum,8275,63695,Exterior color,,Blueprint,0,,no price; default,models/tundra_options.md:120
2026,Tundra,Platinum,8275,63695,Exterior color,,Mudbath,0,,no price,models/tundra_options.md:120
2026,Tundra,Platinum,8275,63695,Interior,,Black Leather-trimmed,0,,no price; default; only interior offered,models/tundra_options.md:121
2026,Tundra,Platinum,8275,63695,Factory package,,Head-Up Display,600,10-in. color Head-Up Display (HUD),,models/tundra_options.md:123
2026,Tundra,Platinum,8275,63695,Factory package,,Load-Leveling Rear Height Control Air Suspension,1045,Load-leveling Rear Height Control Air Suspension and Adaptive Variable Suspension (AVS),Additional change(s) required,models/tundra_options.md:124
2026,Tundra,Platinum,8275,63695,Factory package,,Tow Tech Package With Wireless Trailer Camera System,850,Tow Tech Package - Exterior antenna and wireless trailer camera *,,models/tundra_options.md:125
2026,Tundra,Platinum,8275,63695,Factory option,,PVM + BSM Tow Mirrors,290,Heated power tow mirrors (black) with Blind Spot Monitor (BSM) * and Panoramic View Monitor (PVM) * *,,models/tundra_options.md:127
2026,Tundra,Platinum,8275,63695,Factory option,,Power Running Boards,1350,Power running boards and power BedStep® *,,models/tundra_options.md:128
2026,Tundra,Platinum,8275,63695,Accessory package,Accessory Packages,Hall of Famer Tailgate Package,5250,,Installation not included,models/tundra_options.md:129
2026,Tundra,Platinum,8275,63695,Accessory package,Accessory Packages,Security Package,969,,,models/tundra_options.md:129
2026,Tundra,1794 Edition,8276,64380,Base,,Base MSRP,64380,,"Delivery, Processing and Handling Fee $2,195 not included",models/tundra_options.md:132
2026,Tundra,1794 Edition,8276,64380,Cab/Bed,,"CrewMax, 5.5-Ft.",0,,"Standard (starting cab/bed, $64,380)",models/tundra_options.md:133
2026,Tundra,1794 Edition,8276,64380,Cab/Bed,,"CrewMax, 6.5-Ft.",3330,,"Shown MSRP $67,710; delta vs starting Base MSRP computed in md",models/tundra_options.md:133
2026,Tundra,1794 Edition,8276,64380,Powertrain,Engine,i-FORCE V6 Engine,0,,only; no price,models/tundra_options.md:134
2026,Tundra,1794 Edition,8276,64380,Drivetrain,,Rear-Wheel Drive,0,,base; no price,models/tundra_options.md:135
2026,Tundra,1794 Edition,8276,64380,Drivetrain,,4-Wheel Drive,3000,,,models/tundra_options.md:135
2026,Tundra,1794 Edition,8276,64380,Powertrain,Transmission,10-Speed Electronically Controlled automatic Transmission with intelligence (ECT-i) and sequential shift mode,0,,only; no price,models/tundra_options.md:136
2026,Tundra,1794 Edition,8276,64380,Exterior color,,Lunar Rock,0,,no price,models/tundra_options.md:137
2026,Tundra,1794 Edition,8276,64380,Exterior color,,Wind Chill Pearl,475,,*,models/tundra_options.md:137
2026,Tundra,1794 Edition,8276,64380,Exterior color,,Magnetic Gray Metallic,0,,no price; default,models/tundra_options.md:137
2026,Tundra,1794 Edition,8276,64380,Exterior color,,Celestial Silver Metallic,0,,no price,models/tundra_options.md:137
2026,Tundra,1794 Edition,8276,64380,Exterior color,,Midnight Black Metallic,0,,no price,models/tundra_options.md:137
2026,Tundra,1794 Edition,8276,64380,Exterior color,,Blueprint,0,,no price,models/tundra_options.md:137
2026,Tundra,1794 Edition,8276,64380,Exterior color,,Mudbath,0,,no price; Supersonic Red not offered on this trim,models/tundra_options.md:137
2026,Tundra,1794 Edition,8276,64380,Interior,,Saddle Tan Leather-trimmed,0,,no price; default; only interior offered,models/tundra_options.md:138
2026,Tundra,1794 Edition,8276,64380,Factory package,,Head-Up Display,600,10-in. color Head-Up Display (HUD),,models/tundra_options.md:140
2026,Tundra,1794 Edition,8276,64380,Factory package,,Load-Leveling Rear Height Control Air Suspension,1045,Load-leveling Rear Height Control Air Suspension and Adaptive Variable Suspension (AVS),Additional change(s) required,models/tundra_options.md:141
2026,Tundra,1794 Edition,8276,64380,Factory package,,Tow Tech Package With Wireless Trailer Camera System,850,Tow Tech Package - Exterior antenna and wireless trailer camera *,,models/tundra_options.md:142
2026,Tundra,1794 Edition,8276,64380,Factory option,,PVM + BSM Outer Mirrors,0,"Heated power outside mirrors (chrome) with blind spot mirrors, *Panoramic View Monitor (PVM), * and LED turn signals",No Additional Cost,models/tundra_options.md:144
2026,Tundra,1794 Edition,8276,64380,Factory option,,PVM + BSM Tow Mirrors,290,Heated power tow mirrors (black) with Blind Spot Monitor (BSM) * and Panoramic View Monitor (PVM) * *,,models/tundra_options.md:145
2026,Tundra,1794 Edition,8276,64380,Factory option,,Power Running Boards,1350,Power running boards and power BedStep® *,,models/tundra_options.md:146
2026,Tundra,1794 Edition,8276,64380,Accessory package,Accessory Packages,Hall of Famer Tailgate Package,5250,,Installation not included,models/tundra_options.md:147
2026,Tundra,1794 Edition,8276,64380,Accessory package,Accessory Packages,Security Package,969,,,models/tundra_options.md:147
2026,Tundra,Platinum i-FORCE MAX,8422,70605,Base,,Base MSRP,70605,,"Delivery, Processing and Handling Fee $2,195 not included",models/tundra_options.md:150
2026,Tundra,Platinum i-FORCE MAX,8422,70605,Cab/Bed,,"CrewMax, 5.5-Ft.",0,,"Standard (starting cab/bed, $70,605)",models/tundra_options.md:151
2026,Tundra,Platinum i-FORCE MAX,8422,70605,Cab/Bed,,"CrewMax, 6.5-Ft.",330,,"Shown MSRP $70,935; delta vs starting Base MSRP computed in md",models/tundra_options.md:151
2026,Tundra,Platinum i-FORCE MAX,8422,70605,Powertrain,Engine,i-FORCE MAX V6 Hybrid Engine,0,,only; no price,models/tundra_options.md:152
2026,Tundra,Platinum i-FORCE MAX,8422,70605,Drivetrain,,4-Wheel Drive,0,,only; no price shown; no RWD option,models/tundra_options.md:153
2026,Tundra,Platinum i-FORCE MAX,8422,70605,Powertrain,Transmission,10-Speed Electronically Controlled automatic Transmission with intelligence (ECT-i) and sequential shift mode,0,,only; no price,models/tundra_options.md:154
2026,Tundra,Platinum i-FORCE MAX,8422,70605,Exterior color,,Lunar Rock,0,,no price,models/tundra_options.md:155
2026,Tundra,Platinum i-FORCE MAX,8422,70605,Exterior color,,Wind Chill Pearl,475,,*,models/tundra_options.md:155
2026,Tundra,Platinum i-FORCE MAX,8422,70605,Exterior color,,Magnetic Gray Metallic,0,,no price,models/tundra_options.md:155
2026,Tundra,Platinum i-FORCE MAX,8422,70605,Exterior color,,Celestial Silver Metallic,0,,no price,models/tundra_options.md:155
2026,Tundra,Platinum i-FORCE MAX,8422,70605,Exterior color,,Midnight Black Metallic,0,,no price; default,models/tundra_options.md:155
2026,Tundra,Platinum i-FORCE MAX,8422,70605,Exterior color,,Supersonic Red,475,,*,models/tundra_options.md:155
2026,Tundra,Platinum i-FORCE MAX,8422,70605,Exterior color,,Mudbath,0,,no price,models/tundra_options.md:155
2026,Tundra,Platinum i-FORCE MAX,8422,70605,Exterior color,,Blueprint,0,,no price,models/tundra_options.md:155
2026,Tundra,Platinum i-FORCE MAX,8422,70605,Interior,,Black Leather-trimmed,0,,no price; default; only interior offered,models/tundra_options.md:156
2026,Tundra,Platinum i-FORCE MAX,8422,70605,Factory package,,Head-Up Display,600,10-in. color Head-Up Display (HUD),,models/tundra_options.md:158
2026,Tundra,Platinum i-FORCE MAX,8422,70605,Factory package,,Load-Leveling Rear Height Control Air Suspension,1045,Load-leveling Rear Height Control Air Suspension and Adaptive Variable Suspension (AVS),Additional change(s) required,models/tundra_options.md:159
2026,Tundra,Platinum i-FORCE MAX,8422,70605,Factory package,,TRD Off-Road Package,2180,"20-in. TRD Off-Road matte-black alloy wheels with TRD center caps and all-terrain tires; TRD grille; ""TRD OFF-ROAD"" bedside decal; Off-road suspension with Bilstein® * shocks; Skid plates; Mudguards; Red TRD engine start button; TRD leather-wrapped shift knob; Aluminum sport pedals; Electronically controlled locking rear differential; Multi-Terrain Select (MTS); Crawl Control (CRAWL) *; Downhill Assist Control (DAC) *; PVM+BSM ** outside mirrors with Multi-Terrain Monitor (MTM) functionality",Additional change(s) required,models/tundra_options.md:160
2026,Tundra,Platinum i-FORCE MAX,8422,70605,Factory package,,Tow Tech Package With Wireless Trailer Camera System,850,Tow Tech Package - Exterior antenna and wireless trailer camera *,,models/tundra_options.md:161
2026,Tundra,Platinum i-FORCE MAX,8422,70605,Factory option,,TRD 3-In. Suspension Lift Kit (Removes Fog Lights),3995,3-in. suspension lift kit. * * * Removes fog lights,Additional change(s) required,models/tundra_options.md:163
2026,Tundra,Platinum i-FORCE MAX,8422,70605,Factory option,,PVM + BSM Tow Mirrors,290,Heated power tow mirrors (black) with Blind Spot Monitor (BSM) * and Panoramic View Monitor (PVM) * *,,models/tundra_options.md:164
2026,Tundra,Platinum i-FORCE MAX,8422,70605,Factory option,,Power Running Boards,1350,Power running boards and power BedStep® *,,models/tundra_options.md:165
2026,Tundra,Platinum i-FORCE MAX,8422,70605,Factory option,,Off-Road Front Skid Plate,0,Off-road front skid plate,No Additional Cost; Additional change(s) required,models/tundra_options.md:166
2026,Tundra,Platinum i-FORCE MAX,8422,70605,Factory option,,TRD Front Skid Plate,380,TRD front skid plate,Additional change(s) required,models/tundra_options.md:167
2026,Tundra,Platinum i-FORCE MAX,8422,70605,Accessory package,Accessory Packages,Hall of Famer Tailgate Package,5250,,Installation not included,models/tundra_options.md:168
2026,Tundra,Platinum i-FORCE MAX,8422,70605,Accessory package,Accessory Packages,Security Package,969,,,models/tundra_options.md:168
2026,Tundra,1794 Edition i-FORCE MAX,8423,71305,Base,,Base MSRP,71305,,"Delivery, Processing and Handling Fee $2,195 not included",models/tundra_options.md:171
2026,Tundra,1794 Edition i-FORCE MAX,8423,71305,Cab/Bed,,"CrewMax, 5.5-Ft.",0,,"Standard (starting cab/bed, $71,305)",models/tundra_options.md:172
2026,Tundra,1794 Edition i-FORCE MAX,8423,71305,Cab/Bed,,"CrewMax, 6.5-Ft.",330,,"Shown MSRP $71,635; delta vs starting Base MSRP computed in md",models/tundra_options.md:172
2026,Tundra,1794 Edition i-FORCE MAX,8423,71305,Powertrain,Engine,i-FORCE MAX V6 Hybrid Engine,0,,only; no price,models/tundra_options.md:173
2026,Tundra,1794 Edition i-FORCE MAX,8423,71305,Drivetrain,,4-Wheel Drive,0,,only; no price shown,models/tundra_options.md:174
2026,Tundra,1794 Edition i-FORCE MAX,8423,71305,Powertrain,Transmission,10-Speed Electronically Controlled automatic Transmission with intelligence (ECT-i) and sequential shift mode,0,,only; no price,models/tundra_options.md:175
2026,Tundra,1794 Edition i-FORCE MAX,8423,71305,Exterior color,,Lunar Rock,0,,no price,models/tundra_options.md:176
2026,Tundra,1794 Edition i-FORCE MAX,8423,71305,Exterior color,,Wind Chill Pearl,475,,*,models/tundra_options.md:176
2026,Tundra,1794 Edition i-FORCE MAX,8423,71305,Exterior color,,Magnetic Gray Metallic,0,,no price; default,models/tundra_options.md:176
2026,Tundra,1794 Edition i-FORCE MAX,8423,71305,Exterior color,,Celestial Silver Metallic,0,,no price,models/tundra_options.md:176
2026,Tundra,1794 Edition i-FORCE MAX,8423,71305,Exterior color,,Midnight Black Metallic,0,,no price,models/tundra_options.md:176
2026,Tundra,1794 Edition i-FORCE MAX,8423,71305,Exterior color,,Mudbath,0,,no price,models/tundra_options.md:176
2026,Tundra,1794 Edition i-FORCE MAX,8423,71305,Exterior color,,Blueprint,0,,no price,models/tundra_options.md:176
2026,Tundra,1794 Edition i-FORCE MAX,8423,71305,Interior,,Saddle Tan Leather-trimmed,0,,no price; default; only interior offered,models/tundra_options.md:177
2026,Tundra,1794 Edition i-FORCE MAX,8423,71305,Factory package,,Head-Up Display,600,10-in. color Head-Up Display (HUD),,models/tundra_options.md:179
2026,Tundra,1794 Edition i-FORCE MAX,8423,71305,Factory package,,Load-Leveling Rear Height Control Air Suspension,1045,Load-leveling Rear Height Control Air Suspension and Adaptive Variable Suspension (AVS),Additional change(s) required,models/tundra_options.md:180
2026,Tundra,1794 Edition i-FORCE MAX,8423,71305,Factory package,,TRD Off-Road Package,2140,"20-in. TRD Off-Road matte-black alloy wheels with TRD center caps and all-terrain tires; TRD grille; ""TRD OFF-ROAD"" bedside decal; Off-road suspension with Bilstein® * shocks; Skid plates; Mudguards; Red TRD engine start button; TRD leather-wrapped shift knob; Aluminum sport pedals; Electronically controlled locking rear differential; Multi-Terrain Select (MTS); Crawl Control (CRAWL) *; Downhill Assist Control (DAC) *; PVM+BSM ** Outside mirrors with Multi-Terrain Monitor (MTM) functionality",Additional change(s) required,models/tundra_options.md:181
2026,Tundra,1794 Edition i-FORCE MAX,8423,71305,Factory package,,Tow Tech Package With Wireless Trailer Camera System,850,Tow Tech Package - Exterior antenna and wireless trailer camera *,,models/tundra_options.md:182
2026,Tundra,1794 Edition i-FORCE MAX,8423,71305,Factory option,,TRD 3-In. Suspension Lift Kit (Removes Fog Lights),3995,3-in. suspension lift kit. * * * Removes fog lights,Additional change(s) required,models/tundra_options.md:184
2026,Tundra,1794 Edition i-FORCE MAX,8423,71305,Factory option,,PVM + BSM Outer Mirrors,0,"Heated power outside mirrors (chrome) with blind spot mirrors, *Panoramic View Monitor (PVM), * and LED turn signals",No Additional Cost,models/tundra_options.md:185
2026,Tundra,1794 Edition i-FORCE MAX,8423,71305,Factory option,,PVM + BSM Tow Mirrors,290,Heated power tow mirrors (black) with Blind Spot Monitor (BSM) * and Panoramic View Monitor (PVM) * *,,models/tundra_options.md:186
2026,Tundra,1794 Edition i-FORCE MAX,8423,71305,Factory option,,Power Running Boards,1350,Power running boards and power BedStep® *,,models/tundra_options.md:187
2026,Tundra,1794 Edition i-FORCE MAX,8423,71305,Factory option,,Off-Road Front Skid Plate,0,Off-road front skid plate,No Additional Cost; Additional change(s) required,models/tundra_options.md:188
2026,Tundra,1794 Edition i-FORCE MAX,8423,71305,Factory option,,TRD Front Skid Plate,380,TRD front skid plate,Additional change(s) required,models/tundra_options.md:189
2026,Tundra,1794 Edition i-FORCE MAX,8423,71305,Accessory package,Accessory Packages,Hall of Famer Tailgate Package,5250,,Installation not included,models/tundra_options.md:190
2026,Tundra,1794 Edition i-FORCE MAX,8423,71305,Accessory package,Accessory Packages,Security Package,969,,,models/tundra_options.md:190
2026,Tundra,TRD Pro,8424,72565,Base,,Base MSRP,72565,,"Delivery, Processing and Handling Fee $2,195 not included",models/tundra_options.md:193
2026,Tundra,TRD Pro,8424,72565,Cab/Bed,,"CrewMax, 5.5-Ft.",0,,"Standard (starting cab/bed, $72,565)",models/tundra_options.md:194
2026,Tundra,TRD Pro,8424,72565,Powertrain,Engine,i-FORCE MAX V6 Hybrid Engine,0,,only; no price,models/tundra_options.md:195
2026,Tundra,TRD Pro,8424,72565,Drivetrain,,4-Wheel Drive,0,,only; no price shown,models/tundra_options.md:196
2026,Tundra,TRD Pro,8424,72565,Powertrain,Transmission,10-Speed Electronically Controlled automatic Transmission with intelligence (ECT-i) and sequential shift mode,0,,only; no price,models/tundra_options.md:197
2026,Tundra,TRD Pro,8424,72565,Exterior color,,Ice Cap,0,,no price; default,models/tundra_options.md:198
2026,Tundra,TRD Pro,8424,72565,Exterior color,,Magnetic Gray Metallic,0,,no price,models/tundra_options.md:198
2026,Tundra,TRD Pro,8424,72565,Exterior color,,Midnight Black Metallic,0,,no price,models/tundra_options.md:198
2026,Tundra,TRD Pro,8424,72565,Exterior color,,Wave Maker,0,,no price shown on this trim,models/tundra_options.md:198
2026,Tundra,TRD Pro,8424,72565,Interior,,Black SofTex®-trimmed,0,,no price; default,models/tundra_options.md:199
2026,Tundra,TRD Pro,8424,72565,Interior,,Cockpit Red SofTex®-trimmed,0,,no price,models/tundra_options.md:199
2026,Tundra,TRD Pro,8424,72565,Factory package,,Tow Tech Package With Wireless Trailer Camera System,850,Tow Tech Package - Exterior antenna and wireless trailer camera *,,models/tundra_options.md:201
2026,Tundra,TRD Pro,8424,72565,Factory package,,TRD Pro With Tow Mirrors Grade Package,290,,contents not shown,models/tundra_options.md:202
2026,Tundra,TRD Pro,8424,72565,Factory option,,IsoDynamic Seat,980,IsoDynamic seat,,models/tundra_options.md:204
2026,Tundra,TRD Pro,8424,72565,Accessory package,Accessory Packages,Hall of Famer Tailgate Package,5250,,Installation not included,models/tundra_options.md:205
2026,Tundra,TRD Pro,8424,72565,Accessory package,Accessory Packages,Security Package,969,,,models/tundra_options.md:205
2026,Tundra,Capstone,8425,80800,Base,,Base MSRP,80800,,"Delivery, Processing and Handling Fee $2,195 not included",models/tundra_options.md:208
2026,Tundra,Capstone,8425,80800,Cab/Bed,,"CrewMax, 5.5-Ft.",0,,"Standard (starting cab/bed, $80,800)",models/tundra_options.md:209
2026,Tundra,Capstone,8425,80800,Powertrain,Engine,i-FORCE MAX V6 Hybrid Engine,0,,only; no price,models/tundra_options.md:210
2026,Tundra,Capstone,8425,80800,Drivetrain,,4-Wheel Drive,0,,only; no price shown,models/tundra_options.md:211
2026,Tundra,Capstone,8425,80800,Powertrain,Transmission,10-Speed Electronically Controlled automatic Transmission with intelligence (ECT-i) and sequential shift mode,0,,only; no price,models/tundra_options.md:212
2026,Tundra,Capstone,8425,80800,Exterior color,,Wind Chill Pearl,475,,*; default,models/tundra_options.md:213
2026,Tundra,Capstone,8425,80800,Exterior color,,Magnetic Gray Metallic,0,,no price,models/tundra_options.md:213
2026,Tundra,Capstone,8425,80800,Exterior color,,Celestial Silver Metallic,0,,no price,models/tundra_options.md:213
2026,Tundra,Capstone,8425,80800,Exterior color,,Midnight Black Metallic,0,,no price,models/tundra_options.md:213
2026,Tundra,Capstone,8425,80800,Exterior color,,Supersonic Red,475,,*,models/tundra_options.md:213
2026,Tundra,Capstone,8425,80800,Exterior color,,Blueprint,0,,no price,models/tundra_options.md:213
2026,Tundra,Capstone,8425,80800,Interior,,Shale Premium Textured Leather-trimmed,0,,no price; default; only interior offered,models/tundra_options.md:214
2026,Tundra,Capstone,8425,80800,Factory package,,Load-Leveling Rear Height Control Air Suspension,1045,Load-leveling Rear Height Control Air Suspension and Adaptive Variable Suspension (AVS),,models/tundra_options.md:216
2026,Tundra,Capstone,8425,80800,Factory package,,Tow Tech Package With Wireless Trailer Camera System,850,Tow Tech Package - Exterior antenna and wireless trailer camera *,,models/tundra_options.md:217
2026,Tundra,Capstone,8425,80800,Factory option,,PVM + BSM Tow Mirrors,290,Heated power tow mirrors (black) with Blind Spot Monitor (BSM) * and Panoramic View Monitor (PVM) * *,,models/tundra_options.md:219
2026,Tundra,Capstone,8425,80800,Accessory package,Accessory Packages,Hall of Famer Tailgate Package,5250,,Installation not included,models/tundra_options.md:220
2026,Tundra,Capstone,8425,80800,Accessory package,Accessory Packages,Security Package,969,,,models/tundra_options.md:220
2026,Sienna,LE,5402,41320,Base,,Base MSRP,41320,,"Delivery, Processing and Handling Fee $1,595 not included",models/sienna_options.md:28
2026,Sienna,LE,5402,41320,Interior,Seating,8-Passenger Seating,0,,only; no price shown,models/sienna_options.md:29
2026,Sienna,LE,5402,41320,Powertrain,Engine,2.5L Hybrid Engine,0,,only; no price,models/sienna_options.md:30
2026,Sienna,LE,5402,41320,Drivetrain,,Front-Wheel Drive,0,,base; no price,models/sienna_options.md:31
2026,Sienna,LE,5402,41320,Drivetrain,,All-Wheel Drive,2000,,,models/sienna_options.md:31
2026,Sienna,LE,5402,41320,Powertrain,Transmission,Electronically controlled Continuously Variable Transmission (ECVT),0,,only; no price,models/sienna_options.md:32
2026,Sienna,LE,5402,41320,Exterior color,,Ruby Flare Pearl,475,,*,models/sienna_options.md:33
2026,Sienna,LE,5402,41320,Exterior color,,Ice Cap,0,,no price; default,models/sienna_options.md:33
2026,Sienna,LE,5402,41320,Exterior color,,Heavy Metal,475,,*,models/sienna_options.md:33
2026,Sienna,LE,5402,41320,Exterior color,,Midnight Black Metallic,0,,no price,models/sienna_options.md:33
2026,Sienna,LE,5402,41320,Exterior color,,Cypress,0,,no price,models/sienna_options.md:33
2026,Sienna,LE,5402,41320,Exterior color,,Blueprint,0,,no price,models/sienna_options.md:33
2026,Sienna,LE,5402,41320,Interior,,Gray Woven Fabric,0,,no price; default; only interior offered,models/sienna_options.md:34
2026,Sienna,LE,5402,41320,Factory option,,Black roof rails,150,,,models/sienna_options.md:37
2026,Sienna,LE,5402,41320,Factory option,,Spare tire,75,,,models/sienna_options.md:38
2026,Sienna,LE,5402,41320,Accessory package,Accessory Packages,Outdoor Package,496,,,models/sienna_options.md:40
2026,Sienna,LE,5402,41320,Accessory package,Accessory Packages,Preferred Accessory Package w/ All-*...,365,,name truncated as shown,models/sienna_options.md:41
2026,Sienna,LE,5402,41320,Accessory package,Accessory Packages,Preferred Accessory Package w/ Carp*...,365,,name truncated as shown,models/sienna_options.md:42
2026,Sienna,LE,5402,41320,Accessory package,Accessory Packages,Protection Package,495,,,models/sienna_options.md:43
2026,Sienna,XLE,5408,46020,Base,,Base MSRP,46020,,"Delivery, Processing and Handling Fee $1,595 not included",models/sienna_options.md:46
2026,Sienna,XLE,5408,46020,Interior,Seating,8-Passenger Seating,0,,no price shown,models/sienna_options.md:47
2026,Sienna,XLE,5408,46020,Interior,Seating,7-Passenger Seating,0,,no price shown; currently selected per Summary,models/sienna_options.md:47
2026,Sienna,XLE,5408,46020,Powertrain,Engine,2.5L Hybrid Engine,0,,only; no price,models/sienna_options.md:48
2026,Sienna,XLE,5408,46020,Drivetrain,,Front-Wheel Drive,0,,base; no price,models/sienna_options.md:49
2026,Sienna,XLE,5408,46020,Drivetrain,,All-Wheel Drive,2000,,,models/sienna_options.md:49
2026,Sienna,XLE,5408,46020,Powertrain,Transmission,Electronically controlled Continuously Variable Transmission (ECVT),0,,only; no price,models/sienna_options.md:50
2026,Sienna,XLE,5408,46020,Exterior color,,Ruby Flare Pearl,475,,*,models/sienna_options.md:51
2026,Sienna,XLE,5408,46020,Exterior color,,Wind Chill Pearl,475,,*,models/sienna_options.md:51
2026,Sienna,XLE,5408,46020,Exterior color,,Heavy Metal,475,,*,models/sienna_options.md:51
2026,Sienna,XLE,5408,46020,Exterior color,,Midnight Black Metallic,0,,no price,models/sienna_options.md:51
2026,Sienna,XLE,5408,46020,Exterior color,,Cypress,0,,no price,models/sienna_options.md:51
2026,Sienna,XLE,5408,46020,Exterior color,,Blueprint,0,,no price; default per Summary,models/sienna_options.md:51
2026,Sienna,XLE,5408,46020,Interior,,Gray SofTex®,0,,no price; only interior offered,models/sienna_options.md:52
2026,Sienna,XLE,5408,46020,Factory package,,Entertainment Package,1415,"1080p HD Entertainment Center with 11.6-in. display, HDMI input, remote and two wireless headphones *",,models/sienna_options.md:54
2026,Sienna,XLE,5408,46020,Factory option,,18-in. bright wheels with P235/60R18 tires,540,,,models/sienna_options.md:56
2026,Sienna,XLE,5408,46020,Factory option,,1500W inverter * with two outlets,300,,Additional change(s) required; tag sits inside this option's card per Options tab,models/sienna_options.md:57
2026,Sienna,XLE,5408,46020,Factory option,,12 JBL® * speakers including subwoofer and amplifier,580,,,models/sienna_options.md:58
2026,Sienna,XLE,5408,46020,Factory option,,Spare tire,75,,,models/sienna_options.md:59
2026,Sienna,XLE,5408,46020,Accessory package,Accessory Packages,Protection Package,495,,,models/sienna_options.md:61
2026,Sienna,XSE,5410,49245,Base,,Base MSRP,49245,,"Delivery, Processing and Handling Fee $1,595 not included",models/sienna_options.md:64
2026,Sienna,XSE,5410,49245,Interior,Seating,7-Passenger Seating,0,,only; no price shown,models/sienna_options.md:65
2026,Sienna,XSE,5410,49245,Powertrain,Engine,2.5L Hybrid Engine,0,,only; no price,models/sienna_options.md:66
2026,Sienna,XSE,5410,49245,Drivetrain,,Front-Wheel Drive,0,,base; no price,models/sienna_options.md:67
2026,Sienna,XSE,5410,49245,Drivetrain,,All-Wheel Drive,890,,,models/sienna_options.md:67
2026,Sienna,XSE,5410,49245,Powertrain,Transmission,Electronically controlled Continuously Variable Transmission (ECVT),0,,only; no price,models/sienna_options.md:68
2026,Sienna,XSE,5410,49245,Exterior color,,Cement,0,,no price,models/sienna_options.md:69
2026,Sienna,XSE,5410,49245,Exterior color,,Ruby Flare Pearl,475,,*; selected by default per Summary,models/sienna_options.md:69
2026,Sienna,XSE,5410,49245,Exterior color,,Ice Cap,0,,no price,models/sienna_options.md:69
2026,Sienna,XSE,5410,49245,Exterior color,,Heavy Metal,475,,*,models/sienna_options.md:69
2026,Sienna,XSE,5410,49245,Exterior color,,Midnight Black Metallic,0,,no price,models/sienna_options.md:69
2026,Sienna,XSE,5410,49245,Exterior color,,Blueprint,0,,no price,models/sienna_options.md:69
2026,Sienna,XSE,5410,49245,Interior,,Moonstone/Black SofTex® trim,0,,no price,models/sienna_options.md:70
2026,Sienna,XSE,5410,49245,Interior,,Black/Blue SofTex®/fabric mixed media trim,0,,no price; selected by default,models/sienna_options.md:70
2026,Sienna,XSE,5410,49245,Factory package,,Entertainment Package,1415,"same as XLE (1080p HD Entertainment Center with 11.6-in. display, HDMI input, remote and two wireless headphones *)",,models/sienna_options.md:72
2026,Sienna,XSE,5410,49245,Factory option,,1500W inverter * with two outlets,300,,,models/sienna_options.md:74
2026,Sienna,XSE,5410,49245,Factory option,,Spare tire,75,,,models/sienna_options.md:75
2026,Sienna,XSE,5410,49245,Accessory package,Accessory Packages,Protection Package,495,,,models/sienna_options.md:77
2026,Sienna,Limited,5414,52005,Base,,Base MSRP,52005,,"Delivery, Processing and Handling Fee $1,595 not included",models/sienna_options.md:80
2026,Sienna,Limited,5414,52005,Interior,Seating,7-Passenger Seating,0,,only; no price shown,models/sienna_options.md:81
2026,Sienna,Limited,5414,52005,Powertrain,Engine,2.5L Hybrid Engine,0,,only; no price,models/sienna_options.md:82
2026,Sienna,Limited,5414,52005,Drivetrain,,Front-Wheel Drive,0,,base; no price,models/sienna_options.md:83
2026,Sienna,Limited,5414,52005,Drivetrain,,All-Wheel Drive,2000,,,models/sienna_options.md:83
2026,Sienna,Limited,5414,52005,Powertrain,Transmission,Electronically controlled Continuously Variable Transmission (ECVT),0,,only; no price,models/sienna_options.md:84
2026,Sienna,Limited,5414,52005,Exterior color,,Ruby Flare Pearl,475,,*,models/sienna_options.md:85
2026,Sienna,Limited,5414,52005,Exterior color,,Wind Chill Pearl,475,,*,models/sienna_options.md:85
2026,Sienna,Limited,5414,52005,Exterior color,,Heavy Metal,475,,*,models/sienna_options.md:85
2026,Sienna,Limited,5414,52005,Exterior color,,Midnight Black Metallic,0,,no price,models/sienna_options.md:85
2026,Sienna,Limited,5414,52005,Exterior color,,Cypress,0,,no price; default,models/sienna_options.md:85
2026,Sienna,Limited,5414,52005,Exterior color,,Blueprint,0,,no price,models/sienna_options.md:85
2026,Sienna,Limited,5414,52005,Interior,,Macadamia leather trim,0,,no price,models/sienna_options.md:86
2026,Sienna,Limited,5414,52005,Interior,,Black leather trim,0,,no price; default,models/sienna_options.md:86
2026,Sienna,Limited,5414,52005,Factory package,,Entertainment Package,1415,"same as XLE (1080p HD Entertainment Center with 11.6-in. display, HDMI input, remote and two wireless headphones *)",Additional change(s) required,models/sienna_options.md:88
2026,Sienna,Limited,5414,52005,Factory option,,1500W inverter * with two outlets,300,,,models/sienna_options.md:90
2026,Sienna,Limited,5414,52005,Factory option,,Digital rearview mirror with HomeLink® * universal transceiver,200,,,models/sienna_options.md:91
2026,Sienna,Limited,5414,52005,Factory option,,Spare tire,75,,,models/sienna_options.md:92
2026,Sienna,Limited,5414,52005,Accessory package,Accessory Packages,Protection Package,495,,,models/sienna_options.md:94
2026,Sienna,Limited,5414,52005,Accessory package,Accessory Packages,Vacuum and FridgeBox™ w/ All-Weathe*...,2895,,name truncated as shown; as displayed,models/sienna_options.md:95
2026,Sienna,Limited,5414,52005,Accessory package,Accessory Packages,Vacuum and FridgeBox™ w/ Carpet Mat*...,2895,,name truncated as shown; as displayed,models/sienna_options.md:96
2026,Sienna,Woodland Edition,5409,52100,Base,,Base MSRP,52100,,"Delivery, Processing and Handling Fee $1,595 not included",models/sienna_options.md:99
2026,Sienna,Woodland Edition,5409,52100,Interior,Seating,7-Passenger Seating,0,,only; no price shown,models/sienna_options.md:100
2026,Sienna,Woodland Edition,5409,52100,Powertrain,Engine,2.5L Hybrid Engine,0,,only; no price,models/sienna_options.md:101
2026,Sienna,Woodland Edition,5409,52100,Drivetrain,,All-Wheel Drive,0,,only; no price shown; no FWD option offered,models/sienna_options.md:102
2026,Sienna,Woodland Edition,5409,52100,Powertrain,Transmission,Electronically controlled Continuously Variable Transmission (ECVT),0,,only; no price,models/sienna_options.md:103
2026,Sienna,Woodland Edition,5409,52100,Exterior color,,Cement,0,,no price; default,models/sienna_options.md:104
2026,Sienna,Woodland Edition,5409,52100,Exterior color,,Ice Cap,0,,no price,models/sienna_options.md:104
2026,Sienna,Woodland Edition,5409,52100,Exterior color,,Midnight Black Metallic,0,,no price,models/sienna_options.md:104
2026,Sienna,Woodland Edition,5409,52100,Exterior color,,Cypress,0,,no price,models/sienna_options.md:104
2026,Sienna,Woodland Edition,5409,52100,Interior,,Black SofTex®,0,,no price; only interior offered,models/sienna_options.md:105
2026,Sienna,Woodland Edition,5409,52100,Factory package,,Entertainment Package,1415,"same as XLE (1080p HD Entertainment Center with 11.6-in. display, HDMI input, remote and two wireless headphones *)",,models/sienna_options.md:107
2026,Sienna,Platinum,5419,58710,Base,,Base MSRP,58710,,"Delivery, Processing and Handling Fee $1,595 not included",models/sienna_options.md:112
2026,Sienna,Platinum,5419,58710,Interior,Seating,7-Passenger Seating,0,,only; no price shown,models/sienna_options.md:113
2026,Sienna,Platinum,5419,58710,Powertrain,Engine,2.5L Hybrid Engine,0,,only; no price,models/sienna_options.md:114
2026,Sienna,Platinum,5419,58710,Drivetrain,,All-Wheel Drive,0,,only; no price shown; no FWD option offered,models/sienna_options.md:115
2026,Sienna,Platinum,5419,58710,Powertrain,Transmission,Electronically controlled Continuously Variable Transmission (ECVT),0,,only; no price,models/sienna_options.md:116
2026,Sienna,Platinum,5419,58710,Exterior color,,Ruby Flare Pearl,475,,*,models/sienna_options.md:117
2026,Sienna,Platinum,5419,58710,Exterior color,,Wind Chill Pearl,475,,*,models/sienna_options.md:117
2026,Sienna,Platinum,5419,58710,Exterior color,,Heavy Metal,475,,*; default per Summary,models/sienna_options.md:117
2026,Sienna,Platinum,5419,58710,Exterior color,,Midnight Black Metallic,0,,no price,models/sienna_options.md:117
2026,Sienna,Platinum,5419,58710,Exterior color,,Cypress,0,,no price,models/sienna_options.md:117
2026,Sienna,Platinum,5419,58710,Exterior color,,Blueprint,0,,no price,models/sienna_options.md:117
2026,Sienna,Platinum,5419,58710,Interior,,Black/Red leather trim,0,,no price; default,models/sienna_options.md:118
2026,Sienna,Platinum,5419,58710,Interior,,Macadamia leather trim,0,,no price,models/sienna_options.md:118
2026,Sienna,Platinum,5419,58710,Factory package,,Entertainment Package,1415,"same as XLE (1080p HD Entertainment Center with 11.6-in. display, HDMI input, remote and two wireless headphones *)",Additional change(s) required,models/sienna_options.md:120
2026,Sienna,Platinum,5419,58710,Factory option,,1500W inverter * with two outlets,300,,,models/sienna_options.md:122
2026,Sienna,Platinum,5419,58710,Factory option,,Digital rearview mirror with HomeLink® * universal transceiver,200,,,models/sienna_options.md:123
2026,Sienna,Platinum,5419,58710,Factory option,,Spare tire (removes second-row ottomans),-125,,shown as a negative amount,models/sienna_options.md:124
2026,Sienna,Platinum,5419,58710,Accessory package,Accessory Packages,Protection Package,495,,,models/sienna_options.md:126
2026,RAV4 Plug-in Hybrid,SE,4544,41500,Base,,Base MSRP,41500,,"Delivery, Processing and Handling Fee $1,595 not included",models/rav4_plugin_hybrid_options.md:25
2026,RAV4 Plug-in Hybrid,SE,4544,41500,Powertrain,Engine,2.5L 4-Cyl. Plug-in Hybrid Engine,0,,only; no price,models/rav4_plugin_hybrid_options.md:26
2026,RAV4 Plug-in Hybrid,SE,4544,41500,Drivetrain,,All-Wheel Drive,0,,only; no price,models/rav4_plugin_hybrid_options.md:27
2026,RAV4 Plug-in Hybrid,SE,4544,41500,Powertrain,Transmission,Electronically controlled Continuously Variable Transmission (ECVT),0,,only; no price,models/rav4_plugin_hybrid_options.md:28
2026,RAV4 Plug-in Hybrid,SE,4544,41500,Exterior color,,Midnight Black Metallic,0,,no price; default,models/rav4_plugin_hybrid_options.md:29
2026,RAV4 Plug-in Hybrid,SE,4544,41500,Exterior color,,Blueprint,0,,no price,models/rav4_plugin_hybrid_options.md:29
2026,RAV4 Plug-in Hybrid,SE,4544,41500,Exterior color,,Ice Cap,0,,no price,models/rav4_plugin_hybrid_options.md:29
2026,RAV4 Plug-in Hybrid,SE,4544,41500,Exterior color,,Meteor Shower,0,,no price,models/rav4_plugin_hybrid_options.md:29
2026,RAV4 Plug-in Hybrid,SE,4544,41500,Exterior color,,Storm Cloud,0,,no price,models/rav4_plugin_hybrid_options.md:29
2026,RAV4 Plug-in Hybrid,SE,4544,41500,Interior,,Black/Blue fabric,0,,no price; only interior offered,models/rav4_plugin_hybrid_options.md:30
2026,RAV4 Plug-in Hybrid,SE,4544,41500,Factory package,,Convenience Package,400,Height-adjustable power liftgate with jam protection *,Additional change(s) required,models/rav4_plugin_hybrid_options.md:32
2026,RAV4 Plug-in Hybrid,SE,4544,41500,Factory package,,Weather Package,375,Heated steering wheel; Windshield de-icer; Rain-sensing windshield wipers,,models/rav4_plugin_hybrid_options.md:33
2026,RAV4 Plug-in Hybrid,SE,4544,41500,Factory package,,Moonroof,850,Power tilt/slide moonroof with one-touch open/close,Additional change(s) required,models/rav4_plugin_hybrid_options.md:34
2026,RAV4 Plug-in Hybrid,SE,4544,41500,Accessory package,Accessory Packages,All-Weather Liner Package,339,,,models/rav4_plugin_hybrid_options.md:37
2026,RAV4 Plug-in Hybrid,SE,4544,41500,Accessory package,Accessory Packages,Carpet Mat Package,339,,,models/rav4_plugin_hybrid_options.md:38
2026,RAV4 Plug-in Hybrid,SE,4544,41500,Accessory package,Accessory Packages,Fog Light Graphics and Lower Body G*...,400,,name truncated as shown,models/rav4_plugin_hybrid_options.md:39
2026,RAV4 Plug-in Hybrid,SE,4544,41500,Accessory package,Accessory Packages,Fog Light Graphics and Lower Body G*...,400,,name truncated as shown; second entry,models/rav4_plugin_hybrid_options.md:40
2026,RAV4 Plug-in Hybrid,SE,4544,41500,Accessory package,Accessory Packages,Full Graphics Package: Gray,600,,,models/rav4_plugin_hybrid_options.md:41
2026,RAV4 Plug-in Hybrid,SE,4544,41500,Accessory package,Accessory Packages,Full Graphics Package: Matte Black,600,,,models/rav4_plugin_hybrid_options.md:42
2026,RAV4 Plug-in Hybrid,SE,4544,41500,Accessory package,Accessory Packages,Illumination Package,725,,,models/rav4_plugin_hybrid_options.md:43
2026,RAV4 Plug-in Hybrid,SE,4544,41500,Accessory package,Accessory Packages,Lower Body and Hood Graphics Packag*...,400,,name truncated as shown,models/rav4_plugin_hybrid_options.md:44
2026,RAV4 Plug-in Hybrid,SE,4544,41500,Accessory package,Accessory Packages,Lower Body and Hood Graphics Packag*...,400,,name truncated as shown; second entry,models/rav4_plugin_hybrid_options.md:45
2026,RAV4 Plug-in Hybrid,SE,4544,41500,Accessory package,Accessory Packages,Protection Package,675,,,models/rav4_plugin_hybrid_options.md:46
2026,RAV4 Plug-in Hybrid,Woodland,4537,45300,Base,,Base MSRP,45300,,"Delivery, Processing and Handling Fee $1,595 not included",models/rav4_plugin_hybrid_options.md:49
2026,RAV4 Plug-in Hybrid,Woodland,4537,45300,Powertrain,Engine,2.5L 4-Cyl. Plug-in Hybrid Engine,0,,only; no price,models/rav4_plugin_hybrid_options.md:50
2026,RAV4 Plug-in Hybrid,Woodland,4537,45300,Drivetrain,,All-Wheel Drive,0,,only; no price,models/rav4_plugin_hybrid_options.md:51
2026,RAV4 Plug-in Hybrid,Woodland,4537,45300,Powertrain,Transmission,Electronically controlled Continuously Variable Transmission (ECVT),0,,only; no price,models/rav4_plugin_hybrid_options.md:52
2026,RAV4 Plug-in Hybrid,Woodland,4537,45300,Exterior color,,Midnight Black Metallic,0,,no price,models/rav4_plugin_hybrid_options.md:53
2026,RAV4 Plug-in Hybrid,Woodland,4537,45300,Exterior color,,Everest,0,,no price,models/rav4_plugin_hybrid_options.md:53
2026,RAV4 Plug-in Hybrid,Woodland,4537,45300,Exterior color,,Urban Rock,0,,no price; default,models/rav4_plugin_hybrid_options.md:53
2026,RAV4 Plug-in Hybrid,Woodland,4537,45300,Exterior color,,Ice Cap,0,,no price,models/rav4_plugin_hybrid_options.md:53
2026,RAV4 Plug-in Hybrid,Woodland,4537,45300,Exterior color,,Storm Cloud,0,,no price,models/rav4_plugin_hybrid_options.md:53
2026,RAV4 Plug-in Hybrid,Woodland,4537,45300,Interior,,Mineral SofTex® trim,0,,no price,models/rav4_plugin_hybrid_options.md:54
2026,RAV4 Plug-in Hybrid,Woodland,4537,45300,Interior,,Black SofTex® trim,0,,no price; default,models/rav4_plugin_hybrid_options.md:54
2026,RAV4 Plug-in Hybrid,Woodland,4537,45300,Factory package,,Moonroof,850,Power tilt/slide moonroof with one-touch open/close,,models/rav4_plugin_hybrid_options.md:56
2026,RAV4 Plug-in Hybrid,Woodland,4537,45300,Accessory package,Accessory Packages,Illumination Package,725,,,models/rav4_plugin_hybrid_options.md:59
2026,RAV4 Plug-in Hybrid,Woodland,4537,45300,Accessory package,Accessory Packages,Lower Body and Hood Graphics Packag*...,400,,name truncated as shown,models/rav4_plugin_hybrid_options.md:60
2026,RAV4 Plug-in Hybrid,Woodland,4537,45300,Accessory package,Accessory Packages,Lower Body and Hood Graphics Packag*...,400,,name truncated as shown; second entry,models/rav4_plugin_hybrid_options.md:61
2026,RAV4 Plug-in Hybrid,Woodland,4537,45300,Accessory package,Accessory Packages,Protection Package,675,,,models/rav4_plugin_hybrid_options.md:62
2026,RAV4 Plug-in Hybrid,XSE,4550,47200,Base,,Base MSRP,47200,,"Delivery, Processing and Handling Fee $1,595 not included",models/rav4_plugin_hybrid_options.md:65
2026,RAV4 Plug-in Hybrid,XSE,4550,47200,Powertrain,Engine,2.5L 4-Cyl. Plug-in Hybrid Engine,0,,only; no price,models/rav4_plugin_hybrid_options.md:66
2026,RAV4 Plug-in Hybrid,XSE,4550,47200,Drivetrain,,All-Wheel Drive,0,,only; no price,models/rav4_plugin_hybrid_options.md:67
2026,RAV4 Plug-in Hybrid,XSE,4550,47200,Powertrain,Transmission,Electronically controlled Continuously Variable Transmission (ECVT),0,,only; no price,models/rav4_plugin_hybrid_options.md:68
2026,RAV4 Plug-in Hybrid,XSE,4550,47200,Exterior color,Two-tone,Midnight Black Metallic,0,,no price,models/rav4_plugin_hybrid_options.md:70
2026,RAV4 Plug-in Hybrid,XSE,4550,47200,Exterior color,Two-tone,Storm Cloud with Midnight Black Metallic roof,500,,*,models/rav4_plugin_hybrid_options.md:71
2026,RAV4 Plug-in Hybrid,XSE,4550,47200,Exterior color,Two-tone,Meteor Shower with Midnight Black Metallic roof,500,,*; default per Summary,models/rav4_plugin_hybrid_options.md:72
2026,RAV4 Plug-in Hybrid,XSE,4550,47200,Exterior color,Two-tone,Wind Chill Pearl with Midnight Black Metallic roof,975,,*,models/rav4_plugin_hybrid_options.md:73
2026,RAV4 Plug-in Hybrid,XSE,4550,47200,Interior,,Black/Blue SofTex®/fabric mixed media trim,0,,no price; only interior offered,models/rav4_plugin_hybrid_options.md:74
2026,RAV4 Plug-in Hybrid,XSE,4550,47200,Factory package,,Weather Package,375,Heated steering wheel; Windshield de-icer; Rain-sensing windshield wipers,,models/rav4_plugin_hybrid_options.md:76
2026,RAV4 Plug-in Hybrid,XSE,4550,47200,Factory package,,Driver Assist Package,1170,Advanced Park *; Toggle switch shift-by-wire shifter; Paddle shifters; Head-Up Display (HUD),Additional change(s) required,models/rav4_plugin_hybrid_options.md:77
2026,RAV4 Plug-in Hybrid,XSE,4550,47200,Factory package,,JBL® Premium Audio Package,620,JBL® * 9-speaker premium audio system including subwoofer,Additional change(s) required,models/rav4_plugin_hybrid_options.md:78
2026,RAV4 Plug-in Hybrid,XSE,4550,47200,Factory package,,Panoramic Moonroof,700,Panoramic glass roof with front power tilt/slide moonroof; Digital rearview mirror w/HomeLink® * garage door opener,Additional change(s) required,models/rav4_plugin_hybrid_options.md:79
2026,RAV4 Plug-in Hybrid,XSE,4550,47200,Accessory package,Accessory Packages,All-Weather Liner Package,339,,,models/rav4_plugin_hybrid_options.md:82
2026,RAV4 Plug-in Hybrid,XSE,4550,47200,Accessory package,Accessory Packages,Carpet Mat Package,339,,,models/rav4_plugin_hybrid_options.md:83
2026,RAV4 Plug-in Hybrid,XSE,4550,47200,Accessory package,Accessory Packages,Fog Light Graphics and Lower Body G*...,400,,name truncated as shown,models/rav4_plugin_hybrid_options.md:84
2026,RAV4 Plug-in Hybrid,XSE,4550,47200,Accessory package,Accessory Packages,Fog Light Graphics and Lower Body G*...,400,,name truncated as shown; second entry,models/rav4_plugin_hybrid_options.md:85
2026,RAV4 Plug-in Hybrid,XSE,4550,47200,Accessory package,Accessory Packages,Full Graphics Package: Gray,600,,,models/rav4_plugin_hybrid_options.md:86
2026,RAV4 Plug-in Hybrid,XSE,4550,47200,Accessory package,Accessory Packages,Full Graphics Package: Matte Black,600,,,models/rav4_plugin_hybrid_options.md:87
2026,RAV4 Plug-in Hybrid,XSE,4550,47200,Accessory package,Accessory Packages,Illumination Package,725,,,models/rav4_plugin_hybrid_options.md:88
2026,RAV4 Plug-in Hybrid,XSE,4550,47200,Accessory package,Accessory Packages,Lower Body and Hood Graphics Packag*...,400,,name truncated as shown,models/rav4_plugin_hybrid_options.md:89
2026,RAV4 Plug-in Hybrid,XSE,4550,47200,Accessory package,Accessory Packages,Lower Body and Hood Graphics Packag*...,400,,name truncated as shown; second entry,models/rav4_plugin_hybrid_options.md:90
2026,RAV4 Plug-in Hybrid,XSE,4550,47200,Accessory package,Accessory Packages,Protection Package,675,,,models/rav4_plugin_hybrid_options.md:91
2026,RAV4 Plug-in Hybrid,GR SPORT,4538,48500,Base,,Base MSRP,48500,,"Delivery, Processing and Handling Fee $1,595 not included",models/rav4_plugin_hybrid_options.md:94
2026,RAV4 Plug-in Hybrid,GR SPORT,4538,48500,Powertrain,Engine,2.5L 4-Cyl. Plug-in Hybrid Engine,0,,only; no price,models/rav4_plugin_hybrid_options.md:95
2026,RAV4 Plug-in Hybrid,GR SPORT,4538,48500,Drivetrain,,All-Wheel Drive,0,,only; no price,models/rav4_plugin_hybrid_options.md:96
2026,RAV4 Plug-in Hybrid,GR SPORT,4538,48500,Powertrain,Transmission,Electronically controlled Continuously Variable Transmission (ECVT),0,,only; no price,models/rav4_plugin_hybrid_options.md:97
2026,RAV4 Plug-in Hybrid,GR SPORT,4538,48500,Exterior color,Two-tone,Supersonic Red with Midnight Black Metallic roof,975,,*; default per Summary,models/rav4_plugin_hybrid_options.md:99
2026,RAV4 Plug-in Hybrid,GR SPORT,4538,48500,Exterior color,Two-tone,Midnight Black Metallic,0,,no price,models/rav4_plugin_hybrid_options.md:100
2026,RAV4 Plug-in Hybrid,GR SPORT,4538,48500,Exterior color,Two-tone,Storm Cloud with Midnight Black Metallic roof,500,,*,models/rav4_plugin_hybrid_options.md:101
2026,RAV4 Plug-in Hybrid,GR SPORT,4538,48500,Exterior color,Two-tone,Wind Chill Pearl with Midnight Black Metallic roof,975,,*,models/rav4_plugin_hybrid_options.md:102
2026,RAV4 Plug-in Hybrid,GR SPORT,4538,48500,Interior,,Black/Red Ultrasuede® * & SofTex® trim,0,,no price; only interior offered; default,models/rav4_plugin_hybrid_options.md:103
2026,RAV4 Plug-in Hybrid,GR SPORT,4538,48500,Factory package,,All-Season Tires,0,235/50R20 all-season tires *,No Additional Cost,models/rav4_plugin_hybrid_options.md:105
2026,RAV4 Plug-in Hybrid,GR SPORT,4538,48500,Accessory package,Accessory Packages,Illumination Package,725,,,models/rav4_plugin_hybrid_options.md:108
2026,RAV4 Plug-in Hybrid,GR SPORT,4538,48500,Accessory package,Accessory Packages,Lower Body and Hood Graphics Packag*...,400,,name truncated as shown,models/rav4_plugin_hybrid_options.md:109
2026,RAV4 Plug-in Hybrid,GR SPORT,4538,48500,Accessory package,Accessory Packages,Lower Body and Hood Graphics Packag*...,400,,name truncated as shown; second entry,models/rav4_plugin_hybrid_options.md:110
2026,RAV4 Plug-in Hybrid,GR SPORT,4538,48500,Accessory package,Accessory Packages,Protection Package,675,,,models/rav4_plugin_hybrid_options.md:111
2026,RAV4,LE,4521,31900,Base,,Base MSRP,31900,,"Delivery/processing $1,595 not included",rav4_2026_options_by_trim.csv
2026,RAV4,LE,4521,31900,Drivetrain,,All-Wheel Drive,1400,,FWD standard,rav4_2026_options_by_trim.csv
2026,RAV4,LE,4521,31900,Exterior color,,Meteor Shower,0,,,rav4_2026_options_by_trim.csv
2026,RAV4,LE,4521,31900,Exterior color,,Storm Cloud,0,,,rav4_2026_options_by_trim.csv
2026,RAV4,LE,4521,31900,Exterior color,,Midnight Black Metallic,0,,,rav4_2026_options_by_trim.csv
2026,RAV4,LE,4521,31900,Exterior color,,Ruby Flare Pearl,475,,,rav4_2026_options_by_trim.csv
2026,RAV4,LE,4521,31900,Exterior color,,Ice Cap,0,,default,rav4_2026_options_by_trim.csv
2026,RAV4,LE,4521,31900,Interior,,Black fabric,0,,,rav4_2026_options_by_trim.csv
2026,RAV4,LE,4521,31900,Accessory package,Accessory Packages,All-Weather Liner Package,339,,Installed,rav4_2026_options_by_trim.csv
2026,RAV4,LE,4521,31900,Accessory package,Accessory Packages,Carpet Mat Package,339,,Installed,rav4_2026_options_by_trim.csv
2026,RAV4,LE,4521,31900,Accessory package,Accessory Packages,Full Graphics Package: Gray or Black,600,,Installed,rav4_2026_options_by_trim.csv
2026,RAV4,LE,4521,31900,Accessory package,Accessory Packages,Illumination Package,1150,,Installed,rav4_2026_options_by_trim.csv
2026,RAV4,LE,4521,31900,Accessory package,Accessory Packages,Preferred Accessory Package w/ All-Weather Floor Liners,434,,Installed,rav4_2026_options_by_trim.csv
2026,RAV4,LE,4521,31900,Accessory package,Accessory Packages,Preferred Accessory Package w/ Carpet Mats,434,,Installed,rav4_2026_options_by_trim.csv
2026,RAV4,LE,4521,31900,Accessory package,Accessory Packages,Protection Package: Chrome,675,,Installed,rav4_2026_options_by_trim.csv
2026,RAV4,LE,4521,31900,Accessory package,Accessory Packages,Protection Plus Package,1219,,as displayed; added from models/rav4_options.md (missing from rav4_2026_options_by_trim.csv),models/rav4_options.md:44
2026,RAV4,SE,4523,34700,Base,,Base MSRP,34700,,"Delivery/processing $1,595 not included",rav4_2026_options_by_trim.csv
2026,RAV4,SE,4523,34700,Drivetrain,,All-Wheel Drive,1400,,FWD standard,rav4_2026_options_by_trim.csv
2026,RAV4,SE,4523,34700,Exterior color,,Meteor Shower,0,,,rav4_2026_options_by_trim.csv
2026,RAV4,SE,4523,34700,Exterior color,,Storm Cloud,0,,,rav4_2026_options_by_trim.csv
2026,RAV4,SE,4523,34700,Exterior color,,Midnight Black Metallic,0,,,rav4_2026_options_by_trim.csv
2026,RAV4,SE,4523,34700,Exterior color,,Blueprint,0,,default,rav4_2026_options_by_trim.csv
2026,RAV4,SE,4523,34700,Exterior color,,Ice Cap,0,,,rav4_2026_options_by_trim.csv
2026,RAV4,SE,4523,34700,Interior,,Black/Blue fabric,0,,,rav4_2026_options_by_trim.csv
2026,RAV4,SE,4523,34700,Factory package,,Convenience Package,400,,Additional change(s) required,rav4_2026_options_by_trim.csv
2026,RAV4,SE,4523,34700,Factory package,,Weather Package,375,,,rav4_2026_options_by_trim.csv
2026,RAV4,SE,4523,34700,Factory package,,Moonroof Package,850,,Additional change(s) required,rav4_2026_options_by_trim.csv
2026,RAV4,SE,4523,34700,Accessory package,Accessory Packages,All-Weather Liner Package,339,,Installed,rav4_2026_options_by_trim.csv
2026,RAV4,SE,4523,34700,Accessory package,Accessory Packages,Carpet Mat Package,339,,Installed,rav4_2026_options_by_trim.csv
2026,RAV4,SE,4523,34700,Accessory package,Accessory Packages,Full Graphics Package: Gray or Black,600,,Installed,rav4_2026_options_by_trim.csv
2026,RAV4,SE,4523,34700,Accessory package,Accessory Packages,Illumination Package,1150,,Installed,rav4_2026_options_by_trim.csv
2026,RAV4,SE,4523,34700,Accessory package,Accessory Packages,Preferred Accessory Package w/ All-Weather Floor Liners,434,,Installed,rav4_2026_options_by_trim.csv
2026,RAV4,SE,4523,34700,Accessory package,Accessory Packages,Preferred Accessory Package w/ Carpet Mats,434,,Installed,rav4_2026_options_by_trim.csv
2026,RAV4,SE,4523,34700,Accessory package,Accessory Packages,Protection Package: Black Chrome,675,,Installed,rav4_2026_options_by_trim.csv
2026,RAV4,SE,4523,34700,Accessory package,Accessory Packages,Protection Plus Package,1219,,as displayed; added from models/rav4_options.md (missing from rav4_2026_options_by_trim.csv),models/rav4_options.md:66
2026,RAV4,XLE Premium,4527,36100,Base,,Base MSRP,36100,,"Delivery/processing $1,595 not included",rav4_2026_options_by_trim.csv
2026,RAV4,XLE Premium,4527,36100,Drivetrain,,All-Wheel Drive,1400,,FWD standard,rav4_2026_options_by_trim.csv
2026,RAV4,XLE Premium,4527,36100,Exterior color,,Meteor Shower,0,,default,rav4_2026_options_by_trim.csv
2026,RAV4,XLE Premium,4527,36100,Exterior color,,Wind Chill Pearl,475,,,rav4_2026_options_by_trim.csv
2026,RAV4,XLE Premium,4527,36100,Exterior color,,Storm Cloud,0,,,rav4_2026_options_by_trim.csv
2026,RAV4,XLE Premium,4527,36100,Exterior color,,Midnight Black Metallic,0,,,rav4_2026_options_by_trim.csv
2026,RAV4,XLE Premium,4527,36100,Exterior color,,Ruby Flare Pearl,475,,,rav4_2026_options_by_trim.csv
2026,RAV4,XLE Premium,4527,36100,Exterior color,,Blueprint,0,,,rav4_2026_options_by_trim.csv
2026,RAV4,XLE Premium,4527,36100,Exterior color,,Ice Cap,0,,,rav4_2026_options_by_trim.csv
2026,RAV4,XLE Premium,4527,36100,Interior,,Light Gray SofTex® trim,0,,default,rav4_2026_options_by_trim.csv
2026,RAV4,XLE Premium,4527,36100,Interior,,Black SofTex® trim,0,,,rav4_2026_options_by_trim.csv
2026,RAV4,XLE Premium,4527,36100,Interior,,Harvest Beige SofTex® trim,0,,,rav4_2026_options_by_trim.csv
2026,RAV4,XLE Premium,4527,36100,Factory package,,Weather Package,375,Heated leather steering wheel; Rain-sensing variable intermittent windshield wipers with de-icer function,,rav4_2026_options_by_trim.csv
2026,RAV4,XLE Premium,4527,36100,Factory package,,XLE Driver Assist Package,650,"Front Cross-Traffic Alert (FCTA); Lane Change Assist (LCA); Traffic Jam Assist (TJA); Driver Monitor (listed as ""Driver Monitor"")",Additional change(s) required,rav4_2026_options_by_trim.csv
2026,RAV4,XLE Premium,4527,36100,Factory package,,Panoramic Moonroof Package,1850,Panoramic glass roof with front power tilt/slide moonroof; Digital rearview mirror w/HomeLink® garage door opener,Additional change(s) required,rav4_2026_options_by_trim.csv
2026,RAV4,XLE Premium,4527,36100,Accessory package,Accessory Packages,All-Weather Liner Package,339,,Installed,rav4_2026_options_by_trim.csv
2026,RAV4,XLE Premium,4527,36100,Accessory package,Accessory Packages,Carpet Mat Package,339,,Installed,rav4_2026_options_by_trim.csv
2026,RAV4,XLE Premium,4527,36100,Accessory package,Accessory Packages,Full Graphics Package: Gray or Black,600,,Installed,rav4_2026_options_by_trim.csv
2026,RAV4,XLE Premium,4527,36100,Accessory package,Accessory Packages,Illumination Package,1150,,Installed,rav4_2026_options_by_trim.csv
2026,RAV4,XLE Premium,4527,36100,Accessory package,Accessory Packages,Preferred Accessory Package w/ All-Weather Floor Liners,434,,Installed,rav4_2026_options_by_trim.csv
2026,RAV4,XLE Premium,4527,36100,Accessory package,Accessory Packages,Preferred Accessory Package w/ Carpet Mats,434,,Installed,rav4_2026_options_by_trim.csv
2026,RAV4,XLE Premium,4527,36100,Accessory package,Accessory Packages,Protection Package: Chrome,675,,Installed,rav4_2026_options_by_trim.csv
2026,RAV4,XLE Premium,4527,36100,Accessory package,Accessory Packages,Protection Plus Package,1219,,as displayed; added from models/rav4_options.md (missing from rav4_2026_options_by_trim.csv),models/rav4_options.md:88
2026,RAV4,Woodland,4437,39900,Base,,Base MSRP,39900,,"Delivery/processing $1,595 not included",rav4_2026_options_by_trim.csv
2026,RAV4,Woodland,4437,39900,Drivetrain,,All-Wheel Drive,0,,Standard (only drivetrain),rav4_2026_options_by_trim.csv
2026,RAV4,Woodland,4437,39900,Exterior color,,Everest,0,,,rav4_2026_options_by_trim.csv
2026,RAV4,Woodland,4437,39900,Exterior color,,Urban Rock,0,,default,rav4_2026_options_by_trim.csv
2026,RAV4,Woodland,4437,39900,Exterior color,,Storm Cloud,0,,,rav4_2026_options_by_trim.csv
2026,RAV4,Woodland,4437,39900,Exterior color,,Midnight Black Metallic,0,,,rav4_2026_options_by_trim.csv
2026,RAV4,Woodland,4437,39900,Exterior color,,Ice Cap,0,,,rav4_2026_options_by_trim.csv
2026,RAV4,Woodland,4437,39900,Interior,,Mineral SofTex® trim,0,,default,rav4_2026_options_by_trim.csv
2026,RAV4,Woodland,4437,39900,Interior,,Black SofTex® trim,0,,,rav4_2026_options_by_trim.csv
2026,RAV4,Woodland,4437,39900,Factory package,,Moonroof Package,850,Power tilt/slide moonroof with one-touch open/close,,rav4_2026_options_by_trim.csv
2026,RAV4,Woodland,4437,39900,Accessory package,Accessory Packages,Illumination Package,1150,,Installed,rav4_2026_options_by_trim.csv
2026,RAV4,Woodland,4437,39900,Accessory package,Accessory Packages,Protection Package:Black Chrome,675,,added from models/rav4_options.md (missing from rav4_2026_options_by_trim.csv),models/rav4_options.md:102
2026,RAV4,XSE,4530,41300,Base,,Base MSRP,41300,,"Delivery/processing $1,595 not included",rav4_2026_options_by_trim.csv
2026,RAV4,XSE,4530,41300,Drivetrain,,All-Wheel Drive,0,,Standard (only drivetrain),rav4_2026_options_by_trim.csv
2026,RAV4,XSE,4530,41300,Exterior color,,Storm Cloud with Midnight Black Metallic roof,500,,,rav4_2026_options_by_trim.csv
2026,RAV4,XSE,4530,41300,Exterior color,,Midnight Black Metallic,0,,,rav4_2026_options_by_trim.csv
2026,RAV4,XSE,4530,41300,Exterior color,,Wind Chill Pearl with Midnight Black Metallic roof,975,,default,rav4_2026_options_by_trim.csv
2026,RAV4,XSE,4530,41300,Exterior color,,Meteor Shower with Midnight Black Metallic roof,500,,,rav4_2026_options_by_trim.csv
2026,RAV4,XSE,4530,41300,Interior,,Black/Blue SofTex®/fabric mixed media trim,0,,,rav4_2026_options_by_trim.csv
2026,RAV4,XSE,4530,41300,Factory package,,Weather Package,375,Heated leather steering wheel; Rain-sensing variable intermittent windshield wipers with de-icer function,,rav4_2026_options_by_trim.csv
2026,RAV4,XSE,4530,41300,Factory package,,XSE Driver Assist Package,420,Advanced Park (* disclaimer); Toggle switch shift-by-wire shifter,Additional change(s) required,rav4_2026_options_by_trim.csv
2026,RAV4,XSE,4530,41300,Factory package,,JBL® Premium Audio Package,620,JBL® 9-speaker Premium Audio system including subwoofer,Additional change(s) required,rav4_2026_options_by_trim.csv
2026,RAV4,XSE,4530,41300,Factory package,,Panoramic Moonroof Package,700,Panoramic glass roof with front power tilt/slide moonroof; Digital rearview mirror w/HomeLink® garage door opener,Additional change(s) required,rav4_2026_options_by_trim.csv
2026,RAV4,XSE,4530,41300,Accessory package,Accessory Packages,All-Weather Liner Package,339,,Installed,rav4_2026_options_by_trim.csv
2026,RAV4,XSE,4530,41300,Accessory package,Accessory Packages,Carpet Mat Package,339,,Installed,rav4_2026_options_by_trim.csv
2026,RAV4,XSE,4530,41300,Accessory package,Accessory Packages,Full Graphics Package: Gray or Black,600,,Installed,rav4_2026_options_by_trim.csv
2026,RAV4,XSE,4530,41300,Accessory package,Accessory Packages,Illumination Package,1150,,Installed,rav4_2026_options_by_trim.csv
2026,RAV4,XSE,4530,41300,Accessory package,Accessory Packages,Preferred Accessory Package w/ All-Weather Floor Liners,434,,Installed,rav4_2026_options_by_trim.csv
2026,RAV4,XSE,4530,41300,Accessory package,Accessory Packages,Preferred Accessory Package w/ Carpet Mats,434,,Installed,rav4_2026_options_by_trim.csv
2026,RAV4,XSE,4530,41300,Accessory package,Accessory Packages,Protection Package: Black Chrome,675,,Installed,rav4_2026_options_by_trim.csv
2026,RAV4,XSE,4530,41300,Accessory package,Accessory Packages,Protection Plus Package,1219,,as displayed; added from models/rav4_options.md (missing from rav4_2026_options_by_trim.csv),models/rav4_options.md:129
2026,RAV4,Limited,4534,43300,Base,,Base MSRP,43300,,"Delivery/processing $1,595 not included",rav4_2026_options_by_trim.csv
2026,RAV4,Limited,4534,43300,Exterior color,,Meteor Shower,0,,,rav4_2026_options_by_trim.csv
2026,RAV4,Limited,4534,43300,Exterior color,,Wind Chill Pearl,475,,,rav4_2026_options_by_trim.csv
2026,RAV4,Limited,4534,43300,Exterior color,,Storm Cloud,0,,default,rav4_2026_options_by_trim.csv
2026,RAV4,Limited,4534,43300,Exterior color,,Midnight Black Metallic,0,,,rav4_2026_options_by_trim.csv
2026,RAV4,Limited,4534,43300,Exterior color,,Ruby Flare Pearl,475,,,rav4_2026_options_by_trim.csv
2026,RAV4,Limited,4534,43300,Exterior color,,Blueprint,0,,,rav4_2026_options_by_trim.csv
2026,RAV4,Limited,4534,43300,Interior,,Harvest Beige SofTex® trim,0,,,rav4_2026_options_by_trim.csv
2026,RAV4,Limited,4534,43300,Interior,,Black SofTex® trim,0,,,rav4_2026_options_by_trim.csv
2026,RAV4,Limited,4534,43300,Interior,,Light Gray SofTex® trim,0,,,rav4_2026_options_by_trim.csv
2026,RAV4,Limited,4534,43300,Drivetrain,,All-Wheel Drive,0,,Standard (only drivetrain),rav4_2026_options_by_trim.csv
2026,RAV4,Limited,4534,43300,Factory package,,20-In. Wheel Package,1240,20-in. wheels with 235/50R20 All-Season tires; Larger 165/90D18 spare tire/wheel combo,Additional change(s) required,rav4_2026_options_by_trim.csv
2026,RAV4,Limited,4534,43300,Factory option,,10-In. Color Head-Up Display (HUD),600,10-in. color Head-Up Display (HUD),,rav4_2026_options_by_trim.csv
2026,RAV4,Limited,4534,43300,Accessory package,Accessory Packages,All-Weather Liner Package,339,,Installed,rav4_2026_options_by_trim.csv
2026,RAV4,Limited,4534,43300,Accessory package,Accessory Packages,Carpet Mat Package,339,,Installed,rav4_2026_options_by_trim.csv
2026,RAV4,Limited,4534,43300,Accessory package,Accessory Packages,Full Graphics Package: Gray or Black,600,,Installed,rav4_2026_options_by_trim.csv
2026,RAV4,Limited,4534,43300,Accessory package,Accessory Packages,Illumination Package,1150,,Installed,rav4_2026_options_by_trim.csv
2026,RAV4,Limited,4534,43300,Accessory package,Accessory Packages,Preferred Accessory Package w/ All-Weather Floor Liners,434,,Installed,rav4_2026_options_by_trim.csv
2026,RAV4,Limited,4534,43300,Accessory package,Accessory Packages,Preferred Accessory Package w/ Carpet Mats,434,,Installed,rav4_2026_options_by_trim.csv
2026,RAV4,Limited,4534,43300,Accessory package,Accessory Packages,Protection Package: Chrome,675,,Installed,rav4_2026_options_by_trim.csv
2026,RAV4,Limited,4534,43300,Accessory package,Accessory Packages,Protection Plus Package,1219,,as displayed; added from models/rav4_options.md (missing from rav4_2026_options_by_trim.csv),models/rav4_options.md:150
2027,bZ Woodland,bZ Woodland,2860,45380,Base,,Base MSRP,45380,,"Delivery, Processing and Handling Fee $1,595 not included",models/bz_woodland_options.md:22
2027,bZ Woodland,bZ Woodland,2860,45380,Powertrain,Engine,Dual Electric Motors,0,,only; no price,models/bz_woodland_options.md:23
2027,bZ Woodland,bZ Woodland,2860,45380,Drivetrain,,All-Wheel Drive,0,,only; no price,models/bz_woodland_options.md:24
2027,bZ Woodland,bZ Woodland,2860,45380,Powertrain,Transmission,1-Speed Automatic Transmission,0,,only; no price,models/bz_woodland_options.md:25
2027,bZ Woodland,bZ Woodland,2860,45380,Exterior color,,Stepping Stone,0,,no price,models/bz_woodland_options.md:26
2027,bZ Woodland,bZ Woodland,2860,45380,Exterior color,,Raven,0,,no price,models/bz_woodland_options.md:26
2027,bZ Woodland,bZ Woodland,2860,45380,Exterior color,,Halo,475,,*,models/bz_woodland_options.md:26
2027,bZ Woodland,bZ Woodland,2860,45380,Exterior color,,Pavement,0,,no price,models/bz_woodland_options.md:26
2027,bZ Woodland,bZ Woodland,2860,45380,Exterior color,,Steel,0,,no price,models/bz_woodland_options.md:26
2027,bZ Woodland,bZ Woodland,2860,45380,Exterior color,,Trueno Blue,0,,no price; default,models/bz_woodland_options.md:26
2027,bZ Woodland,bZ Woodland,2860,45380,Interior,,Stone Brown SofTex® trim,0,,no price; default,models/bz_woodland_options.md:27
2027,bZ Woodland,bZ Woodland,2860,45380,Interior,,Black SofTex® trim,0,,no price,models/bz_woodland_options.md:27
2027,bZ Woodland,bZ Woodland,2860,45380,Factory option,,235/65R18 All-Terrain Tires,0,,No Additional Cost,models/bz_woodland_options.md:30
2027,bZ Woodland,bZ Woodland,2860,45380,Accessory package,Accessory Packages,Adventure Tow Package,1268,,as displayed,models/bz_woodland_options.md:32
2027,bZ Woodland,bZ Woodland,2860,45380,Accessory package,Accessory Packages,Tow Hitch Package,1174,,,models/bz_woodland_options.md:33
2027,bZ Woodland,bZ Woodland Premium,2861,47480,Base,,Base MSRP,47480,,"Delivery, Processing and Handling Fee $1,595 not included",models/bz_woodland_options.md:36
2027,bZ Woodland,bZ Woodland Premium,2861,47480,Powertrain,Engine,Dual Electric Motors,0,,only; no price,models/bz_woodland_options.md:37
2027,bZ Woodland,bZ Woodland Premium,2861,47480,Drivetrain,,All-Wheel Drive,0,,only; no price,models/bz_woodland_options.md:38
2027,bZ Woodland,bZ Woodland Premium,2861,47480,Powertrain,Transmission,1-Speed Automatic Transmission,0,,only; no price,models/bz_woodland_options.md:39
2027,bZ Woodland,bZ Woodland Premium,2861,47480,Exterior color,,Stepping Stone,0,,no price; default,models/bz_woodland_options.md:40
2027,bZ Woodland,bZ Woodland Premium,2861,47480,Exterior color,,Raven,0,,no price,models/bz_woodland_options.md:40
2027,bZ Woodland,bZ Woodland Premium,2861,47480,Exterior color,,Halo,475,,*,models/bz_woodland_options.md:40
2027,bZ Woodland,bZ Woodland Premium,2861,47480,Exterior color,,Pavement,0,,no price,models/bz_woodland_options.md:40
2027,bZ Woodland,bZ Woodland Premium,2861,47480,Exterior color,,Steel,0,,no price,models/bz_woodland_options.md:40
2027,bZ Woodland,bZ Woodland Premium,2861,47480,Exterior color,,Trueno Blue,0,,no price,models/bz_woodland_options.md:40
2027,bZ Woodland,bZ Woodland Premium,2861,47480,Interior,,Stone Brown SofTex® trim,0,,no price; default,models/bz_woodland_options.md:41
2027,bZ Woodland,bZ Woodland Premium,2861,47480,Interior,,Black SofTex® trim,0,,no price,models/bz_woodland_options.md:41
2027,bZ Woodland,bZ Woodland Premium,2861,47480,Factory option,,235/65R18 All-Terrain Tires,0,,No Additional Cost,models/bz_woodland_options.md:44
2027,bZ Woodland,bZ Woodland Premium,2861,47480,Accessory package,Accessory Packages,Adventure Tow Package,1268,,as displayed,models/bz_woodland_options.md:46
2027,bZ Woodland,bZ Woodland Premium,2861,47480,Accessory package,Accessory Packages,Tow Hitch Package,1174,,,models/bz_woodland_options.md:47
2026,Mirai,,,,Base,,Not buildable,,,"Not buildable on configurator (California only); configurator page shows California-only message, no trims/MSRPs/options recorded. Hub card lists Starting MSRP $51,795 (not a build price)",models/mirai_options.md
